https://changwhaj.github.io/exam-assets/exam/aws/DOP_C02/DOP2-Q0001.html,"정답: A

설명:
Lambda 함수에서 API 작업 이름, 응답 코드, 버전 번호를 Amazon CloudWatch Logs 로그 그룹에 기록하고, CloudWatch Logs 메트릭 필터를 설정하여 메트릭을 생성하는 방식이 가장 적합합니다. 이 방식은 요구사항을 충족하면서도 추가적인 인프라 구성 없이 간단하게 설정할 수 있습니다.

로그 데이터를 기반으로 메트릭 필터를 생성하면, 특정 API 작업 이름과 응답 코드, 애플리케이션 버전에 따라 메트릭을 분리하여 추적할 수 있습니다. 이는 각 애플리케이션 버전의 성능과 오류 발생률을 효과적으로 분석할 수 있도록 돕습니다.

다른 옵션들과 비교했을 때, B와 C는 로그 분석 및 메트릭 추출의 복잡성을 높이고, D는 불필요하게 복잡한 AWS X-Ray 설정을 요구합니다. A는 실시간 메트릭 생성과 비용 효율성을 모두 충족하는 최적의 선택입니다."
https://changwhaj.github.io/exam-assets/exam/aws/DOP_C02/DOP2-Q0002.html,"정답: C

설명:
Lambda 함수의 프로비저닝된 동시성을 설정하고 AWS Application Auto Scaling을 활용하여 동시성 값을 자동으로 조정하면, 콜드 스타트 문제를 효과적으로 해결할 수 있습니다. 트래픽이 적은 시간대에는 리소스를 축소하고, 요청이 급증하는 시간대에는 동시성을 확장하여 사용자 경험을 개선할 수 있습니다.

프로비저닝된 동시성은 Lambda 함수가 항상 준비된 인스턴스를 유지하도록 보장하며, 초기 요청 처리 시 발생하는 지연 시간을 제거합니다. 특히, 급증하는 트래픽에도 안정적으로 서비스를 제공할 수 있어 사용자가 콜드 스타트로 인한 성능 저하를 겪지 않도록 합니다.

다른 옵션들과 비교했을 때, A와 B는 동시성 문제를 완전히 해결하지 못하며, D는 AWS Lambda의 동시성 문제를 직접적으로 해결하지 못합니다. 따라서 C가 요구사항을 충족하는 가장 적합한 솔루션입니다."
https://changwhaj.github.io/exam-assets/exam/aws/DOP_C02/DOP2-Q0003.html,"정답: B

설명:
AWS CodeDeploy는 배포 시 다양한 환경 변수를 제공합니다. 그 중 DEPLOYMENT_GROUP_NAME 환경 변수를 사용하면 현재 인스턴스가 속한 배포 그룹의 이름을 식별할 수 있습니다. 이를 활용하여 스크립트를 작성하면, 배포 그룹에 따라 로그 수준 설정을 동적으로 조정할 수 있습니다. 이 스크립트를 appspec.yml 파일의 BeforeInstall 라이프사이클 후크에 포함시키면, 애플리케이션 설치 전에 로그 설정을 원하는 대로 구성할 수 있습니다.

이 접근 방식은 각 배포 그룹마다 별도의 애플리케이션 개정을 만들 필요 없이, 동일한 스크립트를 사용하여 배포 그룹별로 다른 로그 설정을 적용할 수 있어 관리 오버헤드를 최소화합니다. 또한, DEPLOYMENT_GROUP_NAME 환경 변수는 CodeDeploy에서 기본적으로 제공되므로 추가적인 설정 없이 바로 활용할 수 있습니다.

다른 옵션들과 비교해보면, A는 EC2 인스턴스에 태그를 지정하고 메타데이터 서비스를 호출하는 추가적인 복잡성이 있으며, C는 사용자 지정 환경 변수를 설정해야 하는 번거로움이 있습니다. D는 DEPLOYMENT_GROUP_ID를 사용하지만, Install 라이프사이클 후크에서 스크립트를 실행하므로 애플리케이션 설치 중에 로그 설정을 변경하게 되어 적절하지 않을 수 있습니다. 따라서, B가 가장 효율적이고 적합한 솔루션입니다."
https://changwhaj.github.io/exam-assets/exam/aws/DOP_C02/DOP2-Q0004.html,"정답: B

설명:
B는 AWS Config의 관리형 규칙을 사용하여 EC2::Volume 리소스에 Backup_Frequency 태그가 적용되지 않은 경우 규정 준수 실패로 표시합니다. 이 규칙은 EBS 볼륨에 태그가 누락된 상황을 자동으로 감지합니다. 또한, 사용자 지정 AWS Systems Manager Automation 런북을 통해 Backup_Frequency 태그를 'weekly' 값으로 자동 적용하는 수정 작업을 구성하여, 태그 누락 시 자동으로 태그를 추가합니다. 이 접근 방식은 자동화된 모니터링과 수정을 통해 인적 오류를 최소화하고, 회사의 백업 정책을 일관되게 유지할 수 있습니다.

다른 옵션들과 비교해보면, A는 사용자 지정 규칙을 생성해야 하므로 관리형 규칙을 사용하는 B보다 설정이 복잡합니다. C와 D는 AWS CloudTrail과 EventBridge를 사용하여 새로운 EBS 볼륨 생성 시 태그를 적용하지만, 기존에 태그가 누락된 볼륨을 처리하지 못할 수 있습니다. 따라서, B가 가장 효과적이고 적합한 솔루션입니다."
https://changwhaj.github.io/exam-assets/exam/aws/DOP_C02/DOP2-Q0005.html,"정답: A

설명:
현재 Amazon Aurora 클러스터는 단일 DB 인스턴스로 구성되어 있어 유지 관리 기간 동안 가용성에 영향을 받을 수 있습니다. 이를 개선하기 위해 리더 인스턴스를 추가하여 클러스터를 다중 인스턴스 구성으로 확장할 수 있습니다. 이렇게 하면 읽기 작업을 리더 인스턴스로 분산시켜 성능을 향상시키고, 유지 관리 중에도 가용성을 높일 수 있습니다.

애플리케이션은 쓰기 작업에 대해 클러스터 엔드포인트를 사용하도록 업데이트해야 합니다. 클러스터 엔드포인트는 항상 현재의 기본 인스턴스를 가리키므로, 쓰기 작업이 올바른 인스턴스로 전달됩니다. 이렇게 하면 기본 인스턴스의 변경이나 유지 관리 중에도 애플리케이션이 지속적으로 쓰기 작업을 수행할 수 있습니다.

또한, 읽기 작업에 대해서는 리더 엔드포인트를 사용하도록 애플리케이션을 업데이트해야 합니다. 리더 엔드포인트는 모든 리더 인스턴스를 가리키며, 읽기 작업을 자동으로 분산시켜 부하를 균형 있게 유지합니다. 이를 통해 유지 관리 중에도 읽기 작업의 가용성과 성능을 유지할 수 있습니다.

따라서, A는 유지 관리 기간 동안 최소한의 중단으로 클러스터의 가용성을 유지하기 위한 최적의 솔루션입니다."
https://changwhaj.github.io/exam-assets/exam/aws/DOP_C02/DOP2-Q0006.html,"정답: ADF

설명:
회사는 계정 간에 공유하는 모든 AMI를 암호화해야 합니다. 이를 위해 다음 단계를 수행해야 합니다:

암호화된 AMI 생성:

소스 계정에서 암호화되지 않은 AMI를 암호화된 AMI로 복사합니다. 이때, AWS Key Management Service(AWS KMS) 키를 지정하여 암호화를 수행합니다. 이를 통해 AMI가 암호화되어 저장됩니다.
KMS 키 정책 수정 및 권한 부여:

소스 계정의 KMS 키 정책을 수정하여 대상 계정에 권한을 부여합니다. 이를 통해 대상 계정이 해당 KMS 키를 사용하여 암호화된 AMI에 접근할 수 있도록 설정합니다.
암호화된 AMI 공유:

소스 계정에서 암호화된 AMI를 대상 계정과 공유합니다. 이를 통해 대상 계정의 Amazon EC2 Auto Scaling 그룹이 해당 AMI를 사용하여 EC2 인스턴스를 시작할 수 있습니다.
이러한 단계를 통해 회사는 계정 간에 공유되는 모든 AMI를 암호화하여 보안 요구 사항을 충족할 수 있습니다."
https://changwhaj.github.io/exam-assets/exam/aws/DOP_C02/DOP2-Q0007.html,"정답: AD

설명:
회사는 AWS CodePipeline을 사용하여 애플리케이션 릴리스를 자동화하고 있으며, 배포 단계를 AWS CodeDeploy로 처리하려고 합니다. 애플리케이션은 RPM 패키지로 패키징되어 있으며, Amazon EC2 Auto Scaling 그룹의 인스턴스에 배포되어야 합니다.

A는 CodeDeploy 에이전트가 설치된 새로운 AMI 버전을 생성하고, EC2 인스턴스의 IAM 역할을 업데이트하여 CodeDeploy에 대한 액세스를 허용하는 것을 제안합니다. 이는 EC2 인스턴스가 CodeDeploy와 통신하고 배포 지시를 받을 수 있도록 설정하는 데 필수적입니다.

D는 CodeDeploy에서 애플리케이션을 생성하고, 인플레이스 배포 유형을 구성하며, 배포 대상으로 Auto Scaling 그룹을 지정하고, CodePipeline 파이프라인을 업데이트하여 CodeDeploy 작업을 사용하여 애플리케이션을 배포하는 것을 제안합니다. 이 접근 방식은 Auto Scaling 그룹의 모든 인스턴스에 애플리케이션을 효율적으로 배포할 수 있도록 합니다.

따라서, A와 D의 조합이 회사의 요구 사항을 충족하는 최적의 솔루션입니다."
https://changwhaj.github.io/exam-assets/exam/aws/DOP_C02/DOP2-Q0008.html,"정답: AC

설명:
회사는 모든 외부 Application Load Balancer(ALB)와 Amazon API Gateway API에 AWS WAF 웹 ACL을 연결해야 합니다. 이를 위해 다음 단계를 수행할 수 있습니다:

AWS Firewall Manager를 보안 계정에 위임합니다.

AWS Firewall Manager는 조직 전체에서 WAF 규칙을 중앙에서 관리하고 적용할 수 있는 서비스입니다. 이를 사용하려면 먼저 보안 계정에 Firewall Manager를 위임해야 합니다.
AWS Firewall Manager 정책을 생성하여 새로 생성된 ALB 및 API Gateway API에 AWS WAF 웹 ACL을 연결합니다.

Firewall Manager 정책을 설정하여 조직 내에서 생성되는 새로운 ALB와 API Gateway API에 자동으로 WAF 웹 ACL이 적용되도록 구성할 수 있습니다. 이를 통해 보안 정책의 일관성을 유지하고, 수동 설정으로 인한 실수를 방지할 수 있습니다.
이러한 조치를 통해 회사는 조직 내 모든 계정에서 외부로 노출되는 ALB와 API Gateway API에 대해 일관된 WAF 정책을 적용하고, 향후 발생할 수 있는 보안 위반을 효과적으로 방지할 수 있습니다."
https://changwhaj.github.io/exam-assets/exam/aws/DOP_C02/DOP2-Q0009.html,"정답: C

설명:
회사는 AWS Key Management Service(AWS KMS) 키를 수동으로 순환하며, 보안 팀은 키가 90일 이상 교체되지 않은 경우 알림을 받기를 원합니다. 이를 달성하기 위해 AWS Config 사용자 지정 규칙을 개발하여, 키가 90일 이상 경과한 경우 Amazon Simple Notification Service(Amazon SNS) 주제로 알림을 게시할 수 있습니다. 이 접근 방식은 키의 상태를 지속적으로 모니터링하고, 규정 준수 요구 사항을 충족하는 데 효과적입니다.

다른 옵션들과 비교해보면:

A: AWS KMS는 키의 나이를 기준으로 직접적으로 SNS 주제로 알림을 게시하는 기능을 제공하지 않습니다.

B: AWS Trusted Advisor는 KMS 키의 순환 상태를 모니터링하는 특정 검사를 제공하지 않으므로, 이 접근 방식은 적합하지 않습니다.

D: AWS Security Hub는 주로 보안 결과를 집계하고 관리하는 데 중점을 두며, KMS 키의 수명을 모니터링하는 기능을 제공하지 않습니다.

따라서, C가 키 순환 주기를 모니터링하고, 90일 이상 교체되지 않은 키에 대해 알림을 제공하는 가장 적합한 솔루션입니다."
https://changwhaj.github.io/exam-assets/exam/aws/DOP_C02/DOP2-Q0010.html,"정답: C

설명:
보안 검토에서 AWS CodeBuild 프로젝트가 인증되지 않은 요청을 통해 Amazon S3 버킷에서 데이터베이스 초기화 스크립트를 다운로드하고 있다는 문제가 발견되었습니다. 이를 해결하기 위해 가장 안전한 방법은 다음과 같습니다:

S3 버킷 정책 수정: S3 버킷의 버킷 정책을 업데이트하여 인증되지 않은 액세스를 제거합니다. 이를 통해 승인된 사용자나 서비스만이 버킷에 접근할 수 있도록 제한합니다.

CodeBuild 서비스 역할 수정: CodeBuild 프로젝트의 서비스 역할에 Amazon S3에 대한 액세스 권한을 부여합니다. 이를 통해 CodeBuild가 인증된 방식으로 S3 버킷에 접근할 수 있습니다.

빌드 사양 업데이트: 빌드 스펙 파일을 수정하여 AWS CLI를 사용하여 데이터베이스 초기화 스크립트를 다운로드하도록 설정합니다. 이를 통해 인증된 요청을 통해 S3 버킷에서 스크립트를 가져올 수 있습니다.

이러한 조치를 통해 인증되지 않은 요청을 제거하고, CodeBuild 프로젝트가 안전하게 S3 버킷에 접근할 수 있습니다."
https://changwhaj.github.io/exam-assets/exam/aws/DOP_C02/DOP2-Q0011.html,"정답: BCF

설명:
회사의 DevOps 팀은 AWS IAM Identity Center(AWS Single Sign-On)를 외부 ID 공급자(IdP)와 통합하여 SAML 2.0을 구성하였습니다. 팀은 최소 권한 원칙을 적용하여 각 팀이 자신의 리소스만 빌드하고 관리할 수 있도록 하는 강력한 권한 모델을 원합니다. 이를 위해 다음 단계를 수행할 수 있습니다:

IdP에서 그룹 생성 및 사용자 할당 (C):

외부 IdP에서 그룹을 생성하고, 해당 그룹에 사용자를 배치합니다. 이 그룹은 특정 팀을 나타내며, 팀 구성원들을 포함합니다.
IAM Identity Center에서 속성 기반 액세스 제어 활성화 및 IdP 속성 매핑 (F):

IAM Identity Center에서 속성 기반 액세스 제어(ABAC)를 활성화합니다. 이를 통해 IdP에서 전달된 사용자 속성을 기반으로 AWS에서 액세스 권한을 제어할 수 있습니다. IdP에서 사용자 속성을 키-값 쌍으로 매핑하여, AWS에서 해당 속성을 인식하고 활용할 수 있도록 설정합니다.
권한 집합 생성 및 정책 첨부 (B):

IAM Identity Center에서 권한 집합을 생성하고, 필요한 권한을 포함하는 인라인 정책을 첨부합니다. 이 정책에서는 aws:PrincipalTag 조건 키를 사용하여 권한 범위를 지정합니다. 예를 들어, 팀의 리소스에 특정 태그(예: Team=Alpha)를 적용하고, 정책에서 해당 태그를 가진 리소스에만 액세스할 수 있도록 제한합니다.
이러한 단계를 통해 각 팀은 자신의 리소스에만 액세스할 수 있으며, 최소 권한 원칙을 효과적으로 적용할 수 있습니다. 속성 기반 액세스 제어를 활용하여 관리 효율성을 높이고, 권한 관리를 단순화할 수 있습니다."
https://changwhaj.github.io/exam-assets/exam/aws/DOP_C02/DOP2-Q0012.html,"정답: AD

설명:
전자상거래 회사의 주문 처리 시스템에서 주문 내역 페이지에 주문 처리 상태 반영이 지연되고 있습니다. 이 시스템은 예약된 동시성을 사용하는 AWS Lambda 함수로 구성되며, Lambda 함수는 Amazon SQS 대기열의 주문 메시지를 처리하고, 처리된 주문을 Amazon DynamoDB 테이블에 삽입합니다. DynamoDB 테이블에는 읽기 및 쓰기 용량에 대한 자동 조정이 활성화되어 있습니다.

이러한 지연을 해결하기 위해 DevOps 엔지니어는 다음 조치를 취해야 합니다:

SQS 대기열의 ApproximateAgeOfOldestMessage 지표 확인 및 Lambda 함수 동시성 제한 증가 (A):

ApproximateAgeOfOldestMessage 지표는 SQS 대기열에서 가장 오래된 메시지가 대기열에 머문 시간을 나타냅니다. 이 값이 높다면, 메시지가 대기열에서 오랜 시간 처리되지 않고 있음을 의미합니다. 이러한 경우, Lambda 함수의 동시성 제한을 늘려 더 많은 메시지를 동시에 처리할 수 있도록 하면 지연을 줄일 수 있습니다.
DynamoDB 테이블의 WriteThrottleEvents 지표 확인 및 최대 쓰기 용량 단위(WCU) 증가 (D):

WriteThrottleEvents 지표는 DynamoDB 테이블이 쓰기 요청을 제한(throttling)한 횟수를 나타냅니다. 이 값이 높다면, 테이블의 쓰기 용량이 충분하지 않아 일부 쓰기 요청이 제한되고 있음을 의미합니다. 비록 자동 조정이 활성화되어 있더라도, 최대 WCU 설정이 너무 낮으면 자동 조정이 충분한 용량을 제공하지 못할 수 있습니다. 따라서, 최대 WCU를 늘려 테이블이 더 많은 쓰기 작업을 처리할 수 있도록 해야 합니다.
이러한 조치를 통해 주문 처리 상태 반영의 지연 문제를 해결할 수 있습니다."
https://changwhaj.github.io/exam-assets/exam/aws/DOP_C02/DOP2-Q0013.html,"정답: B

설명:
회사는 모든 실행 중인 Amazon EC2 인스턴스에 EC2 인스턴스 프로필이 연결되도록 보장해야 합니다. 이를 위해 AWS Config의 관리형 규칙인 ec2-instance-profile-attached를 사용하여 EC2 인스턴스에 인스턴스 프로필이 연결되어 있는지 확인할 수 있습니다. 이 규칙을 구성 변경 시 트리거되도록 설정하고, 자동 수정 작업으로 AWS Systems Manager Automation 런북을 호출하여 인스턴스 프로필이 없는 EC2 인스턴스에 기본 인스턴스 프로필을 자동으로 연결할 수 있습니다.

이 접근 방식은 기존 인스턴스뿐만 아니라 향후 생성되는 인스턴스에도 적용되어, 인스턴스 프로필이 누락되는 상황을 방지합니다. 또한, AWS Config의 지속적인 모니터링과 자동 수정 기능을 활용하여 보안 정책의 일관성을 유지할 수 있습니다.

다른 옵션들과 비교해보면, A와 C는 Amazon EventBridge 규칙을 사용하여 EC2 API 호출에 반응하지만, 이는 새로운 인스턴스에만 적용되며 기존 인스턴스에는 적용되지 않을 수 있습니다. D는 iam-role-managed-policy-check 규칙을 사용하지만, 이 규칙은 EC2 인스턴스 프로필 연결 여부를 확인하는 데 적합하지 않습니다. 따라서, B가 가장 효과적인 솔루션입니다."
https://changwhaj.github.io/exam-assets/exam/aws/DOP_C02/DOP2-Q0014.html,"정답: A

설명:
A는 AWS Serverless Application Model(AWS SAM) 템플릿을 사용하여 서버리스 애플리케이션을 정의하고, AWS CodeDeploy를 통해 Canary10Percent15Minutes 배포 설정을 사용하여 Lambda 함수를 배포합니다. 이 배포 방식은 초기 10%의 트래픽을 새 버전으로 라우팅한 후, 15분 동안 모니터링하여 문제가 없으면 나머지 90%의 트래픽을 새 버전으로 전환합니다. 이를 통해 실패한 배포로 인한 고객 영향을 최소화할 수 있습니다.

또한, Amazon CloudWatch 알람을 설정하여 Lambda 함수의 상태를 모니터링합니다. 이러한 알람은 함수의 오류율, 지연 시간 등의 지표를 감시하여, 문제가 발생하면 즉시 대응할 수 있도록 도와줍니다. 이러한 모니터링은 배포 중 발생할 수 있는 문제를 신속하게 감지하고 대응하는 데 필수적입니다.

다른 옵션들과 비교해보면, B는 AWS CloudFormation과 CodePipeline 승인 작업을 사용하지만, 이는 Canary 배포 전략을 제공하지 않아 실패한 배포로 인한 고객 영향을 줄이는 데 한계가 있습니다. C는 AWS::Lambda::Alias 리소스의 RoutingConfig 속성을 사용하여 트래픽 라우팅을 업데이트하지만, Canary 배포의 자동화된 모니터링 및 롤백 기능이 부족할 수 있습니다. D는 AWS CodeBuild를 사용하여 테스트를 수행하지만, 프로덕션 환경에서의 Canary 배포 전략을 구현하는 데는 적합하지 않습니다. 따라서, A가 회사의 요구 사항을 가장 효과적으로 충족합니다."
https://changwhaj.github.io/exam-assets/exam/aws/DOP_C02/DOP2-Q0015.html,"정답: C

설명:
회사의 보안 정책 변경으로 인해 Amazon EC2 인스턴스가 인터넷에 액세스할 수 없도록 설정되었습니다. 이로 인해 사용자 데이터 스크립트가 애플리케이션 아티팩트를 다운로드하지 못해 애플리케이션이 설치되지 않는 문제가 발생하고 있습니다. 이를 해결하기 위해 C를 선택하는 것이 가장 적합합니다.

C에서는 애플리케이션 아티팩트를 Amazon S3 버킷에 업로드하고, 해당 S3 버킷에 대한 VPC 엔드포인트를 생성합니다. 이렇게 하면 EC2 인스턴스는 인터넷을 거치지 않고도 S3 버킷에 직접 접근할 수 있습니다. 또한, EC2 인스턴스에 IAM 인스턴스 프로필을 할당하여 S3 버킷에서 아티팩트를 읽을 수 있는 권한을 부여합니다. 이를 통해 보안 정책을 준수하면서도 애플리케이션 설치를 성공적으로 수행할 수 있습니다.

다른 옵션들과 비교해보면:

A: Elastic IP를 사용하여 애플리케이션 설치 후 IP를 분리하는 방법이지만, 이는 일시적으로라도 인터넷 액세스를 허용하므로 보안 정책을 위반할 수 있습니다.

B: NAT 게이트웨이를 설정하여 인터넷 액세스를 제공하는 방법이지만, 이는 EC2 인스턴스가 인터넷에 접근하게 되어 보안 요구 사항을 충족하지 않습니다.

D: 보안 그룹을 통해 아티팩트 리포지토리에 대한 아웃바운드 트래픽만 허용하는 방법이지만, 이는 여전히 인터넷을 통한 접근을 의미할 수 있으며, 설치 후 규칙을 제거하는 것은 관리적인 부담이 될 수 있습니다.

따라서, C가 보안 정책을 준수하면서 애플리케이션을 성공적으로 설치할 수 있는 최선의 방법입니다."
https://changwhaj.github.io/exam-assets/exam/aws/DOP_C02/DOP2-Q0016.html,"정답: A

설명:
개발팀은 AWS CodeCommit을 사용하여 애플리케이션 코드를 버전 관리하고, AWS CodePipeline을 통해 소프트웨어 배포를 조율하고 있습니다. 메인 브랜치에 대한 코드 변경이 파이프라인을 트리거하도록 설정했지만, 개발자가 코드 변경을 푸시한 후에도 파이프라인이 시작되지 않는 문제가 발생했습니다.

이러한 상황에서는 Amazon EventBridge 규칙이 메인 브랜치에 대한 트리거로 올바르게 설정되었는지 확인하는 것이 중요합니다. EventBridge 규칙은 CodeCommit 리포지토리의 특정 브랜치에 변경 사항이 발생할 때 CodePipeline을 자동으로 시작하도록 구성됩니다. 만약 이 규칙이 생성되지 않았거나 올바르게 설정되지 않았다면, 코드 변경이 발생해도 파이프라인이 시작되지 않을 수 있습니다.

따라서, A인 ""파이프라인을 트리거하기 위해 메인 브랜치에 대한 Amazon EventBridge 규칙이 생성되었는지 확인합니다.""를 선택하는 것이 문제를 해결하는 데 가장 적합한 조치입니다."
https://changwhaj.github.io/exam-assets/exam/aws/DOP_C02/DOP2-Q0017.html,"정답: C

설명:
회사의 개발자들이 Amazon EC2 인스턴스를 원격 워크스테이션으로 사용하고 있으며, 보안 그룹 설정에서 무제한 인바운드 액세스가 허용될 수 있다는 우려가 있습니다. 이를 해결하기 위해 DevOps 엔지니어는 AWS Lambda 함수를 작성하여 무제한 액세스 규칙을 감지하고 제거하며, 보안 팀에 알림을 보내도록 설정했습니다.

이러한 요구 사항을 충족하기 위해 Amazon EventBridge 이벤트 규칙을 생성하여 기본 이벤트 버스를 소스로 사용하고, EC2 보안 그룹의 생성 및 수정 이벤트와 일치하도록 이벤트 패턴을 정의합니다. 그 후, 해당 규칙이 Lambda 함수를 호출하도록 구성합니다. 이 접근 방식은 보안 그룹 규칙의 변경 사항을 거의 실시간으로 감지하고, 무제한 규칙을 자동으로 제거하며, 보안 팀에 즉시 알림을 보낼 수 있도록 합니다.

다른 옵션들과 비교해보면:

A: SNS 주제를 통해 Lambda 함수를 호출하고 CloudTrail 구독을 생성하는 방법이지만, 이는 이벤트 감지의 실시간성을 보장하지 못할 수 있습니다.

B: EventBridge 예약 규칙을 사용하여 Lambda 함수를 매시간 실행하는 방법이지만, 이는 보안 그룹 변경 사항을 실시간으로 감지하지 못하고 지연이 발생할 수 있습니다.

D: 모든 AWS 서비스의 이벤트를 구독하는 사용자 지정 EventBridge 이벤트 버스를 생성하는 방법이지만, 이는 불필요한 복잡성을 추가하며, 기본 이벤트 버스를 사용하는 것이 더 효율적입니다.

따라서, C가 회사의 요구 사항을 가장 효과적으로 충족하는 솔루션입니다."
https://changwhaj.github.io/exam-assets/exam/aws/DOP_C02/DOP2-Q0018.html,"정답: D

설명:
IPv6 클라이언트가 프라이빗 서브넷의 EC2 인스턴스 뒤에 있는 웹 서비스에 접근할 수 있도록 하려면 다음과 같은 구성이 필요합니다:

VPC 및 서브넷에 IPv6 CIDR 블록 추가: VPC와 해당 서브넷에 IPv6 CIDR 블록을 할당하여 IPv6 트래픽을 수용할 수 있도록 합니다.

ALB의 IP 주소 유형을 'dualstack'으로 설정: ALB를 'dualstack' IP 주소 유형으로 구성하면, ALB가 IPv4와 IPv6 주소를 모두 사용하여 클라이언트 요청을 처리할 수 있습니다.

포트 443에 리스너 생성: HTTPS 트래픽을 처리하기 위해 ALB에 포트 443 리스너를 설정합니다.

대상 그룹 생성 및 EC2 인스턴스 추가: EC2 인스턴스를 대상으로 하는 대상 그룹을 생성하고, 이를 ALB의 리스너와 연결합니다.

이러한 설정을 통해 IPv6 클라이언트는 ALB의 IPv6 주소를 통해 웹 서비스에 접근할 수 있으며, ALB는 해당 요청을 프라이빗 서브넷의 EC2 인스턴스로 전달합니다.

다른 옵션들과 비교해보면:

A: EC2 인스턴스에 직접 IPv6 주소를 할당하고 경로를 설정하는 방법이지만, 이는 인스턴스가 프라이빗 서브넷에 있으므로 외부에서 직접 접근할 수 없습니다.

B: EC2 인스턴스에 IPv6 Elastic IP를 할당하는 방법이지만, 프라이빗 서브넷의 인스턴스에는 퍼블릭 IP를 직접 할당할 수 없습니다.

C: ALB를 NLB로 교체하는 방법이지만, 이는 불필요한 변경이며, ALB 자체적으로 IPv6를 지원합니다.

따라서, D가 가장 적합한 솔루션입니다."
https://changwhaj.github.io/exam-assets/exam/aws/DOP_C02/DOP2-Q0019.html,"정답: D

설명:
회사는 AWS Organizations와 AWS Control Tower를 사용하여 모든 AWS 계정을 관리하고 있으며, Enterprise Support 플랜을 사용하고 있습니다. DevOps 엔지니어는 Account Factory for Terraform(AFT)을 사용하여 새 계정을 프로비저닝하고 있지만, 새 계정의 지원 플랜이 기본 지원 플랜으로 설정되는 문제를 발견했습니다. 이 문제를 해결하기 위해 AFT 배포 입력 구성에서 aft_feature_enterprise_support 기능 플래그를 True로 설정한 후, AFT를 재배포하여 변경 사항을 적용해야 합니다. 이렇게 하면 새로 프로비저닝된 계정이 자동으로 Enterprise Support 플랜을 사용하도록 설정됩니다.

다른 옵션들과 비교해보면:

A: AWS Config 적합성 팩을 사용하여 규정을 준수하지 않는 계정을 자동으로 수정하는 방법이지만, 이는 지원 플랜 설정과 직접적인 관련이 없습니다.

B: AWS Lambda 함수를 생성하여 지원 티켓을 생성하는 방법이지만, 이는 수동적인 접근 방식으로 자동화된 솔루션이 아닙니다.

C: control_tower_parameters 입력에 추가 값을 추가하는 방법이지만, 이는 지원 플랜 설정과 직접적인 관련이 없습니다.

따라서, D가 가장 적합한 솔루션입니다."
https://changwhaj.github.io/exam-assets/exam/aws/DOP_C02/DOP2-Q0020.html,"정답: A

설명:
회사의 DevOps 엔지니어는 AWS Systems Manager를 사용하여 유지 관리 작업을 수행하고 있습니다. 최근 AWS Health로부터 Amazon EC2 인스턴스의 재시작이 필요하다는 알림을 받았으며, 이러한 알림에 대한 자동화된 대응이 필요합니다. 이를 위해 Amazon EventBridge 규칙을 설정하여 AWS Health의 인스턴스 유지 관리 이벤트를 감지하고, AWS Systems Manager 문서를 통해 EC2 인스턴스를 자동으로 재시작할 수 있습니다.

A는 EventBridge 규칙의 이벤트 소스를 EC2의 서비스인 AWS Health로 설정하고, 이벤트 유형을 인스턴스 유지 관리로 지정합니다. 그 후, EC2 인스턴스를 재시작하는 Systems Manager 문서를 대상으로 지정합니다. 이 접근 방식은 AWS에서 권장하는 모범 사례로, AWS Health 이벤트를 감지하여 자동으로 EC2 인스턴스를 재시작할 수 있습니다.

다른 옵션들과 비교해보면:

B: Systems Manager의 이벤트 소스와 유지 관리 기간 이벤트 유형을 구성하는 방법이지만, 이는 AWS Health의 인스턴스 유지 관리 알림을 직접 처리하지 못합니다.

C: AWS Health 이벤트를 감지한 후 Lambda 함수를 호출하여 EC2 인스턴스를 재시작하는 자동화 작업을 등록하는 방법이지만, Lambda 함수를 추가로 생성할 필요 없이 Systems Manager 문서를 직접 호출하는 것이 더 효율적입니다.

D: EC2의 이벤트 소스와 인스턴스 유지 관리 이벤트 유형을 구성하는 방법이지만, 이는 AWS Health의 알림을 직접 처리하지 못합니다.

따라서, A가 가장 적합한 솔루션입니다."
https://changwhaj.github.io/exam-assets/exam/aws/DOP_C02/DOP2-Q0021.html,"정답: D

설명:
회사는 현재 Amazon EC2 인스턴스에서 Jenkins를 실행하여 빌드 아티팩트를 생성하고 있으며, 이러한 인스턴스는 정기적인 패치 및 업그레이드가 필요합니다. 또한, 빌드 아티팩트에는 회사의 지적 재산이 포함되어 있어 암호화가 요구됩니다. 이러한 요구 사항을 가장 유지 관리하기 쉬운 방식으로 충족시키기 위해, AWS CodeBuild를 사용하여 현재 EC2 인스턴스에서 실행 중인 Jenkins를 대체하는 것이 적합합니다.

AWS CodeBuild는 완전관리형 빌드 서비스로, 서버를 프로비저닝하거나 관리할 필요 없이 코드를 컴파일하고, 테스트를 수행하며, 소프트웨어 패키지를 생성할 수 있습니다. 이를 통해 EC2 인스턴스의 패치 및 업그레이드에 대한 부담을 제거할 수 있습니다. 또한, CodeBuild는 빌드 아티팩트를 Amazon S3에 저장하며, 기본적으로 **AWS Key Management Service (KMS)**를 사용하여 이러한 아티팩트를 암호화합니다. 이를 통해 회사의 지적 재산을 안전하게 보호할 수 있습니다.

다른 옵션들과 비교해보면:

A: AWS Systems Manager를 사용하여 EC2 인스턴스의 패치 및 업그레이드를 자동화하고, Amazon EBS 볼륨을 암호화하는 방법입니다. 이 접근 방식은 기존 인프라를 유지하면서 보안을 강화할 수 있지만, EC2 인스턴스의 유지 관리 부담이 여전히 존재합니다.

B: Jenkins를 Amazon ECS 클러스터에 배포하고, 빌드 아티팩트를 기본 암호화가 활성화된 Amazon S3 버킷에 복사하는 방법입니다. 이 접근 방식은 컨테이너화를 통해 관리 효율성을 높일 수 있지만, Jenkins의 설정 및 유지 관리에 대한 부담이 여전히 존재합니다.

C: AWS CodePipeline과 AWS Secrets Manager를 활용하여 빌드 아티팩트를 암호화하는 방법입니다. 이 접근 방식은 빌드 파이프라인을 자동화하고 보안을 강화할 수 있지만, 설정 및 관리의 복잡성이 증가할 수 있습니다.

따라서, D인 AWS CodeBuild를 사용하여 Jenkins를 대체하는 것이 가장 유지 관리하기 쉬운 솔루션입니다."
https://changwhaj.github.io/exam-assets/exam/aws/DOP_C02/DOP2-Q0022.html,"정답: B

설명:
AWS CloudFormation 스택을 삭제할 때, 스택에서 생성한 Amazon S3 버킷이 삭제되지 않는 문제를 해결하기 위해서는 B가 가장 효율적입니다. CloudFormation은 기본적으로 객체가 남아 있는 S3 버킷을 삭제하지 않습니다. 따라서, 스택 삭제 시 S3 버킷의 모든 객체를 제거하는 작업이 필요합니다.

B에서는 AWS Lambda 함수를 활용한 사용자 지정 리소스를 추가합니다. 이 Lambda 함수는 DependsOn 속성을 사용하여 S3 버킷과 IAM 역할에 의존하도록 설정됩니다. Lambda 함수는 RequestType이 Delete일 때 버킷 내의 모든 객체를 삭제하도록 작성됩니다. 이를 통해 스택 삭제 시 Lambda 함수가 자동으로 실행되어 S3 버킷을 비우고, 이후 CloudFormation이 버킷을 성공적으로 삭제할 수 있습니다.

다른 옵션들과 비교해보면:

A: S3 버킷 리소스에 DeletionPolicy 속성을 추가하고 값을 Delete로 지정하는 방법입니다. 그러나 DeletionPolicy 속성은 리소스 삭제 시의 동작을 정의하지만, S3 버킷의 경우 버킷이 비어 있지 않으면 삭제되지 않습니다. 따라서 이 방법만으로는 문제를 해결할 수 없습니다.

C: 삭제되지 않은 리소스를 식별하고, S3 버킷을 수동으로 비운 다음 삭제하는 방법입니다. 이는 수동 작업이 필요하며 자동화의 이점을 활용하지 못합니다.

D: EC2 및 S3 버킷 리소스를 AWS OpsWorks Stacks 리소스로 교체하고, 사용자 지정 레시피를 정의하여 리소스를 생성 및 삭제하는 방법입니다. 이는 기존 구조를 크게 변경해야 하며, 복잡성을 증가시킵니다.

따라서, B가 가장 효율적이고 자동화된 방식으로 문제를 해결할 수 있는 방법입니다."
https://changwhaj.github.io/exam-assets/exam/aws/DOP_C02/DOP2-Q0023.html,"정답: CE

설명:
회사는 현재 eu-west-1 리전에서 AWS CodePipeline을 사용하여 AWS Lambda 애플리케이션을 배포하고 있으며, 이를 us-east-1 리전에도 배포하려고 합니다. DevOps 엔지니어는 이미 CodeBuild 프로젝트를 업데이트하여 aws cloudformation package 명령을 사용하여 us-east-1에 대한 추가 출력 아티팩트를 생성했습니다. 이러한 요구 사항을 충족하기 위해 다음 단계를 수행해야 합니다:

us-east-1에 S3 버킷 생성 및 권한 설정 (C):

us-east-1 리전에 새로운 S3 버킷을 생성합니다.
CodePipeline이 해당 버킷에 읽기 및 쓰기 액세스할 수 있도록 S3 버킷 정책을 구성합니다.
파이프라인 수정 및 새로운 CloudFormation 배포 작업 추가 (E):

파이프라인을 수정하여 us-east-1의 S3 버킷을 아티팩트 저장소로 포함시킵니다.
us-east-1에 대한 새로운 CloudFormation 배포 작업을 생성합니다.
새로운 배포 작업이 us-east-1 출력 아티팩트의 CloudFormation 템플릿을 사용하도록 구성합니다.
이러한 단계를 통해 파이프라인은 us-east-1 리전의 S3 버킷을 사용하여 해당 리전에 Lambda 애플리케이션을 배포할 수 있습니다. 이 접근 방식은 리전 간 복잡성을 최소화하고, 각 리전의 리소스를 독립적으로 관리할 수 있도록 합니다.

다른 옵션들과 비교해보면:

A: CloudFormation 템플릿에 Lambda 함수 코드의 zip 파일 위치에 대한 매개변수를 추가하고, 매개변수 재정의를 통해 us-east-1 아티팩트 위치를 전달하는 방법입니다. 이 접근 방식은 복잡성을 증가시키며, 각 리전에 대한 별도의 배포 작업을 구성하는 것이 더 효율적입니다.

B: us-east-1에 대한 새로운 CloudFormation 배포 작업을 생성하고, us-east-1 출력 아티팩트의 CloudFormation 템플릿을 사용하도록 구성하는 방법입니다. 이 방법은 us-east-1에 S3 버킷을 생성하고 파이프라인에 포함시키는 작업이 필요하므로, C와 E를 함께 사용하는 것이 더 적합합니다.

D: eu-west-1의 S3 버킷에서 us-east-1의 S3 버킷으로 S3 교차 리전 복제를 구성하는 방법입니다. 이 접근 방식은 복잡성을 증가시키며, 각 리전에 대한 별도의 S3 버킷을 사용하는 것이 더 효율적입니다.

따라서, C와 E의 조합이 회사의 요구 사항을 가장 효과적으로 충족합니다."
https://changwhaj.github.io/exam-assets/exam/aws/DOP_C02/DOP2-Q0024.html,"정답: B

설명:
B는 AWS OpsWorks를 사용하여 자동 복구 기능을 활성화하고, OpsWorks의 라이프사이클 이벤트를 사용하여 S3에서 메타데이터를 가져와 인스턴스에 업데이트하는 방법입니다. OpsWorks는 EC2 인스턴스의 상태를 모니터링하고, 장애가 발생하면 인스턴스를 자동으로 재시작할 수 있는 기능을 제공합니다. 이 방법은 인스턴스가 응답하지 않는 경우 자동으로 재시작을 수행하며, 메타데이터를 S3에서 가져와 인스턴스에 적용할 수 있어 요구 사항을 충족합니다.

A: CloudWatch 알람과 S3 이벤트 알림을 사용하여 메타데이터를 처리하는 방법이지만, OpsWorks보다 자동 복구에 대한 관리가 복잡합니다.
C: EC2 자동 복구를 사용하지만, S3 이벤트 알림을 통해 메타데이터를 푸시하는 방식은 OpsWorks보다 더 복잡할 수 있습니다.
D: CloudFormation을 사용한 배포 방법으로, S3에서 메타데이터를 검색하는 작업과 관련된 자동화가 부족합니다.

회사는 Amazon EC2 인스턴스에서 애플리케이션을 실행하며, 애플리케이션 메타데이터는 Amazon S3에 저장되어 있습니다. 인스턴스가 재시작되거나 응답하지 않을 경우 자동으로 복구되어야 하며, 재시작 시 S3에서 메타데이터를 가져와야 합니다.
C는 EC2 자동 복구 기능을 사용하여 인스턴스에 장애가 발생하면 자동으로 중지하고 다시 시작합니다. 또한, S3 이벤트 알림을 설정하여 인스턴스가 다시 실행 상태로 돌아오면 메타데이터를 인스턴스에 푸시합니다. 이 접근 방식은 인스턴스의 가용성을 유지하고, 재시작 시 필요한 메타데이터를 자동으로 로드할 수 있도록 합니다.

다른 옵션들과 비교해보면:
A: CloudWatch 알람을 사용하여 인스턴스를 복구하고, S3 이벤트 알림을 통해 메타데이터를 푸시하는 방법입니다. 그러나 S3 이벤트 알림은 객체 생성 또는 삭제 시에만 트리거되므로, 인스턴스 재시작 시 메타데이터를 푸시하는 데 적합하지 않을 수 있습니다.
B: AWS OpsWorks의 자동 복구 기능과 라이프사이클 이벤트를 사용하는 방법입니다. 그러나 OpsWorks는 현재 더 이상 사용되지 않는 서비스로, 새로운 애플리케이션에 적용하기에는 적합하지 않을 수 있습니다.
D: AWS CloudFormation의 UserData 속성을 사용하여 인스턴스 시작 시 S3에서 메타데이터를 가져오는 방법입니다. 그러나 이 방법은 인스턴스가 비정상적으로 종료되었을 때 자동으로 복구하는 기능을 제공하지 않습니다.
따라서, C가 회사의 요구 사항을 가장 효과적으로 충족합니다."
https://changwhaj.github.io/exam-assets/exam/aws/DOP_C02/DOP2-Q0025.html,"정답: C

설명:
회사는 여러 AWS 계정을 보유하고 있으며, AWS IAM Identity Center(AWS Single Sign-On)를 Microsoft Azure DevOps와 통합하여 사용하고 있습니다. 액세스 제어를 위해 속성 기반 액세스 제어(ABAC)를 활성화하였으며, 속성 매핑으로 department 키를 ${path:enterprise.department}에 매핑하였습니다. 모든 기존 Amazon EC2 인스턴스에는 department 태그가 적용되어 있으며, 이는 회사의 세 부서(d1, d2, d3)를 나타냅니다. DevOps 엔지니어는 각 Azure AD 사용자가 자신의 부서 이름으로 태그된 EC2 인스턴스에만 액세스할 수 있도록 최소한의 관리 작업으로 정책을 작성해야 합니다.

이를 위해 사용자 지정 권한 정책에 다음과 같은 조건 키를 포함해야 합니다:

json
복사
편집
""Condition"": {
    ""StringEquals"": {
        ""ec2:ResourceTag/department"": ""${aws:PrincipalTag/department}""
    }
}
이 조건은 EC2 인스턴스의 department 태그와 사용자의 department 속성이 일치할 때만 액세스를 허용합니다. 이를 통해 각 사용자는 자신의 부서에 해당하는 인스턴스에만 접근할 수 있으며, 관리 작업을 최소화할 수 있습니다.

다른 옵션들과 비교해보면:

A: aws:PrincipalTag/department를 ${aws:PrincipalTag/department}와 비교하는데, 이는 리소스의 태그가 아닌 사용자 속성 간의 비교이므로 적합하지 않습니다.

B: aws:RequestTag/department를 ${aws:PrincipalTag/department}와 비교하는데, 이는 리소스 생성 시 태그를 지정하는 데 사용되며, 기존 리소스에 대한 액세스 제어에는 적합하지 않습니다.

D: ec2:ResourceTag/department를 ${aws:PrincipalTag/department}와 비교하지 않고, 모든 사용자가 모든 인스턴스에 접근할 수 있게 되어 보안 요구 사항을 충족하지 못합니다.

따라서, C가 회사의 요구 사항을 가장 효과적으로 충족합니다."
https://changwhaj.github.io/exam-assets/exam/aws/DOP_C02/DOP2-Q0026.html,"정답: A

설명:
회사는 AWS 계정에서 보안 감사 애플리케이션을 운영하고 있으며, 이 애플리케이션은 IAM 역할을 사용하여 다른 AWS 계정에 접근합니다. 모든 계정은 AWS Organizations의 동일한 조직에 속해 있습니다. 최근 보안 감사에서, 감사 대상 AWS 계정의 사용자가 감사 애플리케이션의 IAM 역할을 수정하거나 삭제할 수 있다는 문제가 발견되었습니다. 회사는 신뢰할 수 있는 관리자 IAM 역할을 제외한 다른 엔터티가 감사 애플리케이션의 IAM 역할을 수정하지 못하도록 해야 합니다.

이러한 요구 사항을 충족하기 위해서는 **서비스 제어 정책(SCP)**을 활용하는 것이 적합합니다. SCP는 AWS Organizations 내의 계정 또는 조직 단위(OU)에 적용되어 해당 계정의 IAM 엔터티가 수행할 수 있는 작업을 제어합니다. 따라서, 감사 애플리케이션의 IAM 역할에 대한 변경을 제한하고, 신뢰할 수 있는 관리자 IAM 역할만이 이러한 변경을 수행할 수 있도록 설정할 수 있습니다.

A는 다음과 같은 조치를 제안합니다:

감사 애플리케이션의 IAM 역할 변경에 대한 거부(Deny) 문을 포함한 SCP를 생성합니다.
신뢰할 수 있는 관리자 IAM 역할이 변경을 수행할 수 있도록 허용하는 조건을 추가합니다.
해당 SCP를 조직의 루트에 연결합니다.
이 접근 방식은 조직 내 모든 계정에 적용되며, 지정된 관리자 역할을 제외한 다른 모든 엔터티가 감사 애플리케이션의 IAM 역할을 수정하거나 삭제하는 것을 방지합니다.

다른 옵션들과 비교해보면:

B: SCP에 허용(Allow) 문을 포함하는데, SCP는 기본적으로 허용 규칙을 사용하지 않으며, 거부(Deny) 규칙을 통해 접근을 제한하는 것이 일반적입니다.

C 및 D: IAM 권한 경계를 사용하는 방법이지만, 권한 경계는 IAM 엔터티(사용자 또는 역할)에 적용되며, 조직 전체의 정책을 제어하는 SCP와는 목적과 적용 범위가 다릅니다.

따라서, A가 회사의 요구 사항을 가장 효과적으로 충족합니다."
https://changwhaj.github.io/exam-assets/exam/aws/DOP_C02/DOP2-Q0027.html,"정답: D

설명:
회사는 Go로 작성된 온프레미스 애플리케이션을 AWS로 이전하고자 하며, 개발 팀은 블루/그린 배포와 A/B 테스트를 수행하기를 원합니다. 이러한 요구 사항을 충족시키기 위해 AWS Elastic Beanstalk를 사용하는 것이 가장 적합합니다.

AWS Elastic Beanstalk는 Go를 포함한 다양한 프로그래밍 언어로 작성된 애플리케이션을 쉽게 배포, 관리 및 확장할 수 있는 완전 관리형 서비스입니다. Elastic Beanstalk는 블루/그린 배포를 지원하여, 새로운 버전을 별도의 환경에 배포한 후 트래픽을 전환함으로써 애플리케이션의 가용성과 안정성을 유지하면서 배포를 진행할 수 있습니다. 또한, A/B 테스트를 위해 서로 다른 환경에 다양한 애플리케이션 버전을 배포하고, 트래픽을 분할하여 성능과 사용자 반응을 비교할 수 있습니다.

다른 옵션들과 비교해보면:

A: Amazon EC2 인스턴스에 애플리케이션을 배포하고 AMI를 생성하여 Auto Scaling 그룹을 구성하는 방법입니다. 이 접근 방식은 블루/그린 배포를 수동으로 설정해야 하며, 관리 오버헤드가 증가할 수 있습니다.

B: Amazon Lightsail을 사용하여 애플리케이션을 배포하는 방법입니다. Lightsail은 간단한 워크로드에 적합하지만, 블루/그린 배포와 A/B 테스트를 위한 고급 기능이 제한적입니다.

C: AWS CodeArtifact와 AWS CodeDeploy를 사용하여 애플리케이션을 배포하는 방법입니다. 이 접근 방식은 블루/그린 배포를 지원하지만, 설정과 관리가 복잡할 수 있습니다.

따라서, D인 AWS Elastic Beanstalk를 사용하여 애플리케이션을 호스팅하고, Amazon S3에 애플리케이션의 압축 버전을 저장하며, Elastic Beanstalk를 통해 배포 옵션을 관리하는 것이 회사의 요구 사항을 가장 효과적으로 충족합니다."
https://changwhaj.github.io/exam-assets/exam/aws/DOP_C02/DOP2-Q0028.html,"정답: D

설명:
개발자는 Amazon EC2 Auto Scaling 그룹의 일부로 운영되는 50대의 Amazon EC2 Linux 서버를 유지 관리하고 있습니다. 이 서버들은 Elastic Load Balancing(ELB)을 통해 부하 분산되고 있습니다. 간헐적으로 일부 애플리케이션 서버가 ELB의 HTTP 상태 검사를 통과하지 못해 종료되며, 개발자는 이러한 문제의 근본 원인을 분석하고자 합니다. 그러나 서버가 종료되기 전에 애플리케이션 로그에 접근하지 못해 어려움을 겪고 있습니다.

이 문제를 해결하기 위해 Auto Scaling 라이프사이클 후크를 사용하여 인스턴스를 Terminating:Wait 상태로 전환하고, Amazon EventBridge 규칙을 생성하여 EC2 Instance-terminate 라이프사이클 액션 이벤트를 감지합니다. 이 규칙은 AWS Lambda 함수를 트리거하며, 해당 함수는 AWS Systems Manager (SSM) Run Command를 호출하여 로그를 수집하고, 이를 Amazon S3에 저장합니다. 로그 수집이 완료되면, Lambda 함수는 라이프사이클 액션을 완료하여 인스턴스 종료 프로세스를 마무리합니다.

이 접근 방식은 인스턴스가 종료되기 전에 로그를 안전하게 수집하고 저장할 수 있도록 하며, 자동화를 통해 개발자가 근본 원인 분석을 효과적으로 수행할 수 있게 합니다.

다른 옵션들과 비교해보면:

A: 인스턴스를 Pending:Wait 상태로 전환하는데, 이는 인스턴스 시작 시점에 적용되며, 종료 시 로그 수집에는 적합하지 않습니다.

B: AWS Config 규칙을 사용하지만, Config는 리소스 구성을 평가하는 데 중점을 두며, 실시간 이벤트 트리거링에는 적합하지 않습니다.

C: Amazon CloudWatch 구독 필터를 사용하지만, 이는 로그 스트림을 필터링하는 데 사용되며, 라이프사이클 이벤트를 처리하는 데는 적합하지 않습니다.

따라서, D가 가장 적합한 솔루션입니다."
https://changwhaj.github.io/exam-assets/exam/aws/DOP_C02/DOP2-Q0029.html,"정답: BDE

설명:
회사는 AWS Organizations를 사용하여 여러 워크로드 계정을 관리하고 있으며, 운영 계정에서 중앙으로 사용자를 관리하고 있습니다. 운영 팀 구성원에게 각 워크로드 계정에 대한 관리자 액세스 권한을 부여하기 위해 다음과 같은 조치를 취할 수 있습니다:

각 워크로드 계정에서 SysAdmin 역할 생성 (B):

각 워크로드 계정에서 SysAdmin 역할을 생성하고, AdministratorAccess 정책을 해당 역할에 연결합니다.
이 역할의 신뢰 관계를 수정하여 운영 계정에서 sts:AssumeRole 작업을 허용합니다.
운영 계정에서 운영 팀 구성원에 대한 IAM 사용자 생성 (D):

운영 계정에서 각 운영 팀 구성원에 대한 IAM 사용자를 생성합니다.
운영 계정에서 SysAdmins 그룹 생성 및 정책 연결 (E):

운영 계정에서 SysAdmins라는 이름의 IAM 사용자 그룹을 생성합니다.
이 그룹에 각 워크로드 계정의 SysAdmin 역할에 대한 sts:AssumeRole 작업을 허용하는 IAM 정책을 추가합니다.
모든 운영 팀 구성원을 이 그룹에 추가합니다.
이러한 구성을 통해 운영 팀 구성원은 운영 계정의 자신의 IAM 사용자 자격 증명을 사용하여 각 워크로드 계정의 SysAdmin 역할을 맡을 수 있으며, 이를 통해 관리자 권한을 획득할 수 있습니다.

다른 옵션들과 비교해보면:

A: 운영 계정에서 SysAdmin 역할을 생성하는 방법이지만, 워크로드 계정에서 역할을 맡는 것이 일반적인 모범 사례입니다.

C 및 F: Amazon Cognito를 사용하는 방법이지만, 이는 주로 애플리케이션 사용자 인증에 사용되며, IAM 사용자 및 역할 관리를 위한 적절한 솔루션이 아닙니다.

따라서, B, D, E의 조합이 회사의 요구 사항을 가장 효과적으로 충족합니다."
https://changwhaj.github.io/exam-assets/exam/aws/DOP_C02/DOP2-Q0030.html,"정답: C

설명:
회사는 AWS Organizations를 통해 여러 계정을 관리하고 있으며, 각 계정에서 Amazon S3 버킷의 퍼블릭 액세스 차단 기능이 비활성화될 경우 SecOps 팀이 Amazon SNS 알림을 받아야 합니다. 또한, 개별 멤버 계정이 이러한 알림을 비활성화하지 못하도록 해야 합니다.

C는 다음과 같은 단계를 포함합니다:

조직 전체에서 AWS Config 활성화:

AWS Config를 사용하여 S3 버킷의 구성을 지속적으로 모니터링합니다.
위임된 관리자 계정에서 SNS 주제 생성:

SecOps 팀의 이메일 주소를 구독자로 추가하여 알림을 받을 수 있도록 설정합니다.
적합성 팩 배포:

각 계정에 s3-bucket-level-public-access-prohibited라는 AWS Config 관리 규칙을 포함하는 적합성 팩을 배포합니다.
이 규칙은 S3 버킷의 퍼블릭 액세스 설정을 모니터링합니다.
규칙 위반 시 AWS Systems Manager 문서를 사용하여 SNS 주제로 이벤트를 게시하고, 이를 통해 SecOps 팀에 알림을 전송합니다.
이 접근 방식은 중앙에서 관리되며, 개별 계정 사용자가 알림 설정을 변경할 수 없도록 합니다. 또한, AWS Config를 통해 S3 버킷의 퍼블릭 액세스 설정을 지속적으로 모니터링하여 보안 상태를 유지할 수 있습니다.

다른 옵션들과 비교해보면:

A: Amazon GuardDuty는 보안 위협 탐지에 중점을 두며, S3 버킷의 퍼블릭 액세스 설정 변경에 대한 직접적인 모니터링 기능은 제한적입니다.

B: CloudFormation StackSets를 사용하여 각 계정에 구성 요소를 배포하는 방법이지만, 개별 계정에서 이러한 설정을 변경할 수 있는 여지가 있어 요구 사항을 완전히 충족하지 못할 수 있습니다.

D: Amazon Inspector는 주로 EC2 인스턴스의 보안 취약성 평가에 사용되며, S3 버킷의 퍼블릭 액세스 설정 모니터링에는 적합하지 않습니다.

따라서, C가 회사의 요구 사항을 가장 효과적으로 충족합니다."
https://changwhaj.github.io/exam-assets/exam/aws/DOP_C02/DOP2-Q0031.html,"정답: A

설명:
회사는 컨테이너 기반 애플리케이션을 Amazon EKS로 마이그레이션하였으며, EKS 구성 요소와 관련된 특정 활동에 대한 자동화된 이메일 알림을 설정하려고 합니다. 이를 위해 Amazon SNS 주제와 AWS Lambda 함수를 사용하여 수신 로그 이벤트를 평가하고, 올바른 SNS 주제에 메시지를 게시하는 솔루션을 구축하고자 합니다.

A는 Amazon CloudWatch Logs를 활성화하여 EKS 구성 요소의 로그를 수집하고, 각 구성 요소에 대해 CloudWatch 구독 필터를 생성하여 Lambda 함수를 구독 대상으로 설정합니다. 이 접근 방식은 다음과 같은 이유로 적합합니다:

실시간 로그 처리: CloudWatch 구독 필터를 사용하면 로그 데이터를 실시간으로 Lambda 함수로 스트리밍할 수 있습니다. 이를 통해 Lambda 함수는 수신된 로그 이벤트를 즉시 처리하고, 특정 조건에 따라 적절한 SNS 주제에 메시지를 게시할 수 있습니다.

유연한 로그 필터링: 구독 필터를 통해 특정 패턴이나 조건에 맞는 로그 이벤트만을 Lambda 함수로 전달할 수 있어, 불필요한 로그 처리를 줄이고 효율성을 높일 수 있습니다.

자동화된 알림: Lambda 함수에서 로그 이벤트를 평가한 후, 해당 이벤트에 맞는 SNS 주제에 메시지를 게시함으로써, 관련된 이메일 알림을 자동으로 트리거할 수 있습니다.

다른 옵션들과 비교해보면:

B: CloudWatch Logs Insights 쿼리를 사용하여 EventBridge 이벤트와 연계하는 방법은 로그 데이터를 분석하는 데 유용하지만, 실시간 로그 처리 및 알림 트리거링에는 적합하지 않을 수 있습니다.

C 및 D: Amazon S3 로깅을 사용하는 방법은 EKS 구성 요소의 로그를 S3에 저장한 후 처리하는 방식을 제안하지만, 이는 실시간 로그 처리에 부적합하며, 추가적인 구성과 지연이 발생할 수 있습니다.

따라서, A가 회사의 요구 사항을 가장 효과적으로 충족하는 솔루션입니다."
https://changwhaj.github.io/exam-assets/exam/aws/DOP_C02/DOP2-Q0032.html,"정답: BDF

설명:
회사는 Amazon Elastic Container Service (ECS) 클러스터에서 여러 서비스를 운영하고 있으며, Application Load Balancer (ALB)를 통해 트래픽을 관리하고 있습니다. DevOps 엔지니어는 애플리케이션 로그와 액세스 로그를 수집하여 Amazon S3 버킷으로 전송하고, 이를 거의 실시간으로 분석하고자 합니다. 이를 위해 다음과 같은 조합의 단계를 수행해야 합니다:

ECS 작업 정의에서 awslogs 로깅 드라이버 사용 (B):

ECS 작업 정의의 로깅 드라이버를 awslogs로 설정하여 컨테이너 애플리케이션 로그를 Amazon CloudWatch Logs로 전송합니다. 이를 통해 애플리케이션 로그를 중앙에서 관리하고 모니터링할 수 있습니다.
ALB에서 액세스 로깅 활성화 (D):

ALB의 액세스 로깅을 활성화하여, 로드 밸런서에 대한 요청 정보를 Amazon S3 버킷에 저장합니다. 이를 통해 ALB를 통한 트래픽에 대한 상세한 로그를 수집할 수 있습니다.
CloudWatch Logs에서 Kinesis Data Firehose로 로그 전송 설정 (F):

Amazon Kinesis Data Firehose 전달 스트림을 생성하여 대상지로 Amazon S3 버킷을 설정합니다.
CloudWatch Logs에서 구독 필터를 생성하여, 수집된 애플리케이션 로그를 Kinesis Data Firehose로 전송합니다. 이를 통해 애플리케이션 로그를 거의 실시간으로 S3 버킷에 저장할 수 있습니다.
이러한 조합을 통해 애플리케이션 로그와 ALB 액세스 로그를 효율적으로 수집하고, Amazon S3 버킷으로 전송하여 거의 실시간 분석이 가능합니다.

다른 옵션들과 비교해보면:

A: Amazon CloudWatch Logs 컨테이너 인스턴스를 다운로드하여 작업으로 구성하는 방법은 일반적이지 않으며, 표준적인 로깅 설정을 사용하는 것이 더 효율적입니다.

C: Amazon EventBridge와 AWS Lambda를 사용하여 로그를 S3로 내보내는 방법은 복잡성을 증가시키며, 실시간 처리에 비해 지연이 발생할 수 있습니다.

E: ECS 서비스의 대상 그룹에서 액세스 로깅을 활성화하는 것은 지원되지 않는 기능입니다. 액세스 로깅은 ALB에서 설정해야 합니다.

따라서, B, D, F의 조합이 회사의 요구 사항을 가장 효과적으로 충족합니다."
https://changwhaj.github.io/exam-assets/exam/aws/DOP_C02/DOP2-Q0033.html,"정답: A

설명:
전자 건강 기록을 사용하는 회사는 환자 개인정보 보호 요구 사항에 따라 Amazon EC2 인스턴스에서 실행되는 운영 체제와 애플리케이션에 대한 패치를 지속적으로 준수해야 합니다. 이를 위해 AWS Systems Manager를 활용하여 패치 관리를 자동화할 수 있습니다.

A에서는 AWS Systems Manager를 사용하여 사용자 지정 리포지토리를 포함한 새로운 패치 기준을 생성합니다. 그런 다음, AWS-RunPatchBaseline 문서를 실행하여 인스턴스에서 패치를 확인하고 설치합니다. 이 접근 방식은 기본 및 사용자 지정 리포지토리를 모두 활용하여 운영 체제와 애플리케이션의 패치 배포를 자동화하고, 지속적인 규정 준수를 보장합니다.

다른 옵션들과 비교해보면:

B: AWS Direct Connect와 Amazon CloudWatch를 사용하여 패치를 배포하고 보고서를 생성하는 방법이지만, 이는 패치 관리의 자동화와 직접적인 관련이 없습니다.

C: yum-config-manager를 사용하여 사용자 지정 리포지토리를 추가하고 활성화하는 방법이지만, 이는 수동 작업으로 자동화된 패치 관리에는 적합하지 않습니다.

D: AWS Systems Manager를 사용하여 기업 리포지토리를 포함한 새로운 패치 기준을 생성하고, AWS-AmazonLinuxDefaultPatchBaseline 문서를 실행하는 방법입니다. 그러나 AWS-AmazonLinuxDefaultPatchBaseline은 사전 정의된 기준선으로, 사용자 지정 리포지토리와 함께 사용할 수 없습니다.

따라서, A가 회사의 요구 사항을 가장 효과적으로 충족합니다."
https://changwhaj.github.io/exam-assets/exam/aws/DOP_C02/DOP2-Q0034.html,"정답: C

설명:
회사는 AWS CodePipeline을 사용하여 릴리스 파이프라인을 자동화하고 있으며, AWS CodeDeploy를 통해 Amazon Elastic Container Service(Amazon ECS)에 애플리케이션을 블루/그린 배포 모델로 배포하고 있습니다. 트래픽을 이동하기 전에 그린 버전의 애플리케이션을 테스트하는 스크립트를 구현하고, 테스트 중 오류가 발견되면 애플리케이션을 롤백하려고 합니다.

이러한 요구 사항을 충족하기 위해 CodeDeploy AppSpec 파일에 후크 섹션을 추가하고, AfterAllowTestTraffic 수명 주기 이벤트를 사용하여 AWS Lambda 함수를 호출하여 테스트 스크립트를 실행할 수 있습니다. AfterAllowTestTraffic 이벤트는 새 애플리케이션 버전이 배포된 후, 트래픽의 일부를 새 버전으로 라우팅한 후에 트리거됩니다. Lambda 함수가 테스트 스크립트를 실행하고, 오류를 감지하면 오류 코드와 함께 종료하여 배포를 실패로 표시하고 롤백을 시작할 수 있습니다.

다른 옵션들과 비교해보면:

A: CodePipeline 파이프라인에 단계를 추가하여 AWS CodeBuild를 사용하여 테스트 스크립트를 실행하는 방법입니다. 이 접근 방식은 배포 전에 테스트를 수행하므로, 실제 트래픽이 새로운 애플리케이션 버전으로 라우팅되기 전에 문제를 감지할 수 없습니다.

B: CodePipeline 파이프라인에 단계를 추가하여 AWS Lambda 함수를 호출하여 테스트 스크립트를 실행하는 방법입니다. 이 역시 배포 전에 테스트를 수행하므로, 실제 트래픽이 새로운 버전으로 라우팅되기 전에 문제를 감지할 수 없습니다.

D: AfterAllowTraffic 수명 주기 이벤트를 사용하여 테스트 스크립트를 호출하는 방법입니다. 이 이벤트는 전체 트래픽이 새로운 애플리케이션 버전으로 라우팅된 후에 트리거되므로, 오류가 발생하면 이미 트래픽이 전환된 상태에서 롤백을 수행해야 합니다.

따라서, C가 회사의 요구 사항을 가장 효과적으로 충족합니다."
https://changwhaj.github.io/exam-assets/exam/aws/DOP_C02/DOP2-Q0035.html,"정답: A

설명:
회사는 여러 리소스에서 사용되는 Amazon S3 버킷 앞에 파일 게이트웨이 모드로 AWS Storage Gateway를 사용하고 있습니다. 업무가 시작되는 아침에, 사용자는 전날 저녁에 제3자가 처리한 객체를 볼 수 없다고 보고합니다. DevOps 엔지니어가 S3 버킷을 직접 확인했을 때 데이터는 존재하지만, Storage Gateway에는 해당 데이터가 없습니다.

이러한 문제는 Storage Gateway의 캐시가 S3 버킷의 최신 상태를 반영하지 않기 때문에 발생합니다. Storage Gateway의 파일 게이트웨이 모드는 S3 버킷의 데이터를 캐시하여 성능을 향상시키지만, S3 버킷에서 직접 변경된 내용은 자동으로 캐시에 반영되지 않을 수 있습니다. 따라서, S3 버킷에서 직접 수행된 변경 사항을 Storage Gateway에서 인식하려면 RefreshCache 작업을 수동으로 실행해야 합니다.

이를 자동화하기 위해, Amazon EventBridge에서 야간 이벤트를 구성하여 AWS Lambda 함수를 호출하고, 이 함수가 Storage Gateway에 대한 RefreshCache 명령을 실행하도록 설정할 수 있습니다. 이렇게 하면 매일 아침 업무 시작 전에 Storage Gateway의 캐시가 S3 버킷의 최신 데이터로 새로 고쳐져, 사용자가 최신 데이터를 확인할 수 있습니다.

다른 옵션들과 비교해보면:

B: 타사에게 AWS Transfer for SFTP를 사용하여 S3 버킷에 데이터를 업로드하도록 지시하는 방법입니다. 그러나 이 방법은 Storage Gateway의 캐시 문제를 직접 해결하지 않으므로, 여전히 캐시 새로 고침이 필요할 수 있습니다.

C: Storage Gateway를 볼륨 게이트웨이 모드로 수정하는 방법입니다. 그러나 볼륨 게이트웨이 모드는 스냅샷 기반 백업을 제공하며, 파일 게이트웨이 모드와는 다른 사용 사례에 적합합니다.

D: S3 동일 지역 복제를 사용하여 S3 버킷에서 직접 수행된 모든 변경 사항을 Storage Gateway에 복제하는 방법입니다. 그러나 동일 지역 복제는 S3 버킷 간의 복제를 의미하며, Storage Gateway의 캐시를 새로 고치는 데 직접적인 도움이 되지 않습니다.

따라서, A가 회사의 요구 사항을 가장 효과적으로 충족합니다."
https://changwhaj.github.io/exam-assets/exam/aws/DOP_C02/DOP2-Q0036.html,"정답: ADE

설명:
Amazon S3의 교차 리전 복제(Cross-Region Replication, CRR)를 사용하여 중요한 객체를 다른 AWS 리전 및 계정의 대상 버킷으로 복사하려면 다음과 같은 단계를 수행해야 합니다:

원본 계정에서 복제 IAM 역할 생성 (A):

원본 계정에서 복제 작업을 수행할 IAM 역할을 생성합니다.
이 역할에는 원본 버킷의 객체를 읽고 대상 버킷에 객체를 쓰기 위한 권한이 필요합니다.
대상 버킷 정책에 설명 추가 (D):

대상 버킷의 버킷 정책에 원본 계정의 복제 IAM 역할이 대상 버킷에 객체를 복사할 수 있도록 허용하는 권한을 추가합니다.
이를 통해 원본 계정의 IAM 역할이 대상 버킷에 쓰기 작업을 수행할 수 있습니다.
원본 버킷에 복제 규칙 생성 (E):

원본 버킷에 복제 규칙을 생성하여 복제를 활성화합니다.
이 규칙에서는 대상 버킷, 복제할 객체의 범위, 사용할 IAM 역할 등을 지정합니다.
이러한 단계를 통해 S3 교차 리전 복제를 설정하여 객체를 다른 리전 및 계정의 버킷으로 복사할 수 있습니다.

다른 옵션들과 비교해보면:

B: 대상 계정에 복제 IAM 역할을 생성하는 것은 필요하지 않습니다. 복제 작업은 원본 계정의 IAM 역할을 통해 수행됩니다.

C: 원본 버킷 정책에 복제 IAM 역할이 객체를 복제할 수 있도록 허용하는 설명을 추가하는 것은 일반적으로 필요하지 않습니다. 대신, 대상 버킷 정책에 해당 권한을 부여해야 합니다.

F: 대상 버킷에 복제 규칙을 생성할 필요는 없습니다. 복제 규칙은 원본 버킷에 생성되어야 합니다.

따라서, A, D, E의 조합이 교차 리전 및 교차 계정 S3 복제를 설정하는 데 가장 적합한 방법입니다."
https://changwhaj.github.io/exam-assets/exam/aws/DOP_C02/DOP2-Q0037.html,"정답: BCE

설명:
회사는 AWS Organizations를 통해 여러 회원 계정을 관리하고 있으며, 보안 팀은 마스터 계정의 AWS Lambda 함수를 사용하여 각 회원 계정의 Amazon EC2 보안 그룹과 그 인바운드 및 아웃바운드 규칙을 프로그래밍 방식으로 검토하려고 합니다. 이를 위해서는 마스터 계정이 각 회원 계정의 IAM 역할을 맡아야 하며, 해당 역할에는 EC2 보안 그룹 정보를 읽을 수 있는 권한이 필요합니다.

필요한 액세스 변경 사항:

회원 계정에 IAM 역할 생성 및 신뢰 관계 설정 (B, C):

각 회원 계정에서 AmazonEC2ReadOnlyAccess 관리형 정책이 연결된 IAM 역할을 생성합니다.
이 역할의 신뢰 관계를 설정하여 마스터 계정의 사용자가 해당 역할을 맡을 수 있도록 허용합니다.
마스터 계정에서 IAM 역할 생성 및 신뢰 관계 설정 (E):

마스터 계정에서 IAM 역할을 생성하여, 이 역할이 회원 계정의 IAM 역할을 맡을 수 있도록 sts:AssumeRole 작업을 허용하는 신뢰 관계를 설정합니다.
이러한 구성을 통해 마스터 계정의 Lambda 함수는 각 회원 계정의 IAM 역할을 맡아 EC2 보안 그룹과 그 규칙을 프로그래밍 방식으로 검토할 수 있습니다.

다른 옵션들과의 비교:

A: 회원 계정의 사용자가 마스터 계정의 IAM 역할을 맡도록 신뢰 관계를 설정하는 것은 이 시나리오에 적합하지 않습니다.

D: 회원 계정에서 IAM 역할을 생성하여 마스터 계정의 IAM 역할에 대해 sts:AssumeRole 작업을 허용하는 것은 일반적인 교차 계정 액세스 설정과는 반대 방향입니다.

F: 마스터 계정에서 AmazonEC2ReadOnlyAccess 관리형 정책이 연결된 IAM 역할을 생성하는 것은 필요하지 않습니다. 필요한 것은 회원 계정의 IAM 역할을 맡을 수 있는 권한입니다.

따라서, B, C, E의 조합이 회사의 요구 사항을 가장 효과적으로 충족합니다."
https://changwhaj.github.io/exam-assets/exam/aws/DOP_C02/DOP2-Q0038.html,"정답: C

설명:
우주 탐사 회사는 여러 위성으로부터 원격 측정 데이터를 수신하여 Amazon API Gateway를 통해 Amazon SQS 표준 대기열에 저장하고, 사용자 정의 애플리케이션이 이를 구독하여 표준 형식으로 변환합니다. 그러나 데이터의 불일치로 인해 애플리케이션이 일부 데이터를 변환하지 못하는 경우가 발생하며, 이러한 실패한 메시지를 보관하고 과학자들이 검토 및 향후 처리를 할 수 있도록 해야 합니다.

C는 이러한 요구 사항을 충족하기 위해 다음과 같은 단계를 제안합니다:

SQS 배달 못한 편지 대기열(DLQ) 생성:

실패한 메시지를 보관할 새로운 SQS 대기열을 생성합니다.
기존 대기열에 리드라이브 정책 적용:

기존 SQS 대기열에 리드라이브 정책을 설정하여, 최대 수신 횟수(Maximum Receives)를 1로 설정하고, DLQ의 ARN을 지정합니다.
이렇게 하면 메시지가 한 번 처리에 실패하면 즉시 DLQ로 이동합니다.
과학자들에게 DLQ 접근 권한 부여:

과학자들이 DLQ에 접근하여 실패한 메시지를 검토하고, 필요에 따라 데이터를 수정하거나 재처리할 수 있도록 합니다.
이 접근 방식은 실패한 메시지를 자동으로 격리하고, 과학자들이 이를 검토하여 향후 처리를 계획할 수 있도록 하며, 시스템의 안정성과 유지 관리 효율성을 높입니다.

다른 옵션들과 비교해보면:

A: Lambda 함수를 사용하여 메시지의 유효성을 검사하고, 유효하지 않은 데이터를 Amazon S3에 저장한 후, 수정된 데이터를 재생성하는 방법입니다. 그러나 이 접근 방식은 추가적인 Lambda 함수 관리와 복잡성을 증가시킬 수 있습니다.

B: SQS 표준 대기열을 FIFO 대기열로 변환하고, Lambda 함수를 사용하여 일정 시간마다 메시지를 검사하는 방법입니다. 그러나 SQS 표준 대기열을 FIFO로 변환하는 것은 직접적인 방법이 아니며, 메시지 순서 보장이 필요하지 않은 경우에는 불필요한 복잡성을 추가할 수 있습니다.

D: 각 위성에 대해 별도의 가상 대기열을 생성하고, 변환할 수 없는 데이터를 새로운 가상 대기열로 보내는 방법입니다. 그러나 이 접근 방식은 대기열 관리의 복잡성을 증가시키고, 실패한 메시지의 중앙 집중식 관리를 어렵게 만들 수 있습니다.

따라서, C가 회사의 요구 사항을 가장 효과적으로 충족합니다."
https://changwhaj.github.io/exam-assets/exam/aws/DOP_C02/DOP2-Q0039.html,"정답: D

설명:
회사는 AWS CloudFormation을 사용하여 인프라를 배포하려고 하며, 엄격한 태그 지정 및 리소스 요구 사항을 준수하고 배포를 두 개의 리전으로 제한하고자 합니다. 또한, 개발자들은 동일한 애플리케이션의 여러 버전을 배포해야 합니다. 이러한 요구 사항을 충족하기 위해 AWS Service Catalog를 사용하는 것이 가장 적합합니다.

AWS Service Catalog를 사용하면 조직이 승인된 AWS CloudFormation 템플릿을 제품으로 정의하고, 이러한 제품을 중앙에서 관리하며, 배포 시 태그 지정, 리소스 제한, 배포 가능한 리전 등을 제어할 수 있습니다. 이를 통해 개발자들은 승인된 템플릿을 사용하여 여러 버전의 애플리케이션을 배포할 수 있으며, 조직의 정책과 요구 사항을 준수할 수 있습니다.

다른 옵션들과 비교해보면:

A: AWS Trusted Advisor는 모범 사례에 대한 권장 사항을 제공하지만, 특정 리소스 배포를 제한하거나 태그 정책을 강제하는 데 직접적인 역할을 하지 않습니다.

B: CloudFormation 드리프트 감지는 스택의 리소스 상태가 템플릿과 일치하지 않는지를 확인하는 데 사용되며, 배포 제한이나 태그 정책 강제와는 관련이 없습니다.

C: CloudFormation StackSets를 사용하여 여러 계정과 리전에 걸쳐 스택을 배포할 수 있지만, 태그 지정 및 리소스 제한을 강제하는 데는 추가적인 관리가 필요하며, Service Catalog만큼의 중앙 관리 기능을 제공하지 않습니다.

따라서, D인 AWS Service Catalog를 사용하여 승인된 CloudFormation 템플릿으로 제품을 생성하는 것이 회사의 요구 사항을 가장 효과적으로 충족합니다."
https://changwhaj.github.io/exam-assets/exam/aws/DOP_C02/DOP2-Q0040.html,"정답: BD

설명:
B: 여러 가용성 영역에 걸쳐 EC2 인스턴스를 배포하고, 애플리케이션 로드 밸런서를 추가하여 로드 분배를 구현하는 방법입니다. 이는 고가용성을 위한 중요한 구성 요소입니다.
D: NAT 인스턴스를 NAT 게이트웨이로 교체하여 각 가용성 영역에 걸쳐 NAT 게이트웨이를 배치하는 방법입니다. 이를 통해 고가용성을 보장하고, 인터넷 액세스를 제공하는 NAT 인프라를 더 안정적으로 구성할 수 있습니다.

이 두 가지 방법은 고가용성을 보장하며, 로드 분배와 NAT 게이트웨이의 가용성을 개선하는데 적합한 솔루션입니다."
https://changwhaj.github.io/exam-assets/exam/aws/DOP_C02/DOP2-Q0041.html,"정답: C

설명:
DevOps 엔지니어는 AWS CodePipeline을 사용하여 애플리케이션의 빌드, 검증, 스테이징, 테스트 및 배포를 위한 다단계 파이프라인을 구축하고 있습니다. 테스트 단계와 배포 단계 사이에 수동 승인 단계가 필요하며, 개발팀은 웹훅을 지원하는 사용자 지정 채팅 도구를 사용하여 거의 실시간 알림을 받고자 합니다.

이러한 요구 사항을 충족하기 위해 Amazon EventBridge 규칙을 생성하여 CodePipeline 파이프라인 실행 상태 변경 이벤트를 필터링하고, 해당 이벤트를 Amazon Simple Notification Service(SNS) 토픽에 게시한 후, 이벤트 세부 정보를 채팅 웹훅 URL로 전송하는 AWS Lambda 함수를 생성하여 SNS 토픽에 구독시키는 것이 가장 적합합니다.

이 접근 방식은 다음과 같은 이점을 제공합니다:

실시간 이벤트 처리: EventBridge는 CodePipeline의 상태 변경 이벤트를 실시간으로 감지하여 SNS 토픽으로 전달합니다.

유연한 알림 전송: SNS와 Lambda를 결합하여 이벤트 세부 정보를 원하는 형식으로 가공한 후, 채팅 도구의 웹훅 URL로 전송할 수 있습니다.

확장성 및 유지보수 용이성: 이벤트 기반 아키텍처를 사용하여 시스템의 확장성과 유지보수성을 높일 수 있습니다.

다른 옵션들과 비교해보면:

A: CloudWatch Logs 구독을 사용하여 CodePipeline의 상태 변경을 모니터링하는 것은 비효율적이며, 로그 기반 접근 방식은 실시간 처리에 적합하지 않습니다.

B: CloudTrail 이벤트를 사용하여 Lambda 함수를 트리거하는 것은 CodePipeline의 상태 변경을 실시간으로 감지하는 데 적합하지 않습니다.

D: 파이프라인 코드를 수정하여 각 단계의 끝에서 이벤트를 전송하는 것은 유지보수 측면에서 비효율적이며, 코드 복잡성을 증가시킵니다.

따라서, C가 회사의 요구 사항을 가장 효과적으로 충족합니다."
https://changwhaj.github.io/exam-assets/exam/aws/DOP_C02/DOP2-Q0042.html,"정답: C

설명:
회사의 애플리케이션 개발팀은 Linux 기반 Amazon EC2 인스턴스를 베스천 호스트로 사용하며, 인바운드 SSH 액세스는 특정 IP 주소로 제한되어 있습니다. 보안팀은 보안 그룹 규칙이 수정되어 모든 IP 주소에서 SSH 액세스를 허용하게 되면 알림을 받고자 합니다.

이러한 요구 사항을 충족하기 위해 AWS Config의 관리형 규칙인 restricted-ssh를 사용하여 보안 그룹이 무제한 인바운드 SSH 트래픽을 허용하지 않는지 확인할 수 있습니다. 이 규칙은 보안 그룹이 0.0.0.0/0과 같은 모든 IP 주소에서 포트 22(SSH)로의 인바운드 액세스를 허용하는지 평가합니다. 규칙이 비준수 상태로 평가되면, Amazon Simple Notification Service(SNS) 토픽에 메시지를 게시하도록 자동 수정을 구성하여 보안팀에 알림을 보낼 수 있습니다.

다른 옵션들과 비교해보면:

A: Amazon EventBridge 규칙을 사용하여 AuthorizeSecurityGroupIngress 이벤트를 모니터링하는 방법입니다. 그러나 이 접근 방식은 모든 보안 그룹 인그레스 규칙의 변경을 모니터링하며, 특정하게 모든 IP에서의 SSH 액세스 허용에 대한 변경을 감지하는 데는 적합하지 않을 수 있습니다.

B: Amazon GuardDuty와 AWS Security Hub를 사용하여 보안 그룹에 대한 결과를 확인하는 방법입니다. 그러나 이 접근 방식은 주로 보안 위협 탐지에 중점을 두며, 특정 보안 그룹 구성 변경에 대한 실시간 알림을 제공하는 데는 적합하지 않을 수 있습니다.

D: Amazon Inspector를 사용하여 보안 그룹을 확인하는 방법입니다. 그러나 이 접근 방식은 주로 취약성 평가에 중점을 두며, 보안 그룹 규칙 변경에 대한 실시간 알림을 제공하는 데는 적합하지 않을 수 있습니다.

따라서, C가 회사의 요구 사항을 가장 효과적으로 충족합니다."
https://changwhaj.github.io/exam-assets/exam/aws/DOP_C02/DOP2-Q0043.html,"정답: AC

설명:
DevOps 팀은 온프레미스에서 실행되는 API를 Amazon API Gateway의 백엔드로 사용하고 있으며, 고객들이 높은 응답 지연에 대해 불만을 제기하고 있습니다. 개발 팀은 Amazon CloudWatch의 API Gateway 지연 메트릭을 통해 이러한 문제를 확인하였습니다. 추가적인 지연을 발생시키지 않으면서 관련 데이터를 수집하기 위해 다음과 같은 조치를 취할 수 있습니다:

CloudWatch 에이전트 설치 및 로그 업로드 (A):

온프레미스 서버에 CloudWatch 에이전트를 설치하고, 관련 로그를 Amazon CloudWatch로 업로드하도록 구성합니다. 이를 통해 애플리케이션 로그를 중앙에서 모니터링하고 분석할 수 있습니다.
AWS X-Ray 추적 활성화 및 데몬 사용 (C):

API Gateway에서 AWS X-Ray 추적을 활성화합니다.
애플리케이션 코드를 수정하여 요청 세그먼트를 캡처합니다.
X-Ray 데몬을 사용하여 수집된 세그먼트를 X-Ray로 업로드합니다. X-Ray 데몬은 백그라운드에서 데이터를 일괄 처리하여 전송하므로 추가적인 지연을 최소화할 수 있습니다.
이러한 조치를 통해 추가적인 지연을 발생시키지 않으면서 API의 성능 문제를 진단하고 모니터링할 수 있습니다.

다른 옵션들과 비교해보면:

B: 애플리케이션이 각 요청 중에 세그먼트를 직접 X-Ray에 업로드하도록 수정하는 것은 추가적인 지연을 발생시킬 수 있습니다.

D: 온프레미스 애플리케이션을 수정하여 각 요청과 함께 로그 정보를 API Gateway로 다시 보내는 것은 비효율적이며, 추가적인 지연을 초래할 수 있습니다.

E: 애플리케이션을 수정하여 통계 데이터를 CloudWatch 메트릭으로 업로드하는 것은 추가적인 지연을 발생시킬 수 있으며, 로그의 세부 정보를 제공하지 않을 수 있습니다.

따라서, A와 C가 가장 적합한 선택입니다."
https://changwhaj.github.io/exam-assets/exam/aws/DOP_C02/DOP2-Q0044.html,"정답: D

설명:
회사는 MySQL 호환 Amazon Aurora Multi-AZ DB 클러스터를 사용하고 있으며, 재해 복구를 위해 교차 리전 읽기 복제본을 생성했습니다. DevOps 엔지니어는 장애 발생 시 이 복제본을 자동으로 프로모션하여 기본 데이터베이스 인스턴스로 전환하고자 합니다.

D는 다음과 같은 단계를 통해 이러한 요구 사항을 충족합니다:

AWS Systems Manager Parameter Store에 Aurora 엔드포인트 저장:

애플리케이션이 데이터베이스에 연결할 때 사용할 엔드포인트를 Parameter Store에 저장합니다.
Amazon EventBridge 이벤트 생성:

데이터베이스 장애를 감지하는 이벤트를 설정합니다.
AWS Lambda 함수 실행:

EventBridge 이벤트에 의해 트리거되는 Lambda 함수를 생성하여 다음 작업을 수행합니다:
읽기 복제본을 기본 인스턴스로 프로모션합니다.
Parameter Store에 저장된 엔드포인트 URL을 새로 프로모션된 인스턴스의 엔드포인트로 업데이트합니다.
애플리케이션 코드 수정:

데이터베이스 연결이 실패할 경우 Parameter Store에서 최신 엔드포인트를 다시 로드하도록 애플리케이션을 코딩합니다.
이 접근 방식은 장애 발생 시 자동으로 읽기 복제본을 프로모션하고, 애플리케이션이 새로운 기본 데이터베이스 인스턴스에 연결할 수 있도록 엔드포인트 정보를 동적으로 업데이트합니다.

다른 옵션들과 비교해보면:

A: Route 53의 상태 확인과 CNAME을 사용하여 기본 및 복제본 엔드포인트를 모두 가리키도록 설정하는 것은 읽기 복제본을 자동으로 프로모션하는 기능을 제공하지 않습니다. 또한, AWS CloudTrail의 RDS 실패 알림을 SNS를 통해 Lambda 함수로 연결하는 것은 지연이 발생할 수 있으며, 복제본 프로모션을 자동화하는 데 적합하지 않을 수 있습니다.

B: Aurora 사용자 지정 엔드포인트를 생성하여 기본 인스턴스를 가리키도록 하고, CloudTrail을 통해 Lambda 함수를 실행하여 복제본을 프로모션하는 방법은 CloudTrail 이벤트의 지연으로 인해 실시간 프로모션에 부적합할 수 있습니다. 또한, 사용자 지정 엔드포인트를 수동으로 업데이트해야 하는 추가 작업이 필요합니다.

C: Lambda 함수를 사용하여 CloudFormation 템플릿을 수정하고 스택을 업데이트하여 복제본을 프로모션하는 방법은 복잡성이 높으며, 스택 업데이트로 인한 추가적인 지연이 발생할 수 있습니다.

따라서, D가 가장 효과적이고 자동화된 솔루션을 제공합니다."
https://changwhaj.github.io/exam-assets/exam/aws/DOP_C02/DOP2-Q0045.html,"정답: C

설명:
회사는 Amazon EBS 스토리지를 사용하는 Amazon EC2 인스턴스에서 스테이징 웹사이트를 호스팅하고 있으며, 네트워크 연결 문제나 정전 시 최소한의 데이터 손실로 빠르게 복구하기를 원합니다. 이를 위해 Amazon CloudWatch에서 StatusCheckFailed_System 메트릭에 대한 알람을 생성하고, 해당 알람이 트리거될 때 EC2 인스턴스 복구 작업을 수행하도록 설정하는 것이 가장 적합합니다.

StatusCheckFailed_System 메트릭은 인스턴스의 기본 호스트 시스템에서 발생하는 네트워크 연결 문제나 전원 장애와 같은 이슈를 모니터링합니다. 이러한 시스템 수준의 문제가 감지되면, CloudWatch 알람을 통해 자동으로 인스턴스를 복구하도록 설정할 수 있습니다. 복구 작업은 인스턴스를 동일한 인스턴스 ID로 새로운 호스트로 이동시키며, 이 과정에서 인스턴스 스토어 데이터는 손실될 수 있지만, Amazon EBS에 저장된 데이터는 유지됩니다.

다른 옵션들과 비교해보면:

A: EC2 인스턴스를 최소, 최대, 원하는 용량을 1로 설정한 Auto Scaling 그룹에 추가하는 것은 인스턴스 장애 시 새로운 인스턴스를 시작할 수 있지만, 기존 인스턴스의 EBS 볼륨을 자동으로 연결하지 않으므로 데이터 손실이 발생할 수 있습니다.

B: 라이프사이클 후크를 사용하여 인스턴스 종료 시 EBS 볼륨을 분리하는 것은 데이터 보존에 도움이 될 수 있지만, 네트워크 문제나 전원 장애와 같은 예기치 않은 장애 상황에서는 적용되지 않을 수 있습니다.

D: StatusCheckFailed_Instance 메트릭에 대한 알람을 생성하고 인스턴스를 재부팅하는 것은 인스턴스 수준의 문제를 해결하는 데 도움이 되지만, 시스템 수준의 문제(예: 호스트의 전원 장애)에는 효과적이지 않을 수 있습니다.

따라서, C를 선택하는 것이 회사의 요구 사항을 가장 효과적으로 충족합니다."
https://changwhaj.github.io/exam-assets/exam/aws/DOP_C02/DOP2-Q0046.html,"정답: D

설명:
회사는 현재 bash 배포 스크립트를 AWS 개발 도구로 대체하여 Application Load Balancer(ALB) 뒤의 Amazon EC2 인스턴스 그룹에 LAMP 애플리케이션을 배포하고자 합니다. 배포 과정에서 애플리케이션의 단위 테스트, 서비스 중지 및 시작, 로드 밸런서에서 인스턴스 등록 해제 및 재등록, 파일 권한 업데이트 등의 작업이 필요합니다. 이러한 요구 사항을 충족하기 위해 D가 가장 적합합니다.

D는 다음과 같은 단계를 포함합니다:

AWS CodePipeline을 사용하여 AWS CodeBuild 트리거:

CodePipeline은 소스 코드 변경 시 자동으로 CodeBuild를 트리거하여 애플리케이션의 단위 테스트를 수행합니다.
AWS CodeDeploy의 appspec.yml 파일에서 bash 스크립트 호출:

appspec.yml 파일을 통해 배포 수명 주기의 특정 후크(hook)에서 bash 스크립트를 호출하여 서비스를 중지 및 시작합니다.
ALB에서 인스턴스 등록 해제 및 재등록:

CodeDeploy의 배포 그룹 설정을 사용하여 배포 중에 인스턴스를 ALB에서 등록 해제하고, 배포 완료 후 다시 등록합니다.
파일 권한 업데이트:

appspec.yml 파일의 files 섹션에서 파일의 권한을 지정하여 사용자 지정 스크립트 없이 파일 권한을 설정합니다.
이 접근 방식은 기존 bash 스크립트의 기능을 AWS의 관리형 서비스로 대체하여 배포 프로세스를 자동화하고 표준화합니다. 또한, AWS CodePipeline, CodeBuild, CodeDeploy를 통합하여 지속적인 통합 및 배포(CI/CD) 파이프라인을 구축함으로써 효율성과 신뢰성을 높일 수 있습니다.

다른 옵션들과 비교해보면:

A: CodePipeline을 사용하지 않으므로 전체적인 CI/CD 파이프라인 구축에 부족함이 있습니다.

B: CodeDeploy의 배포 그룹을 사용하여 애플리케이션을 테스트하고 서비스를 다시 시작하는 것은 일반적인 사용 사례가 아니며, ALB에서 인스턴스를 등록 해제하고 다시 등록하는 작업을 명확하게 정의하지 않습니다.

C: CodeBuild를 사용하여 ALB에서 인스턴스를 등록 해제하고 다시 등록하는 것은 일반적인 사용 사례가 아니며, 역할 분담이 명확하지 않습니다.

따라서, D가 회사의 요구 사항을 가장 효과적으로 충족합니다."
https://changwhaj.github.io/exam-assets/exam/aws/DOP_C02/DOP2-Q0047.html,"정답: ABF

설명:
회사는 Amazon EC2 인스턴스와 온프레미스 서버에서 애플리케이션을 실행하고 있으며, 두 환경에서 패치 관리를 표준화하고자 합니다. 또한, 회사 정책에 따라 패치는 비업무 시간에만 수행되어야 합니다. 이러한 요구 사항을 충족하기 위해 다음 조치를 취할 수 있습니다:

온프레미스 서버를 AWS Systems Manager에 추가 (A):

**AWS Systems Manager 하이브리드 활성화(Hybrid Activations)**를 사용하여 온프레미스 서버를 Systems Manager에 등록합니다. 이를 통해 온프레미스 서버를 관리 노드로 추가하여 EC2 인스턴스와 동일한 방식으로 관리할 수 있습니다.
EC2 인스턴스에 IAM 역할 부여 (B):

EC2 인스턴스에 적절한 IAM 역할을 연결하여 Systems Manager에서 해당 인스턴스를 관리할 수 있도록 합니다. 이를 통해 EC2 인스턴스에 대한 패치 관리 작업을 수행할 수 있습니다.
패치 작업 스케줄링 (F):

**AWS Systems Manager 유지 관리 창(Maintenance Windows)**을 사용하여 패치 작업을 비업무 시간에 실행되도록 예약합니다. 이를 통해 지정된 시간대에 자동으로 패치 작업이 수행되도록 설정할 수 있습니다.
이러한 조치를 통해 EC2 인스턴스와 온프레미스 서버 모두에 대해 일관된 패치 관리를 구현하고, 회사의 정책에 따라 비업무 시간에만 패치 작업이 수행되도록 할 수 있습니다.

다른 옵션들과 비교해보면:

C: 온프레미스 서버에 IAM 액세스 키를 생성하여 Systems Manager와 상호 작용하도록 설정하는 것은 보안 및 관리 측면에서 권장되지 않습니다. 대신 하이브리드 활성화를 사용하는 것이 더 안전하고 효율적입니다.

D: 시스템에 매시간 패치를 적용하는 것은 비업무 시간에만 패치를 수행해야 한다는 회사 정책에 부합하지 않습니다.

E: Amazon EventBridge를 사용하여 패치 창을 예약할 수 있지만, Systems Manager의 유지 관리 창 기능을 사용하는 것이 더 적합하고 통합된 접근 방식입니다.

따라서, A, B, F를 선택하는 것이 회사의 요구 사항을 가장 효과적으로 충족합니다."
https://changwhaj.github.io/exam-assets/exam/aws/DOP_C02/DOP2-Q0048.html,"정답: D

설명:
회사는 AWS Control Tower를 사용하여 멀티 계정 전략을 구현하고 있으며, 새로운 계정이 생성될 때마다 해당 계정에 맞춤형 AWS CloudFormation 템플릿과 서비스 제어 정책(SCP)을 자동으로 적용하고자 합니다. 이러한 요구 사항을 가장 자동화된 방식으로 충족하기 위해 AWS Control Tower의 사용자 지정(Customizations for AWS Control Tower, CfCT) 솔루션을 사용하는 것이 적합합니다.

CfCT는 AWS Control Tower 환경을 확장하여 사용자 지정 구성을 자동으로 적용할 수 있도록 설계되었습니다. 이를 통해 조직의 계정과 조직 단위(OU)에 대해 CloudFormation 템플릿과 SCP를 자동으로 배포할 수 있습니다. 구체적으로, AWS CodeCommit 리포지토리를 소스로 사용하여 해당 리포지토리에 CloudFormation 템플릿과 SCP JSON 문서를 포함하는 사용자 지정 패키지를 생성합니다. 새로운 계정이 AWS Control Tower의 Account Factory를 통해 생성되면, CfCT는 자동으로 해당 계정에 지정된 리소스와 정책을 배포합니다.

다른 옵션들과 비교해보면:

A: AWS Service Catalog를 사용하여 포트폴리오와 제품을 생성하고 권한을 부여하는 방법은 수동 작업이 필요하며, 새로운 계정에 리소스를 자동으로 배포하는 데 적합하지 않습니다. 또한, SCP를 배포하기 위해 AWS CLI와 JSON 문서를 사용하는 것은 자동화 수준이 낮습니다.

B: CloudFormation 스택 세트를 사용하여 자동 배포를 활성화하는 방법은 일부 자동화를 제공하지만, 새로운 계정이 생성될 때마다 수동으로 스택 인스턴스를 추가해야 할 수 있으며, SCP 배포에 대한 완전한 자동화를 보장하지 않습니다.

C: Amazon EventBridge 규칙을 사용하여 CreateManagedAccount 이벤트를 감지하고 AWS Service Catalog를 대상으로 구성하는 방법은 이벤트 감지 측면에서는 자동화되지만, SCP 배포를 위해 AWS CLI와 JSON 문서를 사용하는 것은 자동화 수준이 낮습니다.

따라서, D인 AWS Control Tower의 사용자 지정(Customizations for AWS Control Tower, CfCT) 솔루션을 사용하는 것이 회사의 요구 사항을 가장 효과적으로 충족합니다."
https://changwhaj.github.io/exam-assets/exam/aws/DOP_C02/DOP2-Q0049.html,"정답: C

설명:
미국에 본사를 둔 온라인 소매 회사가 유럽과 아시아로의 확장을 계획하고 있습니다. 현재 애플리케이션은 Application Load Balancer 뒤의 Amazon EC2 인스턴스에서 실행되며, 모든 데이터는 Amazon Aurora 데이터베이스 인스턴스에 저장되어 있습니다. 회사는 여러 지역에 배포할 때 단일 제품 카탈로그를 유지하면서도, 규정 준수를 위해 고객 정보와 구매 내역은 각 지역에 보관해야 합니다.

이러한 요구 사항을 최소한의 애플리케이션 변경으로 충족하기 위해 C를 선택하는 것이 가장 적합합니다:

제품 카탈로그: Amazon Aurora를 사용하고, 각 지역에 읽기 복제본(Read Replica)을 생성합니다. 이를 통해 모든 지역에서 단일 제품 카탈로그를 공유하면서도, 각 지역에서의 읽기 지연 시간을 최소화할 수 있습니다.

고객 정보와 구매 내역: 각 지역에 별도의 로컬 Aurora 인스턴스를 배포하여 해당 데이터를 저장합니다. 이를 통해 지역별 데이터 저장 규정을 준수할 수 있습니다.

이 접근 방식은 현재 사용 중인 Aurora 데이터베이스 구조를 최대한 활용하므로, 애플리케이션 코드의 변경을 최소화할 수 있습니다. 또한, Aurora의 읽기 복제본 기능을 활용하여 글로벌 읽기 성능을 향상시키고, 지역별 데이터 저장 요구 사항을 충족할 수 있습니다.

다른 옵션들과 비교해보면:

A: Amazon Redshift는 데이터 웨어하우징 솔루션으로, 제품 카탈로그와 같은 트랜잭션 데이터베이스로 사용하기에는 적합하지 않습니다. 또한, Amazon DynamoDB를 도입하면 현재의 데이터베이스 구조와 호환되지 않아 애플리케이션 변경이 많이 필요할 수 있습니다.

B: Amazon DynamoDB 글로벌 테이블을 사용하면 단일 제품 카탈로그를 유지할 수 있지만, 현재 Aurora를 사용하고 있으므로 DynamoDB로의 전환은 상당한 애플리케이션 변경을 요구합니다.

D: 고객 정보와 구매 내역을 Amazon DynamoDB 글로벌 테이블에 저장하는 것은 데이터의 지역별 저장 요구 사항을 충족하지 못할 수 있으며, 현재의 Aurora 기반 구조에서 DynamoDB로의 전환은 추가적인 애플리케이션 변경을 필요로 합니다.

따라서, C가 회사의 요구 사항을 최소한의 애플리케이션 변경으로 가장 효과적으로 충족합니다."
https://changwhaj.github.io/exam-assets/exam/aws/DOP_C02/DOP2-Q0050.html,"정답: B

설명:
회사는 전 세계적으로 접근 가능한 API 스택을 설계하고 있으며, 북미와 유럽의 사용자들에게 높은 신뢰성과 빠른 응답 시간을 제공하고자 합니다. API 스택은 Amazon API Gateway, AWS Lambda, Amazon DynamoDB로 구성되어 있습니다. 이러한 요구 사항을 충족하기 위해 B를 선택하는 것이 가장 적합합니다.

B는 다음과 같은 구성을 제안합니다:

Amazon Route 53 설정:

지연 시간 기반 라우팅(latency-based routing)과 상태 확인(health checks)을 사용하여 북미와 유럽의 API Gateway 엔드포인트로 트래픽을 분산시킵니다. 이를 통해 사용자는 지리적으로 가장 가까운 리전의 API Gateway를 통해 빠른 응답 시간을 경험할 수 있습니다.
API Gateway와 Lambda 통합:

각 리전의 API Gateway는 해당 리전의 AWS Lambda 함수로 요청을 전달합니다. 이를 통해 지역별로 트래픽을 효율적으로 처리할 수 있습니다.
DynamoDB 글로벌 테이블 사용:

AWS Lambda 함수는 Amazon DynamoDB 글로벌 테이블을 사용하여 데이터를 검색하고 업데이트합니다. 글로벌 테이블은 여러 리전에 걸쳐 데이터를 자동으로 복제하므로, 각 리전의 Lambda 함수는 지연 시간 없이 데이터를 액세스하고 업데이트할 수 있습니다.
이러한 구성은 다음과 같은 이점을 제공합니다:

높은 신뢰성: 상태 확인을 통해 비정상적인 엔드포인트를 감지하고, 트래픽을 정상적인 엔드포인트로 자동으로 라우팅하여 서비스 가용성을 유지합니다.

빠른 응답 시간: 지연 시간 기반 라우팅을 통해 사용자는 가장 가까운 리전의 API Gateway를 통해 서비스를 이용하므로, 지연 시간을 최소화할 수 있습니다.

데이터 일관성: DynamoDB 글로벌 테이블을 사용하여 여러 리전 간의 데이터 동기화를 자동으로 처리하므로, 데이터 일관성을 유지하면서도 지연 시간을 줄일 수 있습니다.

다른 옵션들과 비교해보면:

A: 상태 확인만을 사용하여 트래픽을 라우팅하므로, 지연 시간 최적화가 부족합니다. 또한, 각 리전의 DynamoDB 테이블 간에 데이터 동기화가 자동으로 이루어지지 않아 데이터 일관성에 문제가 발생할 수 있습니다.

C: 재해 복구를 위한 설정이지만, 모든 트래픽이 기본적으로 북미 리전으로 라우팅되므로 유럽 사용자에게는 지연 시간이 증가할 수 있습니다. 또한, 장애 발생 시 수동으로 Route 53 설정을 변경해야 하므로 자동화 수준이 낮습니다.

D: 지연 시간 기반 라우팅을 사용하지만, API Gateway가 북미 리전에만 존재하므로 유럽 사용자에게는 지연 시간이 증가할 수 있습니다. 또한, DynamoDB 테이블이 글로벌 테이블로 설정되지 않아 데이터 동기화에 문제가 발생할 수 있습니다.

따라서, B가 회사의 요구 사항을 가장 효과적으로 충족합니다."
https://changwhaj.github.io/exam-assets/exam/aws/DOP_C02/DOP2-Q0051.html,"정답: C

설명:
중첩된 스택 사용: 공통 인프라 구성 요소를 정의하고 재사용성을 높이기 위해 필요합니다.
Fn::ImportValue 함수: 중첩된 스택의 리소스와 함께 사용하여 VPC 및 서브넷 값을 가져옵니다.
CreateChangeSet 및 ExecuteChangeSet: 기존 개발 환경을 업데이트하는 데 적합한 명령어입니다.
추가 참고:
C가 77%의 높은 투표율로 가장 많은 지지를 받았으며, AWS 설명서의 제한사항을 반영한 올바른 접근입니다. 문제 링크에서 자세한 내용을 확인하세요."
https://changwhaj.github.io/exam-assets/exam/aws/DOP_C02/DOP2-Q0052.html,"정답: B. AWS Config 조직 규칙 설정

설명:
AWS Config 조직 규칙은 모든 계정에서 규정 준수를 중앙에서 관리하고 자동화하는 가장 효율적인 방법입니다.
이를 통해 Amazon EBS 볼륨 암호화 상태를 확인하고 정책 위반을 실시간으로 감지할 수 있습니다.
AWS Config는 지속적인 모니터링과 자동 감사 기능을 제공하여 일관된 규정 준수를 보장합니다.
추가적으로 SCP(Service Control Policy)를 사용하여 AWS Config의 중지 또는 삭제를 제한할 수 있습니다.
이는 규정 준수 관리 및 보안 강화를 위한 모범 사례입니다."
https://changwhaj.github.io/exam-assets/exam/aws/DOP_C02/DOP2-Q0053.html,"정답: ABE

설명:
A. AWS Systems Manager 에이전트 설치 및 실행 확인

Amazon Inspector는 SSM 에이전트를 통해 EC2 인스턴스를 스캔합니다. SSM 에이전트가 설치 및 실행되지 않았다면 스캔이 불가능합니다.
B. 포트 443에서 AWS SSM 서비스 엔드포인트로 아웃바운드 통신 허용

SSM 에이전트는 AWS SSM 서비스와 통신해야 하므로 보안 그룹에서 해당 통신이 허용되어야 합니다.
E. SSM과 통신할 권한을 가진 인스턴스 프로필 연결

EC2 인스턴스가 SSM과 통신하기 위해 적절한 IAM 권한이 필요합니다.
이 조합은 Amazon Inspector가 정상적으로 스캔을 수행하기 위한 필수 조건을 충족합니다."
https://changwhaj.github.io/exam-assets/exam/aws/DOP_C02/DOP2-Q0054.html,"정답: C

설명:
C: pullRequestCreated와 pullRequestSourceBranchUpdated 이벤트에 반응하는 Amazon EventBridge 규칙을 사용하여 CodePipeline 파이프라인을 호출하고, CodeBuild 작업을 통해 애플리케이션 테스트를 실행하는 방법입니다. 이 규칙은 풀 리퀘스트 생성 및 소스 브랜치 업데이트에 반응하여 자동으로 테스트를 실행하고, 테스트 배지를 풀 요청에 댓글로 게시하여 개발자가 검토 중에 쉽게 볼 수 있도록 합니다.

이 방법은 자동화된 코드 검토를 가능하게 하여, 개발 팀이 풀 리퀘스트를 검토할 때 자동화된 테스트 결과를 더 쉽게 확인할 수 있도록 해 줍니다."
https://changwhaj.github.io/exam-assets/exam/aws/DOP_C02/DOP2-Q0055.html,"정답: A

설명:
가장 비용 효율적인 방법은 Amazon CloudWatch Logs를 사용하여 VPC 흐름 로그를 캡처하고, 특정 IP 주소를 필터링하여 알림을 설정하는 것입니다.

CloudWatch Logs에 로그 그룹을 생성하고, VPC 흐름 로그에서 허용된 트래픽을 캡처하여 로그 그룹에 데이터를 보냅니다.
그런 다음 CloudWatch 지표 필터를 생성하여 거부 목록에 있는 IP 주소를 필터링하고, 해당 필터를 사용하여 CloudWatch 경고를 설정합니다.
경고가 트리거되면 Amazon SNS를 통해 보안 팀에 알림을 보냅니다.
이 방법은 비용 효율적이며, 실시간으로 보안 팀에 알림을 보낼 수 있는 자동화된 시스템을 제공합니다."
https://changwhaj.github.io/exam-assets/exam/aws/DOP_C02/DOP2-Q0056.html,"정답: AE

설명:
A. 수동 승인 작업 삽입

테스트와 배포 작업 사이에 수동 승인 작업을 삽입하여 QA 팀이 프로덕션 환경에 배포하기 전에 빌드 아티팩트를 검사하고 침투 테스트를 진행할 수 있게 합니다.
E. Lambda 함수로 REST API 호출

AWS Lambda를 사용하여 침투 테스트 도구의 REST API를 호출합니다. Lambda를 통해 자동화된 테스트 호출을 처리하면, 수동 단계가 줄어들고 테스트 프로세스의 일관성을 유지할 수 있습니다.
이 조합은 수동 승인과 자동화된 테스트 호출을 적절히 결합한 접근법입니다."
https://changwhaj.github.io/exam-assets/exam/aws/DOP_C02/DOP2-Q0057.html,"정답: A

설명:
AWS Elastic Beanstalk을 사용하여 두 지역에 애플리케이션을 배포하고, DynamoDB 글로벌 테이블을 통해 세션 데이터를 실시간으로 복제합니다.
Amazon Route 53의 가중 라우팅 정책을 사용하여 트래픽을 두 지역에 분배하고, 헬스 체크를 통해 활성 지역이 정상적인지 모니터링합니다.
이 설정은 요구 사항에 맞는 실시간 데이터 복제 및 자동 장애 조치를 지원하며, 1%의 요청을 보조 리전으로 라우팅하는 방식도 구현 가능합니다."
https://changwhaj.github.io/exam-assets/exam/aws/DOP_C02/DOP2-Q0058.html,"정답: BD

설명:
B. AWS CodeDeploy에서 애플리케이션 개정판과 배포 그룹을 만듭니다. CodeDeploy에서 환경을 만듭니다. EC2 인스턴스를 CodeDeploy 환경에 등록합니다.

AWS CodeDeploy는 애플리케이션을 EC2 인스턴스에 자동으로 배포할 수 있도록 환경과 배포 그룹을 설정해야 합니다. EC2 인스턴스를 등록하면 CodeDeploy가 자동으로 인스턴스를 관리합니다.
D. AWS CodePipeline을 사용하여 CodeBuild 작업을 호출하고, 각 애플리케이션 스택에 대한 CloudFormation 변경 세트를 만들고, 수동 승인 단계를 위해 일시 중지합니다. 승인 후 CloudFormation 변경 세트를 실행하고 AWS CodeDeploy 배포를 시작합니다.

AWS CodePipeline을 통해 전체 프로세스를 자동화하면서 수동 승인 단계를 추가하여 변경 사항을 승인 받은 후, CloudFormation 변경 세트와 CodeDeploy를 실행하여 배포를 완료합니다.
이 두 가지 단계를 결합하면, 배포 과정에서 수동 승인 단계를 유지하면서도 가능한 많은 작업을 자동화할 수 있습니다.

B는 AWS CodeDeploy에서 배포 그룹과 애플리케이션 개정판을 생성하고, EC2 인스턴스를 CodeDeploy 환경에 등록하는 방법입니다. 이를 통해 CodeDeploy가 EC2 인스턴스에 애플리케이션을 배포할 수 있도록 설정합니다.
D는 AWS CodePipeline을 사용하여 CodeBuild 작업을 호출하고, CloudFormation 변경 세트를 생성한 후, 수동 승인 단계를 추가하고, 승인이 이루어지면 CloudFormation 변경 세트와 CodeDeploy 배포를 실행하는 방법입니다. 이 방법은 배포의 자동화와 수동 승인을 결합하여 배포 프로세스의 오류 가능성을 줄입니다.

이 두 가지 방법은 배포 자동화와 수동 승인을 효율적으로 결합하여 요구 사항을 충족합니다."
https://changwhaj.github.io/exam-assets/exam/aws/DOP_C02/DOP2-Q0059.html,"정답: C

설명:
C는 AWS CodeDeploy를 사용하여 블루/그린 배포 구성을 통해 두 번째 인스턴스 플릿을 배포하고, 원래 플릿을 변경하지 않고 유지합니다. 배포 그룹에서 1시간 대기 기간을 설정하여 트래픽을 새로운 플릿으로 전환하고, 이후 1시간 후에 원래 플릿을 종료하는 방식입니다. 이 접근법은 요구된 배포 전략을 충족하는 가장 효율적인 방법입니다.

다른 옵션들은 특정 요구 사항을 충족하지 않거나 불필요한 복잡성을 추가할 수 있습니다."
https://changwhaj.github.io/exam-assets/exam/aws/DOP_C02/DOP2-Q0060.html,"정답: B. S3 서버 액세스 로깅을 활성화하고, Amazon Athena를 사용하여 로그 파일에 대해 외부 테이블을 생성한 후, Athena를 사용하여 액세스 패턴을 분석하는 SQL 쿼리를 생성합니다.

설명:
Amazon Athena는 S3에 저장된 데이터를 서버리스로 분석할 수 있는 서비스로, 별도의 인프라 설정 없이 SQL 쿼리를 사용하여 로그 파일을 쉽게 분석할 수 있습니다.

S3 서버 액세스 로깅을 활성화하여 비디오 파일에 대한 액세스 로그를 생성하고, 이 로그를 Athena에서 쿼리하여 인기 있는 비디오 파일 및 특정 날짜에 대한 액세스 패턴을 확인할 수 있습니다.
이 방법은 최소한의 설정으로 요구 사항을 충족할 수 있는 간단하고 비용 효율적인 솔루션입니다."
https://changwhaj.github.io/exam-assets/exam/aws/DOP_C02/DOP2-Q0061.html,"정답: D

설명:
D는 AWS CloudFormation 서비스 역할을 사용하여 필요한 권한을 부여하고, 개발자 IAM 역할에 iam:PassRole 권한을 부여하여 해당 역할을 CloudFormation에 전달할 수 있도록 합니다. 이를 통해 개발자는 CloudFormation 템플릿에 지정된 리소스를 프로비저닝할 수 있습니다.
이 방법은 최소 권한의 원칙을 따르며, 개발자가 필요 이상의 권한을 갖지 않도록 보장합니다."
https://changwhaj.github.io/exam-assets/exam/aws/DOP_C02/DOP2-Q0062.html,"정답: D

설명:
D는 로그인 이벤트를 처리하는 AWS Lambda 함수를 구성하여 EC2 인스턴스에 태그를 추가하고, 해당 인스턴스를 24시간 이내에 종료해야 함을 표시하는 방법입니다. 이후 Amazon EventBridge 규칙을 사용하여 매일 Lambda 함수가 호출되도록 설정하고, 태그가 있는 모든 인스턴스를 종료하는 방식입니다.

이 접근 방식은 자동화된 프로세스로 EC2 인스턴스를 효과적으로 관리하고 요구 사항에 맞게 인스턴스를 종료할 수 있도록 합니다."
https://changwhaj.github.io/exam-assets/exam/aws/DOP_C02/DOP2-Q0063.html,"정답: B

설명:
B는 AWS CloudFormation 스택 세트를 사용하여 조직 내 모든 계정에 대해 AWS Config를 자동으로 활성화하는 방법입니다. AWS CloudFormation 스택 세트를 사용하면 새로운 계정이 생성될 때마다 자동으로 배포되며, AWS Config 설정을 포함한 리소스를 자동으로 설정할 수 있습니다. 이는 AWS Organizations와의 통합을 통해 모든 계정에 동일한 구성을 적용하는 매우 효율적인 방법입니다.

다른 옵션들은 자동으로 AWS Config를 활성화할 수 있는 방법으로 적합하지 않거나, 복잡성을 추가하는 방식입니다."
https://changwhaj.github.io/exam-assets/exam/aws/DOP_C02/DOP2-Q0064.html,"정답: D

설명:
D는 요구사항을 가장 잘 충족하는 방법입니다. 각 애플리케이션에 대해 별도의 AWS CodeCommit 리포지토리를 생성하고, AWS CodeBuild를 사용하여 Docker 이미지를 빌드하여 Amazon ECR에 저장합니다. 이후 AWS CodeDeploy와 Amazon ECS에서 AWS Fargate가 관리하는 인프라에 애플리케이션을 배포합니다.

이 방법은 소스 코드의 중앙 집중식 제어, 일관된 자동화된 배포 파이프라인, 그리고 최소한의 인프라 유지 관리라는 요구사항을 충족합니다.
컨테이너화된 애플리케이션은 관리가 용이하고, Fargate가 인프라를 관리하므로 배포와 유지 관리가 자동화되어 수동 작업을 최소화합니다.
이 방식은 확장 가능하고 유지보수가 용이한 방법으로, DevOps 환경에서 효율적인 배포와 관리를 제공합니다."
https://changwhaj.github.io/exam-assets/exam/aws/DOP_C02/DOP2-Q0065.html,"정답: CDF

설명:
C. 새 지역에 새 ALB 및 Auto Scaling 그룹 리소스를 생성하고 트래픽을 새 Auto Scaling 그룹으로 전달하도록 새 ALB를 구성합니다.

새 리전에 EC2 인스턴스와 ALB를 배포하여, 해당 지역의 사용자들이 더 가까운 서버에 접속할 수 있도록 합니다. 이를 통해 대기 시간을 줄일 수 있습니다.
D. Amazon Route 53 레코드, 상태 확인 및 지연 시간 기반 라우팅 정책을 생성하여 ALB로 라우팅합니다.

Route 53의 지연 시간 기반 라우팅 정책을 사용하여, 사용자가 가장 가까운 리전에 있는 ALB로 트래픽을 라우팅하게 할 수 있습니다. 이는 대기 시간을 최적화하는 데 유효합니다.
F. DynamoDB 테이블을 전역 테이블로 변환합니다.

DynamoDB를 전역 테이블로 설정하면, 두 지역에서 짧은 지연 시간으로 데이터를 읽고 쓸 수 있어 응답 시간이 개선됩니다.
이 세 가지 방법은 대기 시간을 줄이고, 양 지역에서 모두 사용자 가용성을 향상시킬 수 있는 적합한 방법입니다."
https://changwhaj.github.io/exam-assets/exam/aws/DOP_C02/DOP2-Q0066.html,"정답: C

설명:
C는 요구 사항을 가장 효율적으로 충족합니다. 이 방법은 AWS Config 관리 계정을 지정하고, AWS CloudFormation StackSets를 사용하여 모든 계정에 AWS Config 레코더를 배포합니다. AWS Config 규칙은 관리 계정에서 중앙으로 배포됩니다. 또한, AWS CloudTrail 조직 트레일을 관리 계정에서 설정하고, SCP(Service Control Policies)를 사용하여 AWS Config 레코더의 수정이나 삭제를 방지합니다.

이 솔루션은 개별 계정 관리자에게 CloudTrail 트레일과 AWS Config 규칙을 편집하거나 삭제할 수 있는 권한을 허용하면서도 기준 리소스인 AWS Config 레코더와 CloudTrail 조직 트레일을 보호할 수 있습니다.

C는 AWS Config 관리 계정을 지정하고, CloudFormation StackSets를 사용하여 각 계정에 AWS Config 레코더를 생성하며, AWS Config 규칙을 관리 계정에서 배포하는 방법입니다. 또한, CloudTrail 조직 트레일을 관리 계정에서 설정하고, **SCP(서비스 제어 정책)**을 사용하여 AWS Config 레코더의 수정 및 삭제를 거부합니다. 이 방식은 조직 수준에서 보안 규칙을 유지하면서, 개별 계정 관리자가 자신의 CloudTrail 트레일과 AWS Config 규칙을 수정할 수 있도록 허용하는 요구 사항을 충족합니다.

A는 CloudFormation 템플릿을 사용하지만, 조직에서 관리되는 AWS Config와 CloudTrail을 설정하는 데는 적합하지 않습니다.
B는 AWS Control Tower를 사용하는 방식인데, Control Tower는 이 요구 사항에 대해 효율적이지 않습니다.
D는 SCP를 사용하여 CloudTrail과 AWS Config에 대한 액세스를 제한하는 방법이지만, 요구 사항에 맞게 더 세부적으로 관리되는 솔루션을 제공합니다.
따라서, C가 가장 효율적이고 요구 사항을 충족하는 방법입니다."
https://changwhaj.github.io/exam-assets/exam/aws/DOP_C02/DOP2-Q0067.html,"정답: AE

설명:
A는 AWS Config에 대한 위임된 관리자 계정을 설정하고, 신뢰할 수 있는 액세스를 활성화하여 조직 내의 모든 계정에 대해 AWS Config를 중앙에서 구성할 수 있도록 합니다. 이를 통해 관리 계정에서 리소스 변경 사항을 기록할 수 있습니다.
E는 위임된 관리자 계정에서 AWS Config 조직 집계기를 생성하고, 조직의 모든 계정 및 모든 리전에서 데이터를 수집하도록 설정하는 방법입니다. 이 설정을 통해 모든 리소스 변경 사항을 중앙 계정에 기록할 수 있습니다.

이 두 가지 방법을 조합하면 AWS Config를 중앙에서 설정하고, 모든 계정의 리소스 변경 사항을 기록할 수 있습니다."
https://changwhaj.github.io/exam-assets/exam/aws/DOP_C02/DOP2-Q0068.html,"정답: B

설명:
B는 회사의 요구 사항에 가장 적합한 배포 전략을 제공합니다.

AWS CloudFormation을 사용하여 Lambda 함수 버전을 관리하고, API Gateway와 함께 배포합니다.
코드를 변경할 때는 CloudFormation 스택을 업데이트하고, 카나리 릴리스 전략을 사용하여 트래픽을 새로운 버전으로 점진적으로 이동시킬 수 있습니다.
테스트 완료 후에는 새 버전을 전체 사용자에게 홍보합니다.
이 방법은 서버리스 아키텍처와 트래픽의 점진적 전환을 잘 지원하며, 새 기능 테스트를 소수의 사용자에게 먼저 제공하는 요구 사항을 충족합니다."
https://changwhaj.github.io/exam-assets/exam/aws/DOP_C02/DOP2-Q0069.html,"정답: B

설명:
B는 CodeCommit의 pullRequestCreated 이벤트와 일치하는 Amazon EventBridge 규칙을 생성하고, 이 규칙을 통해 CodeBuild 프로젝트를 트리거하여 단위 및 통합 테스트를 실행합니다. 이벤트 페이로드에는 CodeCommit 리포지토리와 분기 정보가 포함됩니다. 이를 통해 풀 요청이 병합되기 전에 코드 변경 사항에 대한 테스트를 자동으로 실행할 수 있습니다.

이 솔루션은 풀 요청에 대한 테스트를 병합 전에 실행하는 요구 사항을 충족하며, 파이프라인이 실패하는 문제를 미리 방지할 수 있습니다."
https://changwhaj.github.io/exam-assets/exam/aws/DOP_C02/DOP2-Q0070.html,"정답: D

설명:
D는 요구 사항을 가장 효율적으로 충족하는 방법입니다.

AWS Systems Manager Automation 런북을 사용하여 애플리케이션을 재시작하는 스크립트를 실행하고, Amazon EventBridge 규칙을 사용하여 CloudWatch 알람이 ALARM 상태로 전환될 때 자동으로 해당 런북을 실행하게 할 수 있습니다.
이 접근 방식은 SNS나 Lambda를 추가로 구성하지 않고, EventBridge를 통해 직접 자동화된 프로세스를 트리거할 수 있기 때문에 더 간단하고 운영 효율적입니다.
다른 옵션들은 더 많은 구성 요소를 요구하거나 복잡도를 높이는 경향이 있습니다."
https://changwhaj.github.io/exam-assets/exam/aws/DOP_C02/DOP2-Q0071.html,"정답: ACE

설명:
A. AWS CloudTrail에서 IAM CreateUser API 호출에 반응하는 Amazon EventBridge 규칙을 생성합니다.

IAM CreateUser API 호출을 모니터링하여 새 IAM 사용자가 생성될 때 트리거할 수 있습니다. 이를 통해 새로운 사용자 생성 시마다 즉시 반응할 수 있습니다.
C. EventBridge 규칙의 대상인 AWS Lambda 함수를 만듭니다. Lambda 함수를 구성하여 모든 액세스 키를 비활성화하고 IAM 사용자와 연결된 로그인 프로필을 삭제합니다.

Lambda 함수를 사용하여 새로 생성된 IAM 사용자의 액세스 키를 비활성화하고 로그인 프로필을 삭제할 수 있습니다. 이렇게 하면 자격 증명이 즉시 비활성화됩니다.
E. EventBridge 규칙의 대상인 Amazon Simple Notification Service(Amazon SNS) 토픽을 만듭니다. 보안 팀의 그룹 이메일 주소를 토픽에 구독합니다.

SNS를 사용하여 보안 팀에게 알림을 보내는 방식입니다. SNS 토픽에 보안 팀 이메일을 구독시켜 실시간으로 알림을 받을 수 있습니다.
이 세 가지 단계를 조합하면 요구 사항을 충족하여 새로운 IAM 사용자가 생성될 때 자격 증명을 비활성화하고, 보안 팀에 즉시 알림을 전송할 수 있습니다."
https://changwhaj.github.io/exam-assets/exam/aws/DOP_C02/DOP2-Q0072.html,"정답: B

설명:
B는 AWS CodePipeline을 사용하고, AWS CodeDeploy를 배포 공급자로 사용하여 ECS, EC2, Lambda에 애플리케이션을 배포하는 솔루션입니다. CodeDeploy는 다양한 배포 전략을 지원하며, 수동 승인 작업을 설정하여 파이프라인을 제어할 수 있습니다. 이 방식은 요구 사항에 맞는 지속적인 배포 파이프라인을 구현할 수 있습니다.

AWS CodeDeploy는 EC2 및 Lambda에서 잘 작동하며, ECS에 대한 지원도 제공하고, 수동 승인을 통한 배포 조정을 할 수 있습니다.
이 솔루션은 GitHub와의 통합 및 수동 승인 작업을 모두 처리할 수 있어 요구 사항을 충족합니다."
https://changwhaj.github.io/exam-assets/exam/aws/DOP_C02/DOP2-Q0073.html,"정답: A

설명:
A는 가장 비용 효율적인 방법입니다. Auto Scaling 그룹에 중지된 상태의 EC2 인스턴스를 포함한 워밍 풀을 구성하고, autoscaling:EC2_INSTANCE_LAUNCHING 라이프사이클 후크를 설정하면, 인스턴스가 시작될 때 요청을 처리할 준비가 되기 전에 기존 인스턴스를 빠르게 연결할 수 있습니다.

이 방법은 S3에서 데이터를 다운로드하는 시간을 절약하고, 인스턴스를 빠르게 준비시키는 동시에 비용을 최소화하는 방식입니다. 중지된 인스턴스는 시작할 때만 비용이 발생하므로, 비용 효율적입니다.

C는 EC2 인스턴스가 실행 중인 상태에서 워밍 풀을 사용하는 방식으로, 비용이 더 많이 발생할 수 있습니다."
https://changwhaj.github.io/exam-assets/exam/aws/DOP_C02/DOP2-Q0074.html,"정답: D

설명:
D는 --acl authenticated-read를 제거하고, S3 버킷 정책을 사용하여 특정 AWS 계정에만 읽기 액세스를 허용하는 방법입니다.

--acl authenticated-read는 인증된 모든 AWS 사용자가 S3 객체에 액세스할 수 있게 하므로 이를 제거해야 합니다.
그런 다음 버킷 정책을 설정하여 특정 AWS 계정에 대해서만 액세스를 허용하고, 그 외의 사용자에게는 액세스를 차단합니다.
이 방법은 불필요한 공개 액세스를 차단하고, 필요한 AWS 계정에만 액세스를 허용하여 보안을 강화하는 적절한 방법입니다."
https://changwhaj.github.io/exam-assets/exam/aws/DOP_C02/DOP2-Q0075.html,"정답: B

설명:
B는 AWS CodeGuru Reviewer를 사용하여 CodeCommit 리포지토리에서 하드코딩된 비밀을 자동으로 감지하는 방법입니다. 이 과정에서 AWS Secrets Manager에서 비밀을 안전하게 가져오도록 코드를 업데이트합니다.

CodeGuru Reviewer는 코드에서 하드코딩된 비밀을 탐지하고, 이를 Secrets Manager와 같은 보안 서비스에서 가져오도록 코드에 변경을 권장합니다.
이 방법은 자동화된 보안 검토를 제공하며, 개발자가 보안을 강화할 수 있도록 돕습니다."
https://changwhaj.github.io/exam-assets/exam/aws/DOP_C02/DOP2-Q0076.html,"정답: B

설명:
B는 AWS Config 관리형 규칙인 s3-bucket-server-side-encryption-enabled를 활성화하여 모든 기존 S3 버킷과 새 S3 버킷에 대해 서버 측 암호화가 활성화되도록 하는 방법입니다. 이 규칙은 기존 S3 버킷에 대해서도 재평가 프로세스를 통해 암호화 상태를 확인할 수 있도록 구성됩니다. 또한, AWS-EnableS3BucketEncryption AWS Systems Manager Automation 런북을 수정하여 AES-256 암호화를 적용하는 작업을 자동으로 처리합니다.

이 방법은 모든 버킷에서 암호화를 활성화하는 요구 사항을 충족하며, 재평가 프로세스를 통해 기존 버킷을 자동으로 규정 준수 상태로 전환할 수 있습니다."
https://changwhaj.github.io/exam-assets/exam/aws/DOP_C02/DOP2-Q0077.html,"정답: C

설명:
C는 단일 AWS CodeDeploy 애플리케이션을 사용하고, 각 ALB-Auto Scaling 그룹 쌍에 대해 고유한 배포 그룹을 설정하여 애플리케이션을 병렬로 배포하는 방법입니다.

이 아키텍처는 요구 사항을 충족하면서 최소한의 구성으로 모든 ALB와 Auto Scaling 그룹에 대해 동시에 배포를 트리거할 수 있습니다.
이를 통해 병렬 배포가 가능하며, 단일 CodePipeline을 사용하여 모든 ALB와 Auto Scaling 그룹에 대한 배포를 관리할 수 있습니다."
https://changwhaj.github.io/exam-assets/exam/aws/DOP_C02/DOP2-Q0078.html,"정답: D

설명:
D는 Route 53에서 S3 버킷을 가리키는 가중치 DNS 레코드를 제거하고, DNS 전파가 완료될 때까지 기다리는 방법입니다.

기존의 S3 웹사이트를 제공하는 DNS 레코드를 제거하면, 고객은 더 이상 정적 웹사이트를 받지 않게 되고, 대신 ALB에서 제공하는 동적 웹 애플리케이션을 받게 됩니다.
가중치가 0인 레코드로 변경하거나 삭제하는 방식이 Route 53에서 제대로 작동하려면, DNS 전파가 완료될 때까지 기다리는 것이 중요합니다.
이 방법은 정적 웹사이트를 제공하지 않도록 하는 가장 확실한 방법입니다."
https://changwhaj.github.io/exam-assets/exam/aws/DOP_C02/DOP2-Q0079.html,"정답: B

설명:
B는 AWS CodePipeline에서 승인 작업이 실패하거나 거부된 이벤트를 모두 캡처하는 패턴입니다. 이벤트 패턴에서 category:Approval과 state:Failed 조건을 사용하여 모든 파이프라인에서 실패하거나 거부된 승인 작업에 대한 알림을 받을 수 있습니다. 이 패턴은 승인 작업의 상태가 실패한 경우에 트리거되므로 회사의 요구 사항인 ""실행 상태가 실패할 때 알림""을 충족합니다."
https://changwhaj.github.io/exam-assets/exam/aws/DOP_C02/DOP2-Q0080.html,"정답: D

설명:
D는 CloudFormation init 메타데이터를 사용하여 cfn-init과 cfn-hup 스크립트를 설정하는 방법입니다. 이 방법은 CloudFormation 템플릿 내에서 인스턴스가 시작될 때 구성 파일을 자동으로 다운로드하고, 업데이트가 있을 경우 이를 폴링하여 반영할 수 있도록 합니다.

CloudFormation init 메타데이터는 cfn-init 스크립트를 통해 초기 설정을 처리하고, cfn-hup은 설정 변경 사항을 지속적으로 모니터링하여 변경이 발생하면 이를 자동으로 적용합니다.
이 접근 방식은 구성 파일을 최신 상태로 유지하고 최소한의 지연 시간으로 모든 인스턴스에 변경 사항을 반영하는 요구 사항을 충족합니다."
https://changwhaj.github.io/exam-assets/exam/aws/DOP_C02/DOP2-Q0081.html,"정답: BD

설명:
B. Amazon Kinesis Data Firehose를 사용하여 CloudWatch Logs에서 S3로 로그를 스트리밍합니다.

Amazon Kinesis Data Firehose는 실시간 스트리밍 데이터를 S3 버킷에 자동으로 전달하는 서비스로, CloudWatch Logs에서 로그를 실시간으로 스트리밍하고 S3에 전송할 수 있습니다. 이를 통해 로그 데이터를 지속적으로 수집하고 저장할 수 있습니다.
D. S3 버킷 수명 주기 정책을 설정하여 90일 후 로그를 S3 Glacier로 전환하고, 3,650일 후 로그를 만료시킵니다.

로그가 90일 후 거의 액세스되지 않으므로, S3 Glacier로 전환하여 비용을 절감할 수 있습니다. 또한, S3 수명 주기 정책을 사용하여 로그를 만료시켜 10년간 보관 요구 사항을 충족할 수 있습니다.
이 조합은 로그 데이터를 효율적으로 수집하고 보관하는 비용 효율적인 방법을 제공합니다."
https://changwhaj.github.io/exam-assets/exam/aws/DOP_C02/DOP2-Q0082.html,"정답: BCF

설명:
B. AWS SAM 템플릿 생성

AWS::Serverless::Function 리소스를 사용하여 Lambda 함수를 정의하고, AutoPublishAlias와 DeploymentPreference 속성을 구성하여 카나리아 배포를 설정합니다. LambdaCanary10Percent10Minutes 설정으로 카나리아 배포를 설정하여 10% 트래픽을 먼저 배포하고, 10분 동안 안정성을 테스트합니다.
C. AWS CodeCommit 리포지토리 및 CodePipeline 설정

AWS CodeCommit에서 소스를 가져오고, AWS CodeBuild를 사용하여 SAM 템플릿을 배포합니다. CodeCommit 리포지토리에서 buildspec.yml 파일을 만들어 SAM 애플리케이션을 빌드하고 배포합니다.
F. 각 Lambda 함수에 대해 CloudWatch 경고 생성

Lambda 함수에 대한 CloudWatch 경고를 생성하고, 오류가 감지되면 ALARM 상태로 전환되도록 설정합니다. 오류 지표에서 평가 기간과 Lambda 함수 및 버전에 대한 차원을 설정합니다.
이 세 가지 방법은 Lambda의 카나리아 배포와 자동 롤백을 설정하고, CI/CD 파이프라인을 통한 효율적인 관리가 가능하게 합니다."
https://changwhaj.github.io/exam-assets/exam/aws/DOP_C02/DOP2-Q0083.html,"정답: AD

설명:
A. 네트워크 구성으로 인해 EC2 인스턴스가 NAT 게이트웨이나 인터넷 게이트웨이를 통해 인터넷에 연결할 수 없고, CodeDeploy 엔드포인트에 접근할 수 없습니다.

EC2 인스턴스가 CodeDeploy 엔드포인트에 접근하려면 인터넷 연결이 필요합니다. 만약 NAT 게이트웨이나 인터넷 게이트웨이가 제대로 구성되지 않았다면 배포가 실패할 수 있습니다.
D. 적절한 권한이 있는 인스턴스 프로필이 대상 EC2 인스턴스에 연결되지 않았습니다.

CodeDeploy가 EC2 인스턴스에 배포를 진행하려면 적절한 권한을 가진 IAM 인스턴스 프로필이 연결되어 있어야 합니다. 권한이 부족하면 배포가 실패하고 ""건너뜀"" 상태로 표시될 수 있습니다.
이 두 가지 이유는 ""배포가 건너뜀"" 상태로 표시되는 가장 일반적인 원인입니다."
https://changwhaj.github.io/exam-assets/exam/aws/DOP_C02/DOP2-Q0084.html,"정답: C

설명:
C는 Amazon EC2 Image Builder를 사용하여 새로운 AMI를 자동으로 생성하고, AWS Systems Manager Parameter Store에 최신 AMI ARN을 매개변수로 저장하는 방법입니다.

개발자는 CloudFormation 템플릿에서 SSM 매개변수를 참조하여 최신 AMI ARN을 자동으로 가져올 수 있습니다.
EC2 Image Builder를 활용하면 AMI 생성을 자동화할 수 있고, 이를 SSM Parameter Store에 저장하여 개발팀이 쉽게 참조할 수 있습니다.
이 방법은 자동화와 확장성을 고려한 가장 적합한 솔루션입니다."
https://changwhaj.github.io/exam-assets/exam/aws/DOP_C02/DOP2-Q0085.html,"정답: C

설명:
C는 ALB 대상 그룹의 상태 확인이 잘못 구성된 경우입니다.

AllowTraffic 수명 주기 이벤트는 ALB가 EC2 인스턴스를 트래픽에 포함시키기 전에 건강 상태를 확인하는 과정에서 문제가 발생할 수 있습니다.
만약 ALB의 상태 확인이 잘못 구성되어 있으면, EC2 인스턴스가 트래픽을 받지 않게 되어 배포가 실패할 수 있습니다.
ALB의 상태 확인 설정을 다시 확인하고 수정하면 문제를 해결할 수 있습니다.
다른 옵션들은 원인으로 적합하지 않습니다:

A는 appspec.yml 파일의 잘못된 스크립트가 문제를 일으킬 수 있으나, AllowTraffic 이벤트 중에 발생하지 않습니다.
B는 배포를 시작한 사용자가 ALB와 상호 작용하는 데 필요한 권한이 없더라도, 배포가 처음부터 실패하지 않고 ALB 상태 확인에서 실패하는 경우입니다.
D는 CodeDeploy 에이전트가 EC2 인스턴스에 설치되지 않았을 경우 처음부터 실패하기 때문에 해당 문제와는 관련이 없습니다."
https://changwhaj.github.io/exam-assets/exam/aws/DOP_C02/DOP2-Q0086.html,"정답: B

설명:
B는 AWS PrivateLink를 사용하여 각 서비스 팀의 **VPC에 있는 네트워크 로드 밸런서(NLB)**에 대한 VPC 엔드포인트를 설정하고, 이를 통해 HTTPS로 프라이빗 네트워크 연결을 사용하여 마이크로서비스 간 통신을 수행하는 방법입니다.

AWS PrivateLink는 VPC 간에 비공개 HTTPS 연결을 제공하고, 공개 인터넷을 사용하지 않으므로 보안 요구 사항을 충족합니다.
각 서비스 팀의 VPC가 CIDR 블록이 겹칠 수 있는 경우에도 이 방법은 안전하게 마이크로서비스 간 통신을 가능하게 합니다.
VPC 엔드포인트를 사용하여 각 서비스 팀이 다른 VPC에 배포된 서비스와 안전하게 연결할 수 있습니다."
https://changwhaj.github.io/exam-assets/exam/aws/DOP_C02/DOP2-Q0087.html,"정답: BD

설명:
B. S3 버킷 정책에 오류가 있습니다.

AccessDenied 오류는 S3 버킷 정책이 잘못 설정되어 있거나, EC2 인스턴스에 필요한 권한이 없을 때 발생할 수 있습니다. 이 경우 S3 버킷 정책을 확인하여 EC2 인스턴스에 적절한 액세스 권한을 부여해야 합니다.
D. IAM 역할 구성에 오류가 있습니다.

EC2 인스턴스가 S3 버킷에 접근하려면 IAM 역할에 적절한 정책이 포함되어야 합니다. 만약 IAM 역할의 권한이 부족하다면 AccessDenied 오류가 발생할 수 있습니다. IAM 역할을 적절히 구성하고, S3에 대한 액세스를 허용하는 정책을 추가해야 합니다.
A, C, E는 이 오류의 원인과 관련이 없습니다:

A는 S3 버킷의 암호화 설정이 객체 다운로드 오류를 일으키지 않습니다.
C는 객체가 S3 Glacier로 이동된 경우지만, AccessDenied 오류와는 관계가 없습니다.
E는 S3 버전 관리가 활성화되어 있어도 AccessDenied 오류의 원인이 되지 않습니다."
https://changwhaj.github.io/exam-assets/exam/aws/DOP_C02/DOP2-Q0088.html,"정답: A

설명:
A는 AWS OpsWorks Stacks를 사용하여 서버 노드를 계층화하고, Chef 레시피를 만들어 /etc/cluster/nodes.config 파일을 업데이트하며, 클러스터 노드의 변경 사항에 따라 서비스를 다시 시작하는 방법입니다. 이 방법은 클러스터에 노드가 추가되거나 제거될 때마다 자동으로 파일을 업데이트하고, 서비스를 자동으로 재시작하여 요구 사항을 충족합니다.

B, C, D는 각각 다른 방법을 제시하지만, OpsWorks와 Chef를 사용하여 클러스터 관리와 자동화를 위한 가장 적합한 솔루션은 A입니다."
https://changwhaj.github.io/exam-assets/exam/aws/DOP_C02/DOP2-Q0089.html,"정답: BD

설명:
B. Content-MD5 매개변수 내에 MD5 체크섬을 포함시킵니다. 오류가 반환되었는지 알아보려면 작업 호출의 반환 상태를 확인하세요.

Content-MD5는 PutObject 작업의 요청에 포함된 MD5 체크섬을 Amazon S3가 확인하도록 합니다. Amazon S3는 제공된 체크섬과 저장된 객체의 체크섬을 비교하여 무결성을 검증합니다. 체크섬이 일치하지 않으면 오류를 반환하므로 데이터가 손상되지 않았음을 확인할 수 있습니다.
D. ETag에 대해 반환된 응답을 확인합니다. 반환된 ETag를 MD5 체크섬과 비교합니다.

ETag는 Amazon S3에 저장된 객체의 MD5 체크섬을 나타냅니다. PutObject 작업 후 반환된 ETag와 로컬에서 계산한 MD5 체크섬을 비교하면, 데이터가 손상되지 않았고 올바르게 전송되었는지 확인할 수 있습니다.
이 두 가지 방법은 데이터 무결성을 확인하고, 데이터를 손상 없이 Amazon S3로 전송했는지 검증하는 데 적합한 방법입니다."
https://changwhaj.github.io/exam-assets/exam/aws/DOP_C02/DOP2-Q0090.html,"정답: A

설명:
A는 AWS CodePipeline에서 배포 작업 후 Lambda 함수를 호출하여 SDK를 API Gateway에서 다운로드하고 S3 버킷에 업로드한 후, 해당 SDK 경로에 대해 CloudFront 무효화를 생성하는 방법입니다. 이 솔루션은 자동화된 SDK 배포와 CloudFront 캐시 무효화를 통해, API 배포 후 새 SDK가 웹 클라이언트에 즉시 제공되도록 보장합니다.

이 방식은 AWS CodePipeline을 사용하여 전체 배포 프로세스를 자동화하는 방법으로, 요구 사항에 가장 적합합니다."
https://changwhaj.github.io/exam-assets/exam/aws/DOP_C02/DOP2-Q0091.html,"정답: A

설명:
A는 BeforeAllowTraffic 후크를 사용하여 트래픽이 새 Lambda 함수 버전으로 전달되기 전에 데이터베이스 변경 사항이 전파될 때까지 기다리도록 설정하는 방법입니다.

이 후크는 Lambda 함수가 새로운 버전으로 배포되기 전에 필요한 데이터베이스 변경 사항이 완료되고 준비되었는지 확인하는 데 사용됩니다.
이 방법은 배포 후의 간헐적인 실패를 방지할 수 있도록 합니다."
https://changwhaj.github.io/exam-assets/exam/aws/DOP_C02/DOP2-Q0092.html,"정답: A

설명:
A는 AWS Config의 평가 결과인 NON_COMPLIANT를 Amazon EventBridge 규칙으로 캡처하고, 이를 SNS 토픽에 알림으로 게시하는 방법입니다. 이 규칙은 restricted-ssh 규칙을 기준으로 비준수인 보안 그룹에 대한 알림을 생성합니다. 또한, 입력 변환기를 구성하여 알림 내용을 사용자 정의할 수 있습니다.

이 방법은 사용자 지정 알림을 제공하고, 실시간 알림을 위해 SNS를 통해 적절한 인력에게 전달할 수 있는 효율적인 방법입니다."
https://changwhaj.github.io/exam-assets/exam/aws/DOP_C02/DOP2-Q0093.html,"정답: BD

설명:
B. 두 지역에 Amazon Aurora 글로벌 데이터베이스를 데이터 저장소로 만듭니다. 장애가 발생하면 보조 지역을 애플리케이션의 기본 지역으로 승격합니다.

Amazon Aurora 글로벌 데이터베이스는 여러 지역에 걸쳐 데이터베이스를 복제할 수 있어 장애 조치 및 재해 복구 요구 사항을 충족합니다. 장애 발생 시 보조 지역을 기본 지역으로 승격하는 방식으로 RPO와 RTO를 충족할 수 있습니다.
D. 두 지역에 애플리케이션을 설정하고 두 지역의 애플리케이션 로드 밸런서를 가리키는 Amazon Route 53 장애 조치 기반 라우팅을 사용합니다. 상태 검사를 사용하여 주어진 지역의 가용성을 확인합니다. 각 지역의 자동 확장 그룹을 사용하여 수요에 따라 용량을 조정합니다.

Route 53 장애 조치 기반 라우팅을 사용하여 두 지역 간 자동 장애 조치를 설정하고, Auto Scaling 그룹을 통해 각 지역에서 수요에 맞게 용량을 조정합니다. 이 방법은 10분 이내의 RTO와 2시간의 RPO를 충족할 수 있습니다.
A와 C는 여러 지역에서 Aurora 클러스터를 사용하는 방법으로 불가능한 설정을 포함하고 있으므로 제외됩니다."
https://changwhaj.github.io/exam-assets/exam/aws/DOP_C02/DOP2-Q0094.html,"정답: C

설명:
C는 CodePipeline에서 각 Lambda 함수에 대한 작업을 병렬로 실행하도록 runOrder를 동일하게 설정하는 방법입니다.

runOrder를 동일하게 설정하면, 각 Lambda 함수에 대한 빌드, 테스트, 배포 작업을 동시에 실행할 수 있습니다. 이렇게 하면 파이프라인의 전체 실행 시간을 단축할 수 있습니다.
현재 설정에서는 Lambda 함수들이 순차적으로 실행되고 있으므로, 병렬 실행으로 변경하면 큰 속도 향상을 이룰 수 있습니다."
https://changwhaj.github.io/exam-assets/exam/aws/DOP_C02/DOP2-Q0095.html,"정답: B

설명:
B는 AWS CloudFormation 스택 업데이트가 실패하고 UPDATE_ROLLBACK_FAILED 상태로 갇힌 경우, IAM 역할을 업데이트하여 필요한 권한을 부여하고 aws cloudformation continue-update-rollback 명령을 실행하여 롤백을 계속할 수 있는 방법입니다.

UPDATE_ROLLBACK_FAILED 상태에서는 스택에 대해 할 수 있는 두 가지 작업은 continue-update-rollback 또는 delete-stack입니다. 이 경우 권한 부족이 원인일 수 있기 때문에 IAM 역할 업데이트가 필요합니다."
https://changwhaj.github.io/exam-assets/exam/aws/DOP_C02/DOP2-Q0096.html,"정답: B

설명:
B는 Amazon CloudWatch 에이전트를 사용하여 EC2 인스턴스에서 로그를 CloudWatch Logs로 전송하고, AWS CloudTrail을 사용하여 API 로그를 CloudWatch Logs로 전송합니다. 마지막으로 CloudWatch Logs Insights를 사용하여 두 로그 세트를 쿼리하는 방법입니다.

CloudWatch Logs Insights는 CloudWatch Logs 내의 데이터를 쿼리하고 분석하는 데 최적화된 도구로, 두 로그 세트 모두에 대해 효율적인 쿼리와 분석을 제공합니다.
이 방법은 간단하고 효율적이며, CloudWatch Logs와 CloudWatch Logs Insights를 활용하여 애플리케이션 로그와 AWS 계정 API 활동을 모두 쿼리하는 데 적합합니다.
다른 옵션들은 CloudWatch Logs Insights를 사용하지 않거나 적합한 솔루션을 제공하지 않으므로 B가 올바른 답입니다."
https://changwhaj.github.io/exam-assets/exam/aws/DOP_C02/DOP2-Q0097.html,"정답: D

설명:
D는 Amazon Inspector를 사용하여 EC2 인스턴스에서 취약점을 감지하고, Amazon CloudWatch Agent를 설치하여 시스템 로그를 캡처하고 CloudWatch Logs에 기록하는 방법입니다.

Amazon Inspector는 EC2 인스턴스를 비롯한 AWS 자원에서 소프트웨어 취약점과 네트워크 노출을 실시간으로 감지할 수 있어 새로운 취약점이 발견되면 알림을 받을 수 있습니다.
CloudWatch Agent를 설치하여 로그 활동을 실시간으로 모니터링하고 CloudWatch Logs에 기록함으로써 로그인 활동에 대한 감사 추적을 생성할 수 있습니다.
이 방법은 취약점 탐지와 로그인 활동 추적을 모두 충족할 수 있습니다."
https://changwhaj.github.io/exam-assets/exam/aws/DOP_C02/DOP2-Q0098.html,"정답: B

설명:
B는 Auto Scaling 그룹을 구성하여 EC2 인스턴스 시작 실패 시 Amazon SNS 주제로 알림을 보내는 방법입니다. 이를 통해 자동화된 알림을 설정하여 EC2 인스턴스 시작 실패를 신속하게 감지하고 이메일로 알림을 받을 수 있습니다.

Auto Scaling에서 EC2 인스턴스 시작 실패에 대한 알림을 받을 수 있도록 SNS를 사용하여 이메일을 통해 지원 팀에 알릴 수 있습니다.
이 방법은 인스턴스 시작 실패와 같은 이벤트 발생 시 즉시 알림을 받는 요구사항을 만족합니다."
https://changwhaj.github.io/exam-assets/exam/aws/DOP_C02/DOP2-Q0099.html,"정답: D

설명:
D는 AWS Config 적합성 팩을 사용하여 규칙과 수정 작업을 중앙에서 관리하고, 이를 위임된 관리자 계정을 통해 배포하는 방법입니다.

AWS Config 적합성 팩은 여러 AWS 계정과 리전에서 AWS Config 규칙을 중앙에서 배포하고 관리할 수 있는 방법을 제공합니다.
이 방법은 회원 계정의 관리자가 아닌 사용자가 규칙을 수정하지 못하게 보호할 수 있으며, AWS Config의 공통 기준을 관리하는 데 적합합니다.
위임된 관리자 계정에서 팩을 배포함으로써 AWS Config 규칙이 회원 계정에서 수정되지 않도록 보장합니다.
이 접근법은 요구 사항에 맞는 중앙 집중식 관리를 가능하게 하며, 규칙이 조직 내 모든 계정에 일관되게 적용됩니다."
https://changwhaj.github.io/exam-assets/exam/aws/DOP_C02/DOP2-Q0100.html,"정답: B

설명:
B는 Kinesis 소비자 애플리케이션의 수평적 확장을 통해 처리량을 개선하는 방법입니다. 이 방법은 Amazon CloudWatch의 GetRecords.IteratorAgeMilliseconds 지표를 사용하여, 소비자 애플리케이션이 얼마나 뒤처지고 있는지 모니터링한 후, 더 많은 EC2 인스턴스를 추가하여 처리량을 확장하는 방식입니다. 또한 Kinesis 데이터 스트림의 보존 기간을 늘려 데이터를 더 오랫동안 보관하고 처리할 수 있도록 합니다.

이 접근 방식은 운영 효율성을 높이고, 스트림 처리량을 개선하는 데 가장 적합한 솔루션입니다."
https://changwhaj.github.io/exam-assets/exam/aws/DOP_C02/DOP2-Q0101.html,"정답: ACE

설명:
A: AWS Control Tower를 사용하여 새 보안 계정을 만들고 이를 Security Hub의 위임된 관리자 계정으로 구성하여 CIS 벤치마크를 제공하는 방법입니다. 이 설정은 보안 팀만 집계된 결과를 볼 수 있도록 하고, 다른 사용자들이 자신의 계정에서 결과를 볼 수 있게 합니다.

C: AWS IAM Identity Center (AWS SSO) 권한 집합을 만들고, CreateAccountAssignment API를 사용하여 보안 팀 사용자를 권한 집합에 연결하여 위임된 보안 계정과 연동하는 방법입니다. 이를 통해 사용자가 적절한 액세스 권한을 갖도록 합니다.

E: Security Hub에서 자동 활성화를 설정하여 모든 계정이 생성될 때마다 자동으로 Security Hub에 등록되도록 하는 방법입니다. 이 설정은 모든 신규 계정이 Security Hub에 등록되도록 보장합니다.

이 방법들은 보안팀과 사용자의 액세스를 자동화하고 일관된 보안 포스처를 유지하는 데 적합합니다."
https://changwhaj.github.io/exam-assets/exam/aws/DOP_C02/DOP2-Q0102.html,"정답: B

설명:
B는 AWS GuardDuty를 사용하여 모든 기존 및 새 AWS 계정에서 보안 이벤트를 감지하고, 이를 Amazon EventBridge를 통해 SNS 알림으로 전달하는 방법입니다.

GuardDuty를 AWS Organizations의 관리 계정에서 설정하여 새로 생성된 계정을 초대하고, 기존 계정에도 초대를 보내게 합니다.
AWS CloudFormation 스택 세트를 사용하여 GuardDuty 초대 수락과 EventBridge 규칙 생성을 자동화하여 모든 AWS 계정에 일관되게 배포합니다.
SNS를 사용하여 이벤트 발생 시 알림을 운영 팀에 자동으로 전송합니다.
이 접근법은 AWS 모범 사례에 따라 요구 사항을 충족하는 효율적인 방법입니다.

정답: A
A는 Amazon GuardDuty를 사용하여 EC2 인스턴스의 손상된 상태, 의심스러운 네트워크 활동, 비정상적인 API 활동을 모니터링합니다. GuardDuty 관리자 계정을 설정하고, 이를 통해 AWS 조직 내 모든 계정을 GuardDuty 멤버로 추가하여 GuardDuty 이벤트를 감지하고, 이를 EventBridge 규칙을 사용하여 SNS 주제로 알림을 전달하는 방법입니다.
이 방식은 모든 AWS 계정에서 새로운 보안 이벤트를 실시간으로 처리하고 알림을 자동으로 보낼 수 있는 효율적인 방법입니다."
https://changwhaj.github.io/exam-assets/exam/aws/DOP_C02/DOP2-Q0103.html,"정답: B

설명:
B는 Amazon CloudWatch 지표 필터를 사용하여 CRITICAL 이벤트를 검색하고, 사용자 지정 지표를 게시한 후, CloudWatch 경보를 설정하여 SNS 주제에 알림을 게시하는 방법입니다. 이 방법은 로그에서 CRITICAL 이벤트를 추출하고, 이를 기반으로 알림을 생성할 수 있는 가장 적합한 방식입니다.

로그는 이미 CloudWatch Logs에 전송되고 있기 때문에, 이를 CloudWatch 지표 필터로 분석하여 CRITICAL 이벤트를 감지하고 알림을 받을 수 있습니다.
SNS를 사용하여 보안팀에게 즉시 알림을 전송할 수 있습니다.
A, C, D는 요구 사항에 맞지 않거나 불필요한 추가 설정을 포함하고 있습니다."
https://changwhaj.github.io/exam-assets/exam/aws/DOP_C02/DOP2-Q0104.html,"정답: D

설명:
D는 **SCP (서비스 제어 정책)**를 사용하여 승인된 AWS 서비스만 액세스할 수 있도록 설정하고, 이를 조직의 루트 OU에 연결하는 방법입니다.

SCP를 사용하면, 허용된 AWS 서비스만 액세스할 수 있도록 화이트리스트 기반으로 액세스를 제어할 수 있습니다.
FullAWSAccess SCP를 루트 OU에서 제거하여 모든 계정에서 전체 AWS 서비스에 대한 액세스를 제한하고, 승인된 서비스에만 액세스를 허용합니다.
이는 중앙에서 모든 계정에 대한 서비스 액세스를 제어하고, 요구 사항에 맞게 서비스 승인 프로세스를 관리할 수 있는 효율적인 방법입니다.
다른 옵션들은 특정 서비스나 정책 적용에서 복잡하거나 요구 사항에 맞지 않는 부분이 있습니다."
https://changwhaj.github.io/exam-assets/exam/aws/DOP_C02/DOP2-Q0105.html,"정답: B

설명:
B는 Lambda 함수 코드가 미리 서명된 URL에 대한 응답을 반환하는지 확인하는 것입니다.

CloudFormation 사용자 지정 리소스를 사용할 때 Lambda 함수는 미리 서명된 URL에 응답을 보내야 합니다. 이 응답은 리소스 생성 작업의 상태를 CloudFormation에 알려주며, 생성 작업이 성공적으로 완료되었음을 전달해야 합니다.
만약 이 응답이 반환되지 않으면, CloudFormation은 CREATE_IN_PROGRESS 상태에서 CREATE_COMPLETE로 전환되지 않습니다.
따라서 Lambda 함수가 성공적으로 AD 커넥터를 생성한 후, 미리 서명된 URL에 응답을 반환하는 로직을 Lambda 코드에 추가해야 합니다."
https://changwhaj.github.io/exam-assets/exam/aws/DOP_C02/DOP2-Q0106.html,"정답: A

설명:
A는 AWSCodeCommitPowerUser 관리형 정책이 제공하는 기본 권한을 수정하지 않고, 추가적인 IAM 정책을 만들어 GitPush 및 PutFile 작업에 대해 Deny 규칙을 포함시키는 방법입니다. 이 정책에서 메인 브랜치에 대한 조건을 추가하여 개발자가 메인 브랜치에 직접 푸시하지 못하도록 제한할 수 있습니다.

AWS 관리형 정책은 수정할 수 없기 때문에, 새로운 정책을 추가하여 특정 조건에 따라 메인 브랜치에 대한 푸시를 거부하는 규칙을 추가해야 합니다.
B, C, D는 요구 사항을 충족하지 않거나 정책 수정에 있어 제약이 있기 때문에 적합하지 않습니다."
https://changwhaj.github.io/exam-assets/exam/aws/DOP_C02/DOP2-Q0107.html,"정답: D

설명:
D는 지리적으로 고립된 재해 복구(DR) 사이트 요구 사항을 충족하면서, RDS 읽기 전용 복제본을 새 리전에서 생성하고, RDS 읽기 전용 복제본을 승격하여 기본 DB로 사용하는 방법입니다.

Route 53에서 장애 조치 라우팅 정책을 사용하여, 주 지역에서 장애가 발생할 경우 DR 지역으로 자동으로 트래픽을 전환할 수 있습니다.
이 방법은 RTO 4시간, RPO 15분 요구 사항을 충족하고, DB의 고가용성을 유지하면서 재해 복구를 실행할 수 있습니다.
A, B, C는 요구 사항을 충족하지 않거나, RDS 복제본 승격을 포함하지 않아서 장애 복구에 적합하지 않습니다."
https://changwhaj.github.io/exam-assets/exam/aws/DOP_C02/DOP2-Q0108.html,"정답: B

설명:
B는 EC2 IAM 역할을 사용하여 EC2 인스턴스에서 AWS 서비스에 액세스하고, AWS Secrets Manager에서 데이터베이스 자격 증명을 검색하는 방법입니다.

IAM 역할은 EC2 인스턴스에서 필요한 권한을 안전하게 제공하는 방법이며, AWS Secrets Manager는 자격 증명과 같은 민감한 정보를 안전하게 저장하고 관리할 수 있는 서비스입니다.
이를 통해 데이터베이스 자격 증명을 안전하게 관리하고 EC2 인스턴스가 해당 자격 증명을 필요할 때마다 검색할 수 있습니다.
A, C, D는 Secrets Manager나 적절한 IAM 역할을 활용하지 않기 때문에 더 안전한 방법을 제공하지 않습니다."
https://changwhaj.github.io/exam-assets/exam/aws/DOP_C02/DOP2-Q0109.html,"정답: A

설명:
A는 CloudTrail의 StopLogging 이벤트를 Amazon EventBridge를 통해 감지하고, AWS Lambda 함수를 사용하여 StartLogging을 호출하여 CloudTrail을 자동으로 복구하는 방법입니다.

EventBridge 규칙은 StopLogging 이벤트가 발생했을 때 즉시 Lambda 함수를 트리거합니다. 이 함수는 AWS SDK를 사용하여 CloudTrail 로그를 다시 시작하는 작업을 수행합니다.
이 방법은 최소한의 가동 중지 시간을 보장하며, 문제가 발생하면 즉시 교정 작업이 실행됩니다."
https://changwhaj.github.io/exam-assets/exam/aws/DOP_C02/DOP2-Q0110.html,"정답: AD

설명:
A. Create an Amazon S3 gateway endpoint. Update the route tables for the subnets that are running the CodeBuild job.

S3 게이트웨이 엔드포인트는 VPC 내에서 CodeArtifact 리포지토리와 통신하기 위해 필요합니다. VPC 내에서 인터넷 연결 없이 S3에 액세스하려면 S3 게이트웨이 엔드포인트를 만들어야 합니다.
D. Update the role that the CodeBuild project uses so that the role has sufficient permissions to use the CodeArtifact repository.

CodeBuild 프로젝트가 CodeArtifact 리포지토리를 사용할 수 있도록 IAM 역할에 필요한 권한을 추가해야 합니다. 권한이 충분하지 않으면 CodeArtifact에 액세스할 수 없습니다.
이 두 가지 조치를 통해 CodeArtifact를 사용할 수 있게 됩니다."
https://changwhaj.github.io/exam-assets/exam/aws/DOP_C02/DOP2-Q0111.html,"정답: D

설명:
D는 CloudFormation 중첩 스택과 스택 세트를 사용하여 다중 지역 애플리케이션을 배포하고, Amazon SNS를 통해 데이터 엔지니어링 팀에 변경 사항을 알리는 방법입니다.

중첩 스택을 사용하면 복잡한 템플릿을 여러 작은 템플릿으로 나누어 관리할 수 있으며, 이를 통해 여러 템플릿을 올바른 순서로 배포할 수 있습니다.
StackSets를 사용하여 여러 AWS 계정과 리전에서 한 번에 CloudFormation 스택을 배포하고 관리할 수 있습니다.
SNS를 사용하면 템플릿에 대한 변경 사항을 자동으로 알릴 수 있어 효율적인 변경 사항 알림이 가능합니다.
이 방법은 템플릿의 효율적 배포와 변경 사항 알림 요구를 모두 충족하는 최적의 접근법입니다."
https://changwhaj.github.io/exam-assets/exam/aws/DOP_C02/DOP2-Q0112.html,"정답: A

설명:
A는 cfn-signal 도우미 스크립트를 사용하여 CloudFormation에 성공 또는 실패를 알리는 방법입니다. WaitOnResourceSignals 업데이트 정책을 사용하여 CloudFormation 템플릿 내에서 리소스에 대한 업데이트를 기다리고, 적절한 시간 초과를 설정하여 사용자 데이터 실행의 성공 여부에 따라 배포가 실패하도록 할 수 있습니다.

cfn-signal은 EC2 인스턴스에서 실행되는 사용자 데이터 스크립트의 성공 또는 실패를 CloudFormation에 통지하여, 배포가 완료되거나 실패하도록 할 수 있습니다."
https://changwhaj.github.io/exam-assets/exam/aws/DOP_C02/DOP2-Q0113.html,"정답: C

설명:
C는 EC2 Image Builder를 사용하여 최신 버전의 AWS Systems Manager Agent를 포함한 사용자 지정 AMI를 재빌드하고, AmazonSSMManagedInstanceCore 역할을 모든 EC2 인스턴스에 연결하여 Systems Manager Session Manager를 통해 EC2 인스턴스에 로그인할 수 있도록 설정하는 방법입니다.

EC2 Image Builder를 사용하면 최신 버전의 Systems Manager Agent를 포함한 AMI를 자동으로 관리하고 배포할 수 있습니다.
Systems Manager Session Manager를 통해 인터넷 연결 없이 EC2 인스턴스에 안전하게 로그인할 수 있습니다.
Amazon S3에 세션 세부 정보를 로깅하고, S3 이벤트 알림을 설정하여 보안 팀에 알림을 보내는 방식입니다.
이 솔루션은 요구 사항을 모두 충족하며 보안 팀 알림과 자동화된 액세스를 관리할 수 있는 가장 효율적인 방법입니다."
https://changwhaj.github.io/exam-assets/exam/aws/DOP_C02/DOP2-Q0114.html,"정답: B

설명:
B는 AWS Config를 사용하여 모든 기존 및 향후 S3 버킷에 대해 암호화, 로깅, 버전 관리가 활성화되었는지 확인하고, AWS Systems Manager 문서를 사용하여 자동 문제 해결을 구성하는 방법입니다.

AWS Config 규칙을 사용하여 S3 버킷이 요구 사항을 충족하는지 평가하고, 비준수 리소스에 대해 자동으로 수정 작업을 수행할 수 있습니다.
AWS Systems Manager 문서를 사용하면 자동 문제 해결을 적용하여 비준수 상태의 리소스를 즉시 수정할 수 있습니다.
A, C, D는 AWS Config를 활용하지 않거나 요구 사항에 적합하지 않으므로 B가 올바른 답입니다."
https://changwhaj.github.io/exam-assets/exam/aws/DOP_C02/DOP2-Q0115.html,"정답: D

설명:
D는 Amazon EFS를 체크포인트 데이터에 사용하고, EC2 Fleet를 사용하여 EC2 Spot 인스턴스를 시작하는 방법입니다. 사용자 지정 AMI를 만들어 클러스터에서 최신 AMI를 사용하여 인스턴스를 시작합니다. 이를 통해 이미 구성된 AMI를 사용하면 30분 동안 소프트웨어를 설치할 필요 없이 즉시 실행 가능한 상태로 인스턴스를 사용할 수 있습니다.

이 방법은 EC2 Spot 인스턴스를 사용하여 비용을 절감하면서도 사용자 지정 AMI로 인스턴스 구성 시간을 줄일 수 있어, 비용 효율적입니다."
https://changwhaj.github.io/exam-assets/exam/aws/DOP_C02/DOP2-Q0116.html,"정답: A

설명:
A는 Canary 배포를 사용하여 새 애플리케이션 버전을 API Gateway 뒤의 새로운 환경에 배포하는 방법입니다. 트래픽의 작은 하위 집합만 새로운 환경으로 보내고, 나머지 트래픽은 기존 환경에서 처리되므로, 사용자에게 최소한의 중단을 제공합니다. 또한, 문제가 발생하면 롤백이 쉬워지며, 변경 사항을 점진적으로 배포할 수 있습니다.
이 방법은 애플리케이션에 최소한의 변경을 가하면서 요구 사항을 충족할 수 있는 최적의 방법입니다."
https://changwhaj.github.io/exam-assets/exam/aws/DOP_C02/DOP2-Q0117.html,"정답: BCE

설명:
B. Filter the data through Amazon QuickSight to visualize the data.

Amazon QuickSight는 데이터 시각화 및 그래프 생성을 위한 서비스로, CSV 파일을 로드하고 데이터에 대해 시각화를 생성하는 데 유용합니다.
C. Query the data with Amazon Athena.

Amazon Athena는 S3에 저장된 CSV 데이터를 SQL 쿼리를 사용하여 직접 쿼리할 수 있게 해주는 서비스입니다. Athena는 CSV 형식의 데이터를 쿼리할 수 있는 효율적인 방법입니다.
E. Use the AWS Glue Data Catalog as the persistent metadata store.

AWS Glue Data Catalog는 데이터의 메타데이터를 관리하고, Athena에서 데이터를 쿼리할 때 메타데이터 저장소로 사용할 수 있습니다. S3에 저장된 CSV 파일에 대한 메타데이터를 자동으로 저장하고 관리할 수 있습니다.
이 조합은 최소한의 노력으로 데이터 쿼리 및 시각화를 달성하고, 메타데이터 관리를 효율적으로 자동화할 수 있는 방법입니다."
https://changwhaj.github.io/exam-assets/exam/aws/DOP_C02/DOP2-Q0118.html,"정답: CEF

설명:
C: Systems Manager Patch Manager를 사용하여 패치 관리 작업을 예약하는 방법입니다. Systems Manager 유지 관리 창에서 패치를 예약하고 EC2 인스턴스, AWS IoT Greengrass 디바이스, 온프레미스 서버에 패치를 적용합니다.
E: IAM 인스턴스 프로필을 만들고 AWS IoT Greengrass 디바이스와 온프레미스 서버에 대해 IAM 서비스 역할을 생성하여 Systems Manager에 연결하는 방법입니다. 이를 통해 패치 및 관리 작업을 수행할 수 있습니다.
F: **온프레미스 서버에 Systems Manager Agent (SSM Agent)**를 설치하기 위한 관리형 인스턴스 활성화를 생성하는 방법입니다. AWS IoT Greengrass 디바이스에도 SSM Agent를 배포하여 관리합니다.

이 세 가지 방법은 EC2 인스턴스, IoT 디바이스, 온프레미스 서버에 대해 자동화된 패치 및 구성 관리를 구현하는 데 필요한 핵심 단계들입니다."
https://changwhaj.github.io/exam-assets/exam/aws/DOP_C02/DOP2-Q0119.html,"정답: D

설명:
D는 Amazon ElastiCache 클러스터를 사용하여 사용자 세션 정보를 저장하는 방법입니다.

ElastiCache는 Redis 또는 Memcached를 기반으로 세션 정보를 저장할 수 있는 캐시 서비스로, 고속의 읽기 및 쓰기 성능을 제공합니다. 이는 세션 공유와 상태 유지를 위해 매우 효율적이며, 애플리케이션 배포 또는 확장 중에도 사용자 로그인 상태를 유지할 수 있도록 도와줍니다.
S3나 다른 저장소에 비해 지연 시간이 낮고 성능이 뛰어나 운영 효율성 측면에서 가장 적합한 솔루션입니다.
A, B, C는 각각 세션 유지나 공유를 구현하는 데 적합하지 않거나 성능이 떨어지는 방법이기 때문에 최선의 선택은 D입니다."
https://changwhaj.github.io/exam-assets/exam/aws/DOP_C02/DOP2-Q0120.html,"정답: A

설명:
A는 블루/그린 배포에서 요구하는 트래픽 전환과 롤링 재시작을 순차적으로 수행하는 방법입니다.

그린 환경의 자동 스케일링 그룹에서 롤링 재시작을 시작하여 EC2 인스턴스에 새 소프트웨어를 배포합니다.
롤링 재시작이 완료되면, AWS CLI 명령을 사용하여 ALB를 업데이트하여 트래픽을 그린 환경의 대상 그룹으로 전환합니다.
이 방법은 소프트웨어 배포 후 트래픽을 그린 환경으로 한 번에 이동시키는 요구사항을 충족하며, 배포 과정의 효율성을 보장합니다."
https://changwhaj.github.io/exam-assets/exam/aws/DOP_C02/DOP2-Q0121.html,"정답: BE

설명:
B. Create a customer managed KMS key. Configure the KMS key policy to allow the IAM roles used by the CloudFormation action to perform decrypt operations. Modify the pipeline to use the customer managed KMS key to encrypt artifacts.

고객 관리 KMS 키를 생성하고, CloudFormation 작업에 사용되는 IAM 역할이 복호화 작업을 수행할 수 있도록 KMS 키 정책을 설정합니다. 그런 다음 파이프라인을 수정하여 고객 관리 KMS 키로 빌드 아티팩트를 암호화합니다.
E. In the development account and in the production account, create an IAM role for CodePipeline. Configure the roles with permissions to perform CloudFormation operations and with permissions to retrieve and decrypt objects from the artifacts S3 bucket. In the CodePipeline account, modify the artifacts S3 bucket policy to allow the roles access. Configure the CodePipeline CloudFormation action to use the roles.

개발 계정과 프로덕션 계정에서 CodePipeline에 대한 IAM 역할을 만들고, CloudFormation 작업을 수행할 수 있는 권한과 S3 버킷에서 객체를 검색하고 복호화할 수 있는 권한을 부여합니다. 또한 S3 버킷 정책을 수정하여 IAM 역할이 아티팩트에 접근할 수 있도록 허용합니다.
이 두 가지 작업은 액세스 거부 오류를 해결하고, CloudFormation 작업이 KMS 복호화 및 S3 아티팩트에 대한 액세스 권한을 얻을 수 있도록 합니다."
https://changwhaj.github.io/exam-assets/exam/aws/DOP_C02/DOP2-Q0122.html,"정답: ADE

설명:
A: EFS 파일 시스템 정책을 업데이트하여 계정 B가 계정 A의 EFS 파일 시스템에 마운트하고 쓸 수 있도록 액세스 권한을 부여합니다. 이를 통해 Lambda 함수가 EFS 데이터에 액세스할 수 있도록 설정합니다.

D: Lambda 실행 역할에 VPC 및 EFS 파일 시스템에 액세스할 수 있는 권한을 추가하여 Lambda 함수가 EFS에 연결되도록 합니다. Lambda 함수가 EFS에 접근할 수 있도록 권한을 제공하는 것은 필수입니다.

E: VPC 피어링 연결을 생성하여 계정 A와 계정 B 간의 네트워크 연결을 허용합니다. 이 연결을 통해 Lambda 함수가 계정 A에 배포된 EFS에 접근할 수 있습니다.

이 세 가지 방법은 Lambda 함수가 계정 A의 EFS에 액세스하여 데이터를 처리할 수 있도록 요구 사항을 충족합니다."
https://changwhaj.github.io/exam-assets/exam/aws/DOP_C02/DOP2-Q0123.html,"정답: B

설명:
B는 Amazon EventBridge를 사용하여 AWS Health 이벤트를 모니터링하고, EC2 유지 관리 이벤트를 Amazon SNS 주제로 전달하는 방법입니다. 그런 다음 AWS Lambda 함수를 SNS 주제에 구독하여 Slack 채널과 공유 받은 편지함에 알림을 보냅니다.

EventBridge는 AWS Health 이벤트를 트리거할 수 있으며, 이를 통해 EC2 유지 관리 작업에 대한 알림을 받을 수 있습니다.
SNS를 통해 이벤트를 처리하고, Lambda를 사용하여 Slack 채널과 이메일 받은 편지함으로 알림을 보냅니다.
이 방법은 AWS Health 이벤트를 기반으로 EC2 유지 관리 알림을 설정하고, 팀과 중요한 업데이트를 실시간으로 공유할 수 있도록 지원합니다."
https://changwhaj.github.io/exam-assets/exam/aws/DOP_C02/DOP2-Q0124.html,"정답: B

설명:
B는 Amazon EventBridge를 사용하여 CodePipeline과 CodeDeploy의 이벤트를 캡처하고, AWS Lambda 함수를 사용하여 배포 문제를 평가한 후 Amazon SNS를 통해 이해 관계자에게 알림을 전송하는 방법입니다.

EventBridge는 AWS 서비스와 통합되어 배포 이벤트를 실시간으로 캡처하고, 이 이벤트를 트리거하여 Lambda 함수에서 배포 문제를 처리할 수 있게 합니다.
SNS는 알림을 보내는 데 사용되어, 문제 발생 시 이해 관계자에게 빠르게 알릴 수 있습니다.
A, C, D는 이 시나리오에 적합하지 않으며, 특히 CloudTrail이나 AWS Config는 실시간 모니터링보다는 기록과 상태 관리에 더 적합합니다."
https://changwhaj.github.io/exam-assets/exam/aws/DOP_C02/DOP2-Q0125.html,"정답: A

설명:
A는 애플리케이션 계정의 배포 IAM 역할을 중앙 집중식 DevOps 계정과 신뢰 관계를 맺도록 설정하는 방법입니다. 이를 통해 sts:AssumeRole 작업을 허용하고, EKS 클러스터에 대한 액세스 권한을 애플리케이션 계정의 배포 IAM 역할에 부여합니다. 또한, EKS 클러스터의 aws-auth ConfigMap을 구성하여 역할을 적절한 시스템 권한에 매핑합니다.

이 방법은 배포 IAM 역할의 신뢰 관계를 올바르게 구성하여, 교차 계정 연결을 설정하고, EKS 클러스터와의 권한 문제를 해결하는 최적의 방법입니다."
https://changwhaj.github.io/exam-assets/exam/aws/DOP_C02/DOP2-Q0126.html,"정답: B

설명:
B는 Amazon CloudWatch 에이전트를 각 EC2 인스턴스에 설치하여 모든 로그를 CloudWatch Logs로 푸시하고, CloudWatch 메트릭 필터를 설정하여 사용자 로그인을 검색한 후, 로그인 이벤트가 발견되면 SNS를 사용하여 보안 팀에 알림을 전송하는 방법입니다.

CloudWatch는 로그 모니터링 및 알림 시스템을 제공하므로, 실시간으로 로그인 이벤트를 감지하고 보안 팀에 빠르게 알릴 수 있습니다.
이 방법은 로그인 이벤트를 실시간으로 감지하고, 15분 이내에 알림을 보낼 수 있도록 합니다."
https://changwhaj.github.io/exam-assets/exam/aws/DOP_C02/DOP2-Q0127.html,"정답: CD

설명:
C. AWS CloudFormation 콘솔이나 AWS CLI에서 ContinueUpdateRollback 명령을 실행합니다.

ContinueUpdateRollback 명령을 실행하여 스택 롤백을 계속 진행합니다. 이 명령은 롤백 프로세스가 일시 중단된 지점에서 시작되어 리소스를 이전 상태로 복원하고, 업데이트 중에 생성된 리소스를 삭제하려고 시도합니다.
D. 스택의 기대치에 맞춰 리소스를 수동으로 조정합니다.

수동으로 리소스를 조정하여 스택의 예상 상태와 일치하도록 합니다. 이는 업데이트 실패의 근본 원인을 해결하고, 리소스 구성을 수정하거나 불일치를 해결하는 과정을 포함할 수 있습니다.
이 방법들은 UPDATE_ROLLBACK_FAILED 상태를 해결하고, 스택 롤백을 성공적으로 완료하는 데 필요한 작업입니다."
https://changwhaj.github.io/exam-assets/exam/aws/DOP_C02/DOP2-Q0128.html,"정답: BDE

설명:
B. Create a custom script to clear the cache. Specify the script in the BeforeInstall lifecycle hook in the AppSpec file.
AppSpec file의 BeforeInstall 수명 주기 후크에 캐시 지우기 스크립트를 지정하여, 배포 전에 로컬 캐시를 자동으로 지울 수 있습니다.
D. Set up AWS CodePipeline to deploy the application. Allow developers to check the code into a code repository as a source for the pipeline.
AWS CodePipeline을 설정하여 CI/CD 프로세스를 자동화하고, 개발자가 코드 저장소에 체크인한 후 이를 배포 파이프라인의 소스로 사용하여 자동 배포를 구현합니다.
E. Use AWS CodeBuild to build the artifact and place it in Amazon S3. Use AWS CodeDeploy to deploy the artifact to Amazon EC2 instances.
AWS CodeBuild를 사용하여 아티팩트를 빌드하고 S3에 저장한 후, AWS CodeDeploy로 EC2 인스턴스에 배포하는 방법입니다. 이를 통해 자동 빌드 및 배포가 가능합니다.
이 방법들은 CI/CD 프로세스로의 마이그레이션을 통해 배포 자동화 및 상태 추적을 효율적으로 구현하는 데 적합합니다."
https://changwhaj.github.io/exam-assets/exam/aws/DOP_C02/DOP2-Q0129.html,"정답: BCE

설명:
B. Update the CodeBuild project role with the necessary permissions and then remove the AWS credentials from the environment variable.

IAM 역할에 필요한 권한만 추가하고, AWS 자격 증명을 환경 변수에서 제거하여 보안을 강화합니다. 이는 하드코딩된 자격 증명을 사용하는 것을 방지합니다.
C. Store the DB_PASSWORD as a SecureString value in AWS Systems Manager Parameter Store and then remove the DB_PASSWORD from the environment variables.

AWS Systems Manager Parameter Store를 사용하여 DB_PASSWORD와 같은 민감한 정보를 SecureString으로 저장합니다. 이렇게 하면 환경 변수에서 비밀번호를 제거하여 보안을 강화할 수 있습니다.
E. Use AWS Systems Manager run command versus scp and ssh commands directly to the instance.

AWS Systems Manager run command를 사용하여 EC2 인스턴스에 직접 명령을 실행합니다. 이는 scp 및 ssh 명령을 사용하는 것보다 더 보안적이고 효율적입니다.
A와 D는 보안 모범 사례를 준수하는 데 적합하지 않으며, 파일 삭제와 같은 동작은 이미 CodeBuild가 자동으로 관리하기 때문에 불필요합니다."
https://changwhaj.github.io/exam-assets/exam/aws/DOP_C02/DOP2-Q0130.html,"정답: A

설명:
A는 사용자 지정 Docker 이미지를 사용하여 레거시 애플리케이션의 종속성을 포함하고, 이를 **Amazon Elastic Container Registry (ECR)**에 저장하는 방법입니다. 그런 후, AWS CodeBuild 프로젝트를 구성하여 Docker 이미지를 사용해 배포 가능한 아티팩트를 빌드하고 이를 기존 S3 버킷에 저장합니다.

이 방법은 컨테이너화를 활용하여 환경의 일관성과 재현성을 유지하고, AWS CodeBuild를 사용해 빌드를 자동화함으로써 운영 효율성을 극대화합니다.
또한, Amazon ECR을 사용하여 Docker 이미지를 저장하면 배포 및 관리가 용이합니다.
이 방법은 레거시 애플리케이션의 자동화된 빌드를 구현하면서 효율적이고 확장 가능한 솔루션을 제공합니다."
https://changwhaj.github.io/exam-assets/exam/aws/DOP_C02/DOP2-Q0131.html,"정답: A

설명:
A는 ECR 저장소에 접근할 수 있도록 AWS CLI 명령어인 aws ecr get-login-password를 사용하여 인증 토큰을 얻고, docker login 명령을 사용하여 ECR 저장소에 로그인하는 방법입니다. ECR에 접근하려면 인증 토큰을 얻어야 하므로, 이를 docker login 명령에 통합해야 합니다. 이 방법은 빌드 작업이 실패하는 문제를 해결할 수 있습니다.

B, C, D는 ECR 저장소에 접근하기 위해 필요한 인증 절차를 올바르게 처리하지 않으므로 이 문제를 해결할 수 없습니다."
https://changwhaj.github.io/exam-assets/exam/aws/DOP_C02/DOP2-Q0132.html,"정답: A

설명:
A는 **AWS Single Sign-On (AWS SSO)**을 사용하여 **외부 SAML 2.0 ID 공급자(IdP)**를 ID 소스로 구성하고, SCIM 프로토콜을 사용하여 사용자 및 그룹의 자동 프로비저닝을 설정하는 방법입니다.

SAML 2.0은 인증을 위한 프로토콜이며, SCIM은 사용자와 그룹의 자동 프로비저닝을 위한 프로토콜입니다.
AWS SSO는 외부 SAML 2.0 IdP와 통합되어 SCIM 프로토콜을 사용하여 Active Directory 그룹을 AWS에서 권한 관리에 사용할 수 있도록 자동으로 프로비저닝할 수 있습니다.
이 방법은 기존 Active Directory 시스템에서 AWS IAM으로 권한 관리 및 사용자를 원활하게 이전하는 데 최적의 방법입니다."
https://changwhaj.github.io/exam-assets/exam/aws/DOP_C02/DOP2-Q0133.html,"정답: C

설명:
C는 AWS Config를 사용하여 모든 AWS 계정에서 구성 레코더를 활성화하고, AWS Security Hub와 AWS Config 관리 규칙을 활용하여 비준수 리소스를 식별하고 자동으로 수정 작업을 수행합니다. 이를 통해 15분 이내에 문제를 자동으로 해결하고, Security Hub 대시보드를 사용하여 중앙 집중식으로 추적합니다.

AWS Config는 리소스 구성을 지속적으로 모니터링하고 비준수 리소스를 식별하는 데 적합합니다.
Security Hub는 대시보드를 제공하여 리소스 상태와 이벤트를 중앙에서 추적할 수 있습니다.
자동 수정은 AWS Config 적합성 팩을 사용하여 손쉽게 구현할 수 있습니다.
이 방법은 최소한의 개발 오버헤드를 통해 요구 사항을 충족하는 가장 효율적인 방법입니다."
https://changwhaj.github.io/exam-assets/exam/aws/DOP_C02/DOP2-Q0134.html,"정답: B

설명:
B는 EC2 리소스에서 모든 API 작업을 허용하고, 다른 모든 API 작업은 거부하는 결과입니다.

FullAWSAccess 정책을 제거하고 EC2 리소스에 대한 액세스만 허용하는 정책으로 대체하면, EC2 리소스에만 모든 작업이 허용되고, 다른 리소스에 대한 액세스는 거부됩니다.
SCP는 정책을 정의하는 데 사용되며, 허용된 작업만 부모 OU에서 자식 OU로 상속됩니다. 따라서 EC2 외의 다른 리소스에 대한 권한은 거부됩니다.
이 방식은 SCP의 상속 방식에 따른 정책 변경을 반영한 것입니다."
https://changwhaj.github.io/exam-assets/exam/aws/DOP_C02/DOP2-Q0135.html,"정답: A

설명:
A는 CodeCommit 리포지토리를 보조 리전에서 생성하고, AWS CodeBuild 프로젝트를 사용하여 기본 리전의 CodeCommit 리포지토리를 보조 리전의 CodeCommit 리포지토리로 Git 미러링하는 방법입니다. Lambda 함수를 사용하여 CodeBuild 프로젝트를 호출하고, EventBridge 규칙을 사용해 기본 리전의 CodeCommit 리포지토리에서 병합 이벤트를 감지하여 자동으로 미러링 작업을 수행합니다.

이 방법은 보조 리전에서 코드를 개발할 수 있도록 하며, Git 원격 URL을 추가하여 개발자가 두 리전에서 동시에 작업할 수 있게 합니다."
https://changwhaj.github.io/exam-assets/exam/aws/DOP_C02/DOP2-Q0136.html,"정답: A

설명:
A는 AWS CodeBuild의 buildspec 파일을 사용하여 프로덕션 데이터베이스의 스냅샷에서 DB 클러스터를 복원하고, 통합 테스트를 실행한 후, 검증 후 복원된 데이터베이스를 삭제하는 방법입니다.

이 접근법은 배포 전에 프로덕션 환경을 변경하지 않고 테스트할 수 있는 최적의 솔루션입니다.
자동화된 테스트는 실시간으로 문제를 감지할 수 있게 하여, 배포 전 검증을 효율적으로 수행합니다.
다른 옵션들은 배포 전 테스트를 충분히 고려하지 않거나 실제 프로덕션 환경을 변경하게 되어 요구 사항을 충족하지 않습니다."
https://changwhaj.github.io/exam-assets/exam/aws/DOP_C02/DOP2-Q0137.html,"정답: C

설명:
C는 AWS Network Firewall을 사용하여 트래픽을 차단하는 방법입니다. AWS Lambda 함수를 사용하여 방화벽 정책에서 ""Drop"" 작업 규칙을 만들고, Security Hub의 GuardDuty 이벤트에 반응하여 이를 자동으로 적용하는 방식입니다.

AWS Network Firewall은 VPC 수준에서 네트워크 트래픽을 제어하는 데 사용되며, GuardDuty에서 의심스러운 소스를 감지하면, 트래픽을 자동으로 차단할 수 있습니다. 이는 전반적인 보안 관리를 강화하고, 의심스러운 소스로부터 VPC를 보호하는 데 적합한 방법입니다.
A, B, D는 트래픽 차단 기능이 없거나 다른 레벨에서의 보안 처리만 제공하므로 이 요구 사항을 충족하지 않습니다."
https://changwhaj.github.io/exam-assets/exam/aws/DOP_C02/DOP2-Q0138.html,"정답: BD

설명:
B: KMS 고객 관리 키를 만들어 Lambda 함수의 실행 역할만 복호화할 수 있도록 합니다. 그런 후 Secrets Manager를 업데이트하여 새 고객 관리 키를 사용하도록 설정합니다.

고객 관리 KMS 키를 사용하면 Lambda 실행 역할에 대한 권한을 세부적으로 조정하여 최소 권한의 원칙을 준수할 수 있습니다.
D: Lambda 함수의 실행 역할에 KMS 권한을 리소스 수준에서 지정하여 Secrets Manager의 비밀을 복호화할 수 있도록 합니다.

이는 IAM 역할에 대한 권한을 구체적으로 지정하여 필요한 권한만 부여하는 방법으로, 최소 권한의 원칙을 충족합니다.
이 방법은 Lambda 함수의 실행 역할만 Secrets Manager의 값에 액세스할 수 있도록 보장하면서 보안을 강화하는 방법입니다."
https://changwhaj.github.io/exam-assets/exam/aws/DOP_C02/DOP2-Q0139.html,"정답: CD

설명:
C: **SNS 주제에 대한 SQS 배달 못한 편지 대기열(DLQ)**을 구성하여 배달되지 않은 SNS 메시지를 DLQ로 전송합니다. 이를 통해 RDS DB 인스턴스가 다운되었을 때, 배달되지 않은 메시지가 손실되지 않고 DLQ로 저장됩니다. 그런 후 관리자는 DLQ에서 수동으로 메시지를 처리할 수 있습니다.

D: SQS 대기열을 SNS 토픽에 구독하여 SNS 알림 메시지를 SQS 대기열에 저장하고, Lambda 함수는 이 대기열의 메시지를 처리합니다. 이 방법은 Lambda 함수가 SNS 메시지를 처리할 수 없을 때 SQS 대기열에 메시지가 쌓여 Lambda 함수가 나중에 이를 처리할 수 있게 합니다.

이 두 가지 방법은 SNS 알림 메시지가 손실되지 않도록 보장하며, SNS 메시지의 신뢰성을 높이는 최적의 솔루션입니다."
https://changwhaj.github.io/exam-assets/exam/aws/DOP_C02/DOP2-Q0140.html,"정답: A

설명:
A는 AWS Step Functions를 사용하여 CloudWatch 알람 상태를 확인하고, 알람이 ALARM 상태일 경우 오류로 종료하도록 설정합니다. 그런 후 파이프라인 단계에 이 Step Functions 워크플로를 추가하여 각 리전 배포 후 애플리케이션의 건강 상태를 확인합니다.

이 방법은 각 리전에서 애플리케이션의 상태를 확인하고, 건강하지 않으면 배포를 중단시키는 효과적인 방법입니다. Step Functions는 작업 흐름을 제어하는 데 적합한 서비스로, 각 배포 단계 후 애플리케이션의 상태를 평가하는 데 활용할 수 있습니다."
https://changwhaj.github.io/exam-assets/exam/aws/DOP_C02/DOP2-Q0141.html,"정답: B

설명:
B는 CloudWatch 알람에서 Datapoints to Alarm 값을 12개 중 3개로 설정하고, 누락된 데이터를 임계값을 위반하지 않은 것으로 처리하도록 구성한 후, EC2 작업을 추가하여 알람이 ALARM 상태로 전환되면 EC2 인스턴스를 중지하는 방법입니다.

Datapoints to Alarm 값을 3개로 설정함으로써, 12시간 동안 3시간 이상 5 미만인 네트워크 패킷 수를 기준으로 EC2 인스턴스를 중지할 수 있습니다.
누락된 데이터는 임계값을 위반하지 않도록 처리하여, 데이터가 없을 때 EC2 인스턴스를 중지하지 않도록 보장합니다.
이 접근 방식은 요구 사항에 맞는 가장 효율적인 해결책입니다."
https://changwhaj.github.io/exam-assets/exam/aws/DOP_C02/DOP2-Q0142.html,"정답: C

설명:
C는 AWS Organizations에서 위임된 관리자 계정을 설정하고, AWS CloudFormation 템플릿을 사용하여 Lambda 함수와 Amazon EventBridge 예약 규칙을 생성하여 각 회원 계정에서 30분마다 Lambda 함수를 호출하도록 합니다. CloudFormation StackSets를 사용하여 조직의 모든 계정에 템플릿을 배포합니다.

Lambda 함수는 30분마다 실행되어 7일 이상 연결되지 않은 EBS 볼륨에 태그를 지정합니다.
CloudFormation StackSets는 대규모 계정 환경에서 효율적으로 배포할 수 있는 방법입니다.
이 방법은 가장 운영 효율적인 솔루션으로, 모든 계정에 동일한 구성을 자동으로 배포하고 관리할 수 있습니다."
https://changwhaj.github.io/exam-assets/exam/aws/DOP_C02/DOP2-Q0143.html,"정답: C

설명:
BeforeInstall 후크는 새로 배포되는 교체 인스턴스가 요청 트래픽을 처리하기 전에 애플리케이션 설치 및 구성 작업을 수행할 수 있도록 합니다. DevOps 엔지니어는 이 후크를 사용하여 라이선스 파일을 다운로드하고 설치하는 스크립트를 실행해야 합니다. 이 작업은 새로 생성된 인스턴스가 트래픽을 처리하기 전에 완료되어야 하기 때문에 BeforeInstall이 적합합니다."
https://changwhaj.github.io/exam-assets/exam/aws/DOP_C02/DOP2-Q0144.html,"정답: B

설명:
B는 AWS CodeBuild를 사용하여 단위 테스트를 실행하고, 그 결과를 JUNITXML 형식으로 출력하여 CodeBuild 보고서 그룹에 업로드하는 방법입니다.

CodeBuild 프로젝트를 생성하고, CodePipeline에 통합하여 테스트 단계에서 단위 테스트를 실행하도록 설정합니다.
buildspec.yml 파일을 사용하여 단위 테스트 실행 및 JUNITXML 형식의 테스트 결과를 출력합니다.
CodeBuild 보고서 그룹에 테스트 보고서를 업로드하여 팀이 결과를 확인할 수 있도록 합니다.
이 방법은 단위 테스트 결과 보고서를 효과적으로 생성하고 관리할 수 있는 최적의 방법입니다."
https://changwhaj.github.io/exam-assets/exam/aws/DOP_C02/DOP2-Q0145.html,"정답: C

설명:
C는 AWS Organizations의 **SCP (Service Control Policies)**를 사용하여 멤버 계정의 루트 사용자가 AWS 서비스 API 호출을 하지 못하도록 설정하는 방법입니다.

루트 사용자에 대한 액세스를 차단하는 것은 AWS의 모범 사례 중 하나로, 보안을 강화하고 액세스 권한 관리를 보다 정교하게 할 수 있습니다.
SCP를 사용하면 조직 내 모든 계정에서 루트 사용자의 API 호출을 차단할 수 있습니다.
이 방법은 AWS 계정 루트 사용자의 자격 증명을 사용하지 않도록 강제하는 데 가장 효과적인 방법입니다."
https://changwhaj.github.io/exam-assets/exam/aws/DOP_C02/DOP2-Q0146.html,"정답: B

설명:
B는 Amazon Kinesis Data Firehose를 사용하여 S3 버킷에 로그 데이터를 전달하고, Amazon Lookout for Metrics를 사용하여 S3 버킷의 데이터를 모니터링하며 이상을 감지합니다. 이상이 감지되면, Lambda 함수를 실행하여 EventBridge 이벤트 버스에 이벤트를 게시하는 방법입니다.

Kinesis Data Firehose는 실시간으로 데이터를 처리하고 S3에 저장할 수 있도록 지원합니다.
Lookout for Metrics는 S3의 데이터를 분석하여 이상 징후를 감지하는 관리형 서비스로, 이 서비스를 통해 자동화된 이상 감지가 가능합니다.
Lambda 함수는 감지된 이상에 대해 EventBridge로 알림을 보내어, 자동 응답이나 후속 작업을 트리거할 수 있습니다.
이 접근 방식은 이상 감지 및 자동화된 응답을 위한 가장 효율적이고 완전한 솔루션입니다."
https://changwhaj.github.io/exam-assets/exam/aws/DOP_C02/DOP2-Q0147.html,"정답: C

설명:
C는 OrganizationAccountAccessRole이라는 역할을 새 멤버 계정에 수동으로 생성하고, AdministratorAccess 정책을 이 역할에 연결한 후, 역할의 신뢰 정책에서 관리 계정이 해당 역할을 맡을 수 있도록 권한을 부여하는 방법입니다.

OrganizationAccountAccessRole 역할은 AWS Organizations에서 멤버 계정을 관리하기 위한 역할로, 새로 추가된 계정에는 기본적으로 생성되지 않기 때문에, 이를 수동으로 생성해야 합니다.
역할의 신뢰 정책을 수정하여 관리 계정이 해당 역할을 맡을 수 있도록 해야 합니다.
이 방법은 관리 계정에서 새 멤버 계정에 대한 액세스를 제공하는 최적의 솔루션입니다."
https://changwhaj.github.io/exam-assets/exam/aws/DOP_C02/DOP2-Q0148.html,"정답: B

설명:
B는 배치 처리가 실패할 때 배치를 분할하도록 설정하는 방법입니다. 기본적으로 Lambda 함수는 Kinesis 스트림에서 배치로 레코드를 처리합니다. 만약 배치 내 레코드 중 하나라도 실패하면, 전체 배치가 **배달 못한 편지 대기열(SQS DLQ)**로 전송됩니다. 이를 해결하려면 배치를 분할하는 옵션을 활성화하여, 실패한 레코드만 DLQ로 보내고 나머지 성공한 레코드는 정상적으로 처리할 수 있도록 합니다. 이 옵션은 Lambda의 이벤트 소스 설정에서 BisectBatchOnFunctionError로 활성화할 수 있습니다."
https://changwhaj.github.io/exam-assets/exam/aws/DOP_C02/DOP2-Q0149.html,"정답: C

설명:
C는 AWS CodePipeline을 사용하여 소스 코드가 푸시될 때 파이프라인을 트리거하고, AWS CodeBuild를 사용하여 테스트를 실행한 후, AWS CodeDeploy를 사용하여 Lambda 함수 배포를 점진적으로 진행하는 방법입니다. 이 방법에서 CodeDeployDefault.LambdaLinear10PercentEvery3Minutes 옵션을 사용하면, 배포 후 트래픽을 점진적으로 이동할 수 있어 새로운 버전으로 트래픽을 안전하게 점차적으로 전환할 수 있습니다.

CodePipeline을 사용하여 코드 푸시에서 배포까지의 전체 프로세스를 자동화합니다.
Lambda 함수의 점진적인 배포는 CodeDeploy의 선형 배포 옵션을 사용하여 트래픽을 새 버전으로 서서히 전환할 수 있도록 합니다.
이 방법은 자동화와 배포 관리를 동시에 구현할 수 있으며, 개발자의 속도를 최적화하는 데 적합한 솔루션입니다."
https://changwhaj.github.io/exam-assets/exam/aws/DOP_C02/DOP2-Q0150.html,"정답: C

설명:
C는 테스트와 프로덕션 환경을 위한 두 개의 AWS CodePipeline 구성을 생성하고, 단일 CodeCommit 리포지토리에서 각 환경에 대한 분기를 사용하여 소스 코드를 가져오는 방법입니다.

CloudFormation을 사용하여 Lambda 함수를 배포하고, 프로덕션 환경에 수동 승인 단계를 포함시키며, 테스트 환경은 자동 배포가 가능합니다.
단일 CodeCommit 리포지토리에서 환경별로 브랜치를 관리하여 소스 코드의 버전 관리와 환경별 배포를 쉽게 처리할 수 있습니다.
이 방법은 소스 코드 관리와 지속적 배포를 위한 모범 사례를 따르며, 각 환경에 대한 분리된 파이프라인을 유지할 수 있게 합니다."
https://changwhaj.github.io/exam-assets/exam/aws/DOP_C02/DOP2-Q0151.html,"정답: D

설명:
D는 AWS CodeCommit에 애플리케이션 코드를 업로드하고, appspec.yml 파일을 사용하여 필요한 소프트웨어를 구성하고 설치하는 방법입니다. 그런 후, Amazon EC2 Auto Scaling 그룹과 연결된 AWS CodeDeploy 배포 그룹을 사용하여 애플리케이션을 배포합니다.

EC2 Auto Scaling 그룹을 사용하여 서버를 자동으로 교체하고, CodeDeploy를 통해 배포를 자동화할 수 있습니다. 이는 확장 가능하고 오류가 있는 서버를 자동으로 교체할 수 있는 솔루션입니다.
appspec.yml을 사용하여 배포 시 세부적인 제어가 가능하며, 운영 체제 수준 매개변수 튜닝도 지원합니다.
A, B, C는 운영 체제 튜닝 및 특정 버전의 소프트웨어 설치가 필요한 요구사항을 충족하지 않으므로 최선의 선택은 D입니다."
https://changwhaj.github.io/exam-assets/exam/aws/DOP_C02/DOP2-Q0152.html,"정답: D

설명:
D는 EC2 Auto Scaling 그룹이 배포가 완료되기 전에 새 인스턴스를 시작한 경우, 기존 인스턴스가 최신 버전의 애플리케이션을 받아들이기 전에 새로 시작된 인스턴스가 이전 버전을 받게 되는 문제를 설명합니다.

Auto Scaling 그룹은 배포가 진행 중일 때 새로운 인스턴스를 시작할 수 있으며, 이때 배포가 완료되지 않았을 경우 이전 버전의 애플리케이션을 받게 될 수 있습니다. 이는 배포 전 상태에서 자동 확장이 일어난 경우에 발생하는 일반적인 문제입니다.
따라서 이 문제는 새로 시작된 인스턴스가 배포가 완료되기 전에 이전 버전을 받아 생긴 문제입니다."
https://changwhaj.github.io/exam-assets/exam/aws/DOP_C02/DOP2-Q0153.html,"정답: B

설명:
B는 IAM 정책을 사용하여 associate-address 권한을 거부하고, AWS Config 규칙을 생성하여 Elastic IP 주소가 프로덕션 인스턴스와 연결되었는지 확인하는 방법입니다. 이 규칙은 Elastic IP 주소가 연결되면 보안 팀에 알림을 보내도록 구성할 수 있습니다.

IAM 정책을 사용하여 associate-address 권한을 거부하면, 개발자가 프로덕션 인스턴스에 Elastic IP를 연결하지 못하게 됩니다.
AWS Config는 Elastic IP가 연결된 인스턴스를 확인하고, 이를 보안 팀에 자동으로 알림을 보낼 수 있습니다.
이 접근 방식은 요구 사항을 자동화하면서도 보안을 강화하는 효과적인 방법입니다."
https://changwhaj.github.io/exam-assets/exam/aws/DOP_C02/DOP2-Q0154.html,"정답: B

설명:
B는 Amazon EC2 Image Builder를 사용하여 Linux AMI와 Chef 에이전트를 설치하는 구성 요소로 이미지 파이프라인을 생성하고, **AWS Resource Access Manager (RAM)**을 사용하여 EC2 Image Builder 이미지를 부서 계정과 공유하는 방법입니다.

EC2 Image Builder는 자동화된 방식으로 골든 이미지를 생성하고, 이를 부서 계정과 공유할 수 있습니다.
AWS RAM을 사용하여 이미지를 쉽게 공유함으로써 최소한의 관리 오버헤드로 작업을 수행할 수 있습니다.
이 방법은 자동화와 최소한의 관리 오버헤드를 제공하는 효율적인 솔루션입니다."
https://changwhaj.github.io/exam-assets/exam/aws/DOP_C02/DOP2-Q0155.html,"정답: B

설명:
B는 AWS CodeDeploy와 Amazon EC2 Auto Scaling을 결합하여, CPU 사용률 메트릭에 대한 알람을 설정하고, CodeDeployDefault OneAtAtime 배포 전략을 사용하여 한 번에 하나의 인스턴스만 배포하도록 구성합니다. 이 방법은 CPU 사용률이 임계값을 초과하면 자동으로 배포를 롤백하도록 설정할 수 있어, 애플리케이션의 안정성을 유지하면서 배포를 관리할 수 있습니다.

CodeDeploy를 사용하면 배포 그룹 내에서 배포 상태를 관리할 수 있고, 자동 롤백 설정을 통해 배포 실패 시 즉시 롤백할 수 있습니다.
EC2 Auto Scaling과 연동하여, 자동 스케일링을 활용하면서 배포 후 성능 모니터링을 할 수 있습니다.
이 방법은 요구 사항에 맞는 배포 전략을 제공하며, CPU 집약적인 애플리케이션의 안정적인 배포를 보장합니다."
https://changwhaj.github.io/exam-assets/exam/aws/DOP_C02/DOP2-Q0156.html,"정답: A

설명:
A는 AWS CodeCommit 리포지토리를 사용하여 각 프로젝트의 소스 코드를 관리하고, main 브랜치를 프로덕션 코드에 사용하며, 테스트 브랜치를 만들어 테스트 환경에 배포하는 방식입니다. 또한 기능 분기를 사용하여 새로운 기능을 개발하고, 풀 요청을 사용하여 테스트 및 메인 브랜치로 코드를 병합합니다.

이 방식은 개발자들 간의 협업을 가능하게 하며, 코드 충돌을 방지하고 버전 관리를 효율적으로 처리할 수 있습니다. 이 Git 브랜칭 전략은 배포 자동화를 구현할 수 있어 매우 효율적입니다."
https://changwhaj.github.io/exam-assets/exam/aws/DOP_C02/DOP2-Q0157.html,"정답: AE

설명:
A: Auto Scaling을 설정하여 애플리케이션에 문제가 있을 때 EC2 인스턴스를 교체하는 방식입니다. 로드 밸런서의 상태 확인 실패 시, Auto Scaling이 인스턴스를 교체하여 문제가 발생한 인스턴스를 자동으로 대체하고, 서비스를 계속해서 제공할 수 있습니다.
E: CloudWatch 에이전트를 사용하여 EC2 인스턴스의 메모리 사용률을 모니터링하고, 메모리 사용률이 높을 때 알림을 받도록 설정하는 방법입니다. CloudWatch를 통해 메모리 사용률을 모니터링하고, Amazon SNS로 알림을 받아 신속하게 대응할 수 있습니다.

이 두 가지 옵션은 메모리 누수 문제를 처리하고, 자동 복구 및 모니터링을 통해 문제를 예방하는 데 도움을 줍니다."
https://changwhaj.github.io/exam-assets/exam/aws/DOP_C02/DOP2-Q0158.html,"정답: D

설명:
D는 AWS Health 이벤트를 사용하여 EC2 인스턴스의 만료 예정 이벤트를 감지하고, AWS Systems Manager Automation을 통해 중지 및 시작 작업을 자동화하는 방법입니다. 이는 EventBridge 규칙을 사용하여 인스턴스가 종료될 때 자동으로 중지하고 다시 시작하도록 구성하는 방식입니다.

AWS Health는 EC2 인스턴스의 상태 변화 및 인프라 문제를 추적하는 데 유용하며, 이를 EventBridge와 연동하여 자동화된 작업을 트리거할 수 있습니다.
Systems Manager Automation을 사용하여 인스턴스를 중지하고 시작하여, 인스턴스를 새로운 물리적 시스템으로 재배치할 수 있습니다.
이 방법은 EC2 인스턴스의 만료 이벤트에 대해 자동으로 복구 작업을 수행할 수 있게 하여, 수동 작업을 최소화합니다."
https://changwhaj.github.io/exam-assets/exam/aws/DOP_C02/DOP2-Q0159.html,"정답: A

설명:
A는 AWS Lambda 함수를 호출하는 CloudFormation 사용자 지정 리소스를 생성하여 GuardDuty가 활성화되지 않은 계정에서만 GuardDuty를 활성화하도록 조건을 설정하는 방법입니다.

CloudFormation 템플릿에서 Lambda 함수를 사용하여 GuardDuty 활성화 여부를 조건부로 확인하고, 활성화되지 않은 경우에만 GuardDuty를 활성화합니다. 이를 통해 StackSets 배포 중 오류를 방지하고, AWS 계정마다 GuardDuty의 활성화 상태를 관리할 수 있습니다.
이 접근 방식은 조건부 실행과 Lambda를 활용한 동적 리소스 관리를 통해 가장 적합한 방법입니다."
https://changwhaj.github.io/exam-assets/exam/aws/DOP_C02/DOP2-Q0160.html,"정답: BE

설명:
B. Ensure that the FullAWSAccess SCP is applied at the organization root.

FullAWSAccess 정책이 조직 루트에 적용되어야, 기본적으로 전체 계정에 대한 액세스 권한을 부여할 수 있습니다.
E. Create an SCP that denies IAM related actions with a condition to exclude the management IAM role. Attach the SCP to the production OU.

IAM 관련 작업을 거부하는 SCP를 프로덕션 OU에 적용하여, 관리 IAM 역할만이 프로덕션 환경에서 IAM 역할을 관리할 수 있도록 제한합니다.
이 조합은 프로덕션 OU에서만 IAM 역할과 정책을 관리할 수 있는 역할을 제한하며, 개발 OU와 다른 계정에는 영향을 미치지 않습니다."
https://changwhaj.github.io/exam-assets/exam/aws/DOP_C02/DOP2-Q0161.html,"정답: A

설명:
A는 Amazon GuardDuty를 활성화하고, CloudWatch 알람을 통해 EC2 인스턴스에서 발생한 포트 스캔을 감지하고 SNS 알림을 설정하는 방법입니다.

GuardDuty는 EC2 인스턴스에서의 악성 활동 및 포트 스캔을 실시간으로 감지하는 서비스입니다.
CloudWatch 알람을 사용하여 GuardDuty에서 감지된 포트 스캔을 기준으로 알림을 트리거할 수 있습니다.
GuardDuty는 포트 스캔과 같은 위협 탐지에 특화된 서비스이므로, B, C, D보다 이 솔루션이 더 적합합니다."
https://changwhaj.github.io/exam-assets/exam/aws/DOP_C02/DOP2-Q0162.html,"정답: B

설명:
B는 **Vertical Pod Autoscaler (VPA)**를 사용하여 EKS 클러스터에서 새 애플리케이션의 성능 문제를 해결하는 방법입니다.

Vertical Pod Autoscaler는 포드의 CPU와 메모리 리소스를 동적으로 조정하여, 배포 즉시 포드가 최대 수로 확장될 때 적절한 리소스를 할당하는 데 도움을 줄 수 있습니다.
애플리케이션이 트래픽을 처리하기 전에 이미 최대 포드 수로 확장되는 문제는, 포드에 적절한 리소스를 할당하지 않아서 발생하는 문제일 수 있습니다. 이때 VPA를 사용하여 애플리케이션 리소스를 자동으로 조정하는 것이 유용합니다.
A는 **Horizontal Pod Autoscaler (HPA)**에 관한 옵션으로, 트래픽에 따라 포드를 수평적으로 확장하는 데 사용됩니다. 하지만 수직적 확장이 필요한 문제에서는 VPA가 더 적합합니다."
https://changwhaj.github.io/exam-assets/exam/aws/DOP_C02/DOP2-Q0163.html,"정답: BCF

설명:
B: AWSControlTowerBlueprintAccess 역할을 만들고, AWSControlTowerAdmin 역할이 이 역할을 맡을 수 있도록 설정한 후, AWSServiceCatalogAdminFullAccess 정책을 연결하여 AWS Control Tower가 Service Catalog 리소스에 접근할 수 있도록 합니다.

C: 각 CloudFormation 템플릿에 대해 Service Catalog 제품을 생성하여 사용자가 서비스 카탈로그에서 템플릿을 요청하고 배포할 수 있도록 합니다.

F: 각 사용자 정의에 필요한 CloudFormation 템플릿을 만들고 이를 배포하여 사용자 정의 리소스를 관리하고 배포할 수 있도록 합니다.

이 세 가지 단계를 결합하여 AWS Control Tower에서 사용자 정의 리소스를 관리하고 Service Catalog를 통해 리소스를 제공하는 시스템을 설정할 수 있습니다."
https://changwhaj.github.io/exam-assets/exam/aws/DOP_C02/DOP2-Q0164.html,"정답: A

설명:
A는 AWS Config에서 제공하는 ec2-imdsv2-check 관리 규칙을 사용하여, **EC2 인스턴스가 Instance Metadata Service Version 2(IMDSv2)**를 사용하는지 확인하고, 만약 IMDSv1을 사용하는 인스턴스를 발견하면, AWS Systems Manager Automation을 사용하여 해당 인스턴스를 종료하는 방법입니다.

AWS Config의 ec2-imdsv2-check 규칙은 IMDSv2가 설정되지 않은 EC2 인스턴스를 자동으로 감지합니다.
Systems Manager Automation을 사용하여 자동으로 인스턴스를 종료하도록 구성할 수 있어, 이 요구 사항을 완벽하게 충족할 수 있습니다.
이 방법은 IMDSv2를 강제하고, IMDSv1을 사용하는 인스턴스를 자동으로 종료하는 가장 효율적인 방법입니다."
https://changwhaj.github.io/exam-assets/exam/aws/DOP_C02/DOP2-Q0165.html,"정답: ABE

설명:
A: 새 AMI를 사용하는 새로운 시작 템플릿을 생성합니다. 삭제된 AMI를 대체할 새로운 AMI를 기반으로 새로운 시작 템플릿을 만들어야 합니다.
B: 새 시작 템플릿을 사용하도록 자동 크기 조정 그룹을 업데이트합니다. 새로운 템플릿을 적용하여 Auto Scaling 그룹에서 새 AMI를 사용하도록 설정해야 합니다.
E: 자동 크기 조정 그룹의 EC2 인스턴스에서 새 AMI를 생성합니다. 기존 인스턴스를 사용하여 새로운 AMI를 만들고, 이를 새 템플릿에 반영할 수 있습니다.
이 방법들은 Auto Scaling 그룹의 확장이 실패하는 문제를 해결하는 데 필수적인 작업입니다."
https://changwhaj.github.io/exam-assets/exam/aws/DOP_C02/DOP2-Q0166.html,"정답: BC

설명:
B: CodePipeline을 사용하여 CodeCommit을 소스 공급자로 설정하고, 별도의 파이프라인 단계를 만들어 CodeBuild 프로젝트를 실행하여 애플리케이션을 빌드하고 테스트합니다. 빌드 후 CodeDeploy를 사용하여 배포 작업을 수행합니다. 이 방법은 배포를 테스트하는 독립적인 단계를 만들고, 빌드와 배포 작업을 분리하여 안정적인 배포를 지원합니다.

C: AWS CodeDeploy 애플리케이션을 만들고, 배포 그룹을 생성하여 패키징된 코드를 EC2 인스턴스에 배포합니다. ALB를 배포 그룹에 설정하여 트래픽을 새 인스턴스로 자동 전환하게 설정합니다. 이를 통해 배포 후 트래픽이 새 인스턴스로 원활하게 전환될 수 있습니다.

이 두 가지 방법은 배포의 안정성과 일관성을 보장하는데 적합합니다."
https://changwhaj.github.io/exam-assets/exam/aws/DOP_C02/DOP2-Q0167.html,"정답: A

설명:
A는 Amazon EventBridge 규칙을 사용하여 자동화 계정에서 계정 생성 이벤트를 서비스 계정의 기본 이벤트 버스로 보냅니다. 서비스 계정에서 해당 이벤트 버스를 업데이트하여 자동화 계정의 이벤트를 허용하도록 설정합니다.

EventBridge를 사용하여 이벤트를 다른 계정의 기본 이벤트 버스로 전달하는 방법으로, 서비스 계정이 CloudTrail 이벤트를 수신할 수 있습니다.
이 방식은 EventBridge의 기본 이벤트 버스를 활용하여 구성이 간단하고 다른 계정과 이벤트를 효율적으로 공유하는 방법입니다."
https://changwhaj.github.io/exam-assets/exam/aws/DOP_C02/DOP2-Q0168.html,"정답: C

설명:
C는 Lambda 함수의 이벤트 소스 매핑에 FunctionResponseTypes 목록에 ReportBatchItemFailures 값을 포함시켜, SQS 배치 항목 실패 보고 기능을 활성화하는 방법입니다.

ReportBatchItemFailures는 SQS 배치 메시지 처리 중 일부 메시지가 실패하더라도 실패하지 않은 메시지를 다시 처리하지 않도록 합니다. 이 기능은 부분 배치 응답을 활성화하여 성공적으로 처리된 메시지가 재시도되지 않도록 도와줍니다.
이 방법은 성공적으로 처리된 메시지가 여러 번 처리되는 문제를 방지하고, Lambda 함수의 확장성을 극대화할 수 있습니다."
https://changwhaj.github.io/exam-assets/exam/aws/DOP_C02/DOP2-Q0169.html,"정답: AD

설명:
A: CloudTrail 로그가 포함된 S3 버킷을 자동 검색에서 제외하는 것은 CloudTrail 로그가 매우 민감한 정보를 포함하지 않으며, Macie 비용을 최적화하는 좋은 방법입니다.

D: 마지막으로 수정된 기준에 따라 S3 객체를 포함하도록 검색 작업을 구성하는 것은 비용을 절감하면서 적절한 데이터만을 분석하는 방법입니다.

이 방법들은 Amazon Macie의 비용을 최적화하면서도 필요한 데이터만을 대상으로 효율적인 보안 검색을 수행하는 방법입니다."
https://changwhaj.github.io/exam-assets/exam/aws/DOP_C02/DOP2-Q0170.html,"정답: BC

설명:
B: 인수된 회사의 AWS 계정을 조직에 초대하고, OrganizationAccountAccessRole IAM 역할을 생성하여 마스터 계정에서 이 역할을 맡을 수 있도록 권한을 부여합니다. 이렇게 하면 계정 관리와 전체 관리 권한을 유지할 수 있습니다.

C: AWS Security Hub를 사용하여 모든 계정에서 보안 결과를 수집하고 그룹화합니다. Security Hub는 조직에 추가된 새 계정을 자동으로 감지하여 보안 상태를 종합적으로 확인할 수 있게 합니다.

이 방법들은 AWS Organizations를 통해 계정 관리 통합과 보안 결과 수집 및 그룹화를 수행하는 데 적합합니다."
https://changwhaj.github.io/exam-assets/exam/aws/DOP_C02/DOP2-Q0171.html,"정답: B

설명:
B는 CodeBuild 프로젝트의 buildspec 파일에서 보고서 그룹을 구성하고, 이를 S3 버킷에 저장하며, Amazon EventBridge 규칙을 사용하여 빌드 완료 후 Lambda 함수를 호출하여 보고서를 S3로 복사합니다. 그 후 S3 Lifecycle 규칙을 설정하여 90일 후에 객체를 만료시키는 방법입니다.

이 방법은 S3에서 객체 만료를 처리하고, Lambda와 EventBridge를 사용하여 자동화된 보고서 저장 및 만료 관리를 구현할 수 있기 때문에 요구 사항을 충족합니다."
https://changwhaj.github.io/exam-assets/exam/aws/DOP_C02/DOP2-Q0172.html,"정답: AE

설명:
A: **AWS Certificate Manager (ACM)**을 사용하여 **사설 인증 기관(CA)**을 생성하고, 사설 CA에서 서명된 클라이언트 인증서를 프로비저닝하여 상호 TLS 인증을 활성화합니다. 이를 통해 클라이언트 인증서를 관리할 수 있습니다.

E: 루트 사설 인증 기관(CA) 인증서를 Amazon S3 버킷에 업로드하고, API Gateway 상호 TLS를 구성하여 신뢰 저장소로 사설 CA 인증서를 사용합니다. 이 방식은 클라이언트 인증서의 유효성을 확인하기 위해 루트 CA 인증서를 사용하여 상호 TLS 인증을 처리합니다.

이 방법은 API Gateway와 내부 팀 간의 상호 TLS 인증을 설정하는 데 적합합니다."
https://changwhaj.github.io/exam-assets/exam/aws/DOP_C02/DOP2-Q0173.html,"정답: B

설명:
B는 AWS::SSM::Association 리소스를 사용하여 AWS-JoinDirectoryServiceDomain Automation 런북을 EC2 인스턴스에 연결하는 방법입니다. 이 방법은 EC2 인스턴스에 태그를 추가하고, 태그를 기준으로 SSM Association을 설정하여 AWS Managed Microsoft AD 도메인에 자동으로 가입시키는 방법입니다.

AWS-JoinDirectoryServiceDomain 자동화 런북을 사용하여 EC2 인스턴스를 도메인에 가입시키며, 필요한 파라미터를 정의합니다.
또한, IAM 역할에 AmazonSSMManagedInstanceCore 및 AmazonSSMDirectoryServiceAccess 정책을 추가하여 EC2 인스턴스가 SSM 및 Directory Service에 접근할 수 있도록 합니다.
이 방법은 운영 효율성과 자동화를 극대화할 수 있어 가장 적합한 솔루션입니다."
https://changwhaj.github.io/exam-assets/exam/aws/DOP_C02/DOP2-Q0174.html,"정답: C

설명:
C는 자식 OU에 대한 **서비스 제어 정책(SCP)**을 업데이트하여 Amazon EC2에 대한 모든 작업을 허용하는 방법입니다. 현재 자식 OU에는 DynamoDB와 Lambda에만 작업이 허용되고 기타 모든 작업은 거부되는 SCP가 적용되어 있습니다. 이 경우, EC2 인스턴스를 시작하려는 작업이 거부되기 때문에 자식 OU에서 EC2에 대한 작업을 허용하는 정책을 추가해야 합니다.

SCP는 AWS Organizations 내에서 리소스에 대한 접근을 제어하는 데 사용됩니다. SCP를 수정하여 EC2 작업을 허용하면, 해당 계정에서 EC2 인스턴스를 시작할 수 있습니다.
이 방법은 SCP 정책을 수정하여 EC2 인스턴스 시작을 가능하게 만드는 가장 적합한 방법입니다."
https://changwhaj.github.io/exam-assets/exam/aws/DOP_C02/DOP2-Q0175.html,"정답: D

설명:
D는 EC2 Image Builder의 배포 설정을 통해 최신 AMI로 자동으로 실행 템플릿을 업데이트하고, 이를 Auto Scaling 그룹에서 사용하여 최신 AMI로 EC2 인스턴스를 시작하도록 하는 방법입니다.

EC2 Image Builder의 배포 설정은 자동화된 AMI 업데이트를 통해 Auto Scaling 그룹의 AMI를 최신 상태로 유지할 수 있습니다.
이를 통해 운영 효율성을 높이고, 수동 업데이트 없이 자동화된 프로세스로 EC2 인스턴스를 배포할 수 있습니다.
이 방법은 자동화된 AMI 관리와 최신 보안 업데이트 적용을 보장하는 가장 효율적인 방식입니다."
https://changwhaj.github.io/exam-assets/exam/aws/DOP_C02/DOP2-Q0176.html,"정답: B

설명:
B는 Lambda 함수의 리소스 정책을 설정하여 Amazon S3가 Lambda 함수를 호출할 수 있도록 권한을 부여하는 방법입니다. 이 문제는 Lambda 함수가 S3에서 트리거되지 않는 문제로, 이 경우 S3가 Lambda 함수를 호출할 수 있도록 권한을 부여하는 것이 해결책입니다.

Lambda의 리소스 정책을 통해 S3가 Lambda 함수를 호출할 수 있도록 해야 합니다. S3는 이벤트 발생 시 Lambda를 호출하는 권한을 가져야 하므로 Lambda 함수의 리소스 정책에 S3의 invoke 권한을 추가해야 합니다.
A, C, D는 Lambda 함수가 실행되지 않는 문제와 관련이 없으므로 적합하지 않습니다."
https://changwhaj.github.io/exam-assets/exam/aws/DOP_C02/DOP2-Q0177.html,"정답: A

설명:
A는 Route 53 ARC에서 새로운 어설션 안전 규칙을 생성하고, 이를 두 개의 라우팅 제어에 적용하여 최소 1개의 라우팅 제어가 항상 켜져 있도록 보장하는 방법입니다. ATLEAST 유형의 규칙을 사용하고, 임계값을 1로 설정하여 최소 하나의 라우팅 제어가 활성화 상태임을 보장합니다.

어설션 안전 규칙은 자동화된 회복력을 통해 최소 하나의 라우팅 제어가 항상 활성화 상태인지 확인하고, 장애 조치가 제대로 이루어질 수 있도록 합니다."
https://changwhaj.github.io/exam-assets/exam/aws/DOP_C02/DOP2-Q0178.html,"정답: C

설명:
C는 AWS Config를 사용하여 모든 EC2 인스턴스에 대해 구성 기록을 활성화하고, EC2 전용 호스트에서 실행되지 않는 인스턴스를 식별하는 사용자 지정 AWS Config 규칙을 생성하는 방법입니다. 이 규칙은 Lambda 함수를 트리거하여 비준수 인스턴스를 처리하고, AWS Config 보고서를 사용하여 비준수 인스턴스를 해결합니다.

AWS Config는 EC2 인스턴스의 호스트 배치를 모니터링하고, EC2 전용 호스트에서 실행되지 않는 인스턴스를 식별하는 데 유용합니다.
Lambda 함수를 사용하여 비준수 상태를 검증하고, AWS Config 보고서를 통해 결과를 해결할 수 있습니다.
이 방법은 규정 준수 감사 워크플로우를 자동화하고 관리 오버헤드를 최소화할 수 있는 효율적인 방법입니다."
https://changwhaj.github.io/exam-assets/exam/aws/DOP_C02/DOP2-Q0179.html,"정답: BCE

설명:
B: Elastic Beanstalk 외부에 Amazon RDS for MySQL을 배포하는 방법입니다. 이는 데이터베이스의 고가용성 및 자동 확장성을 유지하면서 Elastic Beanstalk 환경에서 독립적으로 관리되도록 설정합니다.
C: Elastic Beanstalk 구성에서 애플리케이션 팀에 알림을 보내는 이메일 주소를 설정하여 배포 실패 시 알림을 받을 수 있도록 하는 방법입니다.
E: 불변 배포 방식을 사용하여 새 애플리케이션 버전을 배포하는 방법입니다. 이 방식은 기존 버전의 애플리케이션을 그대로 두고, 새로운 버전을 별도의 인스턴스 세트에서 실행하여 문제가 발생할 경우 자동으로 롤백할 수 있습니다.
이 세 가지 옵션은 고가용성, 자동화된 배포, 배포 실패 시 경고를 충족하는 방법입니다."
https://changwhaj.github.io/exam-assets/exam/aws/DOP_C02/DOP2-Q0180.html,"정답: CE

설명:
C는 AWS CloudTrail을 사용하여 CodePipeline에서 발생한 모든 API 호출을 기록하고 이를 Amazon S3로 전송하는 방법입니다. CloudTrail은 API 호출을 추적하고 모든 변경 사항을 기록할 수 있으므로 애플리케이션 변경 사항에 대한 승인을 기록하고 보관하는 데 적합합니다.
E는 CodePipeline 수동 승인 작업을 설정하고, 보안 팀에 승인 권한을 부여하는 방법입니다. 수동 승인 작업은 배포가 이루어지기 전에 보안 팀이 승인을 수행하도록 하여 승인 기록을 남길 수 있도록 도와줍니다.

이 두 가지 방법은 보안 요구 사항을 충족하고, 변경 사항 승인을 자동으로 추적하며, 보관할 수 있게 해줍니다."
https://changwhaj.github.io/exam-assets/exam/aws/DOP_C02/DOP2-Q0181.html,"정답: C

설명:
C는 AWS Service Catalog를 사용하여 사전 승인된 CloudFormation 템플릿만 배포하도록 제한하고, AWS Config 규칙을 사용하여 리소스가 예상 상태에서 벗어난 경우를 감지하는 방법입니다.

AWS Service Catalog는 사용자가 사전 승인된 CloudFormation 템플릿만 사용하도록 강제하는 데 사용됩니다.
AWS Config는 리소스의 드리프트를 감지하여 리소스가 예상 상태에서 벗어난 경우 이를 자동으로 모니터링하고 경고를 생성할 수 있습니다.
이 방법은 요구 사항에 맞는 가장 효율적이고 자동화된 솔루션을 제공합니다."
https://changwhaj.github.io/exam-assets/exam/aws/DOP_C02/DOP2-Q0182.html,"정답: B

설명:
B는 AWS Trusted Advisor를 사용하여 서비스 제한 검사를 주기적으로 새로 고치고, 이를 Amazon EventBridge에서 트리거하여 Lambda 함수를 호출하는 방법입니다. Lambda 함수는 고위 관리자에게 알림을 전송하는 방식입니다.

AWS Trusted Advisor는 서비스 제한을 모니터링할 수 있는 서비스 제한 대시보드를 제공하여, 계정이 서비스 제한에 근접하는지 확인하는 데 유용합니다.
EventBridge를 통해 자동화된 작업을 트리거하고, Lambda 함수를 사용하여 고위 관리자에게 경고를 보냄으로써, 서비스 한도 초과를 예방할 수 있습니다.
이 방법은 서비스 제한 모니터링을 자동화하면서도 최소한의 개발 노력으로 알림을 설정하는 효율적인 방법입니다."
https://changwhaj.github.io/exam-assets/exam/aws/DOP_C02/DOP2-Q0183.html,"정답: B

설명:
B는 UserData 속성에서 AWS::AutoScaling::LaunchConfiguration 리소스를 사용하여 ECS 클러스터를 참조하는 방법입니다. EC2 인스턴스가 ECS 클러스터에 등록되도록 UserData 스크립트에서 ECS 클러스터 정보를 /etc/ecs/ecs.config 파일에 설정해야 합니다.

AutoScaling 그룹의 LaunchConfiguration을 사용하여 EC2 인스턴스에 ECS 클러스터를 설정하고, 이를 통해 EC2 인스턴스가 해당 ECS 클러스터에 등록되도록 합니다.
이 방법은 EC2 인스턴스를 ECS 클러스터와 연동시키는 가장 적합한 방법입니다."
https://changwhaj.github.io/exam-assets/exam/aws/DOP_C02/DOP2-Q0184.html,"정답: AB

설명:
A: AWS Organizations에서 SCP를 생성하여 미국 이외의 지역에서 비전역 서비스에 대한 액세스를 거부합니다. 이를 통해 새 리전에서 서비스 제한을 자동으로 적용할 수 있습니다.

B: AWS CloudTrail을 설정하여 모든 리전에서 활동을 추적하고 이를 Amazon CloudWatch Logs로 전송하여, CloudWatch Logs 지표 필터를 사용하여 미국 이외 지역에서의 서비스 활동에 대한 알림을 전송합니다.

이 두 가지 방법은 서비스 지역 제한과 활동 모니터링 및 경고를 설정하여 요구 사항을 충족하는 최적의 솔루션입니다."
https://changwhaj.github.io/exam-assets/exam/aws/DOP_C02/DOP2-Q0185.html,"정답: A

설명:
A는 CloudWatch Logs Insights를 사용하여 CloudWatch 로그 그룹에서 데이터를 쿼리하고, 결과를 파이 차트 형식으로 시각화하는 방법입니다. 이는 CloudWatch 대시보드에 결과를 쉽게 통합할 수 있으며, 로그 데이터를 효율적으로 분석하여 파이 차트를 생성하는데 가장 적합한 방법입니다.

CloudWatch Logs Insights는 로그 데이터를 쿼리하고 분석할 수 있는 강력한 도구로, CloudWatch 대시보드에 직접 통합할 수 있습니다.
다른 옵션들은 CloudWatch 대시보드에 통합하는 것과 관련이 없거나 더 복잡한 방법을 필요로 합니다.
따라서 A가 가장 운영 효율성이 높습니다."
https://changwhaj.github.io/exam-assets/exam/aws/DOP_C02/DOP2-Q0186.html,"정답: A

설명:
A는 IAM Access Analyzer가 식별하는 서비스만 허용하는 SCP(서비스 제어 정책)을 생성하고, 새로운 OU(조직 단위)에 연결하여 기본 FullAWSAccess SCP를 분리하는 방법입니다. 이 방법은 새로운 OU에서 서비스의 사용을 제한하고, 기본 정책을 제거하여 최소 권한을 적용하는 방식입니다.

이 방식은 서비스 제어 정책(SCP)을 통해 각 계정과 OU에 세밀한 액세스 제어를 제공하며, IAM Access Analyzer를 사용하여 정확하게 활성 서비스만 허용할 수 있습니다."
https://changwhaj.github.io/exam-assets/exam/aws/DOP_C02/DOP2-Q0187.html,"정답: D

설명:
D는 Amazon EventBridge를 사용하여 EC2 인스턴스 생성 이벤트를 CloudTrail에서 전달받아, Lambda 함수를 호출하는 방법입니다.

CloudTrail은 AWS 서비스 활동을 기록하므로, EC2 리소스 생성 이벤트를 EventBridge를 통해 Lambda 함수로 전달할 수 있습니다.
Lambda 함수는 이 이벤트를 처리하여 리소스 태그를 추가하고, 사용자 ID와 비용 센터 ID를 포함시킬 수 있습니다.
이 방법은 리소스 생성 후 1시간 이내에 자동 태깅을 수행하도록 하는 최적의 솔루션입니다."
https://changwhaj.github.io/exam-assets/exam/aws/DOP_C02/DOP2-Q0188.html,"정답: D

설명:
D는 Amazon ECR VPC 엔드포인트와 Amazon S3 게이트웨이 엔드포인트를 사용하여 이미지를 안전하게 다운로드할 수 있게 하고, 리포지토리 정책을 설정하여 별도 AWS 계정에서 ECR 이미지를 가져올 수 있도록 허용합니다.

VPC 엔드포인트는 ECR과 S3의 프라이빗 연결을 제공하여 보안을 강화하고, Lambda 및 ECS 작업이 인터넷을 거치지 않고도 리포지토리에서 이미지를 다운로드할 수 있도록 합니다.
리포지토리 정책을 통해 다른 계정의 ECS 작업이 이미지를 다운로드할 수 있도록 허용합니다.
이 방법은 프로덕션 클러스터가 다른 AWS 계정에 존재하면서도 안전하고 효율적으로 ECR 이미지를 다운로드할 수 있는 최적의 방법입니다."
https://changwhaj.github.io/exam-assets/exam/aws/DOP_C02/DOP2-Q0189.html,"정답: C

설명:
C는 AWS Config를 사용하여 VPC 흐름 로그가 활성화되어 있는지 확인하는 AWS Config 규칙을 생성하고, 이를 자동으로 교정하여 VPC 흐름 로그를 활성화하는 방법입니다.

AWS Config는 리소스 구성을 추적하고, 비준수 상태를 자동으로 수정할 수 있는 기능을 제공합니다.
이 규칙을 설정하면, 모든 기존 및 신규 VPC에 대해 흐름 로그가 활성화되어 있지 않으면 자동으로 흐름 로그를 활성화할 수 있습니다.
A는 VPC 생성 시 흐름 로그를 활성화하는 방법이지만, 모니터링 및 교정에는 적합하지 않습니다. B는 SCP를 사용하여 흐름 로그 수정 제한만 할 수 있으며, 흐름 로그가 켜져 있는지 확인하거나 자동으로 교정하는 데에는 적합하지 않습니다. D는 IAM 정책이 흐름 로그를 제어하는 데 관련이 없습니다."
https://changwhaj.github.io/exam-assets/exam/aws/DOP_C02/DOP2-Q0190.html,"정답: ADE

설명:
A: SAML 어설션을 업데이트하여 사용자의 팀 이름을 전달하고, IAM 역할의 신뢰 정책을 업데이트하여 액세스 팀 세션 태그를 추가하는 방법입니다. 이를 통해 애플리케이션 팀의 팀 이름에 따라 액세스를 제한할 수 있습니다.

D: 각 CodeCommit 리포지토리에 대한 액세스 팀 태그를 추가하여, 각 팀의 리포지토리에 대한 수정 권한을 제어할 수 있습니다. 이를 통해 팀마다 리포지토리 접근 제어가 가능합니다.

E: SCP를 사용하여 조직의 계정에 태그 기반 정책을 적용합니다. 이를 통해 특정 태그에만 접근을 허용하여 팀별 리포지토리 관리를 가능하게 합니다.

이 방법들은 애플리케이션 팀이 관리하는 리포지토리의 메인 브랜치만 수정할 수 있도록 제어하는 데 효과적입니다."
https://changwhaj.github.io/exam-assets/exam/aws/DOP_C02/DOP2-Q0191.html,"정답: A

설명:
A는 CloudWatch Logs 로그 그룹을 만들고, AWS WAF의 로그 메시지를 CloudWatch Logs로 전송하는 방법입니다. 운영 팀은 CloudWatch 메트릭 필터를 사용하여 특정 패턴에 대한 알람을 생성할 수 있습니다.

CloudWatch Logs는 로그 수집과 분석에 적합하며, 메트릭 필터를 사용하여 로그 데이터를 기반으로 알람을 생성할 수 있습니다.
이 방법은 최소한의 운영 오버헤드로 AWS WAF 로그 메시지의 패턴을 분석하고 알림을 받을 수 있는 가장 효율적인 방법입니다.
B, C, D는 각각 추가적인 관리나 높은 비용을 초래할 수 있기 때문에 A가 가장 효율적이고 경제적인 방법입니다."
https://changwhaj.github.io/exam-assets/exam/aws/DOP_C02/DOP2-Q0192.html,"정답: B

설명:
B는 빌드 단계에서 runOrder 값이 2인 테스트 작업을 추가하고, AWS CodeBuild를 사용하여 단위 테스트를 실행하는 방법입니다.

runOrder 값 2는 빌드 작업 후에 테스트가 실행되도록 보장하며, 빌드가 성공한 후에만 단위 테스트가 진행되므로 빌드 성공 후 코드 변경 사항만 배포됩니다.
AWS CodeBuild는 테스트 실행을 자동화하고, 빌드 단계의 일부로 단위 테스트를 실행할 수 있도록 해줍니다.
이 방법은 소스 코드 변경 사항에 대한 단위 테스트가 반드시 통과할 때만 배포가 진행되도록 보장합니다."
https://changwhaj.github.io/exam-assets/exam/aws/DOP_C02/DOP2-Q0193.html,"정답: C

설명:
C는 AWS Config를 활성화하고, s3-bucket-ssl-requests-only 관리 규칙을 사용하여 S3 버킷에 대한 전송 중 암호화 요구사항을 강제하는 방법입니다. 이 규칙을 사용하여 전송 중 암호화가 활성화되지 않은 경우 S3 버킷에 대한 액세스를 거부하는 버킷 정책을 추가할 수 있습니다.

aws:SecureTransport 조건 키를 사용하여 HTTPS를 통한 암호화된 연결만 허용하도록 하며, 이는 데이터 전송 중 암호화를 요구하는 정책에 적합합니다.
D는 서버 측 암호화와 관련된 조건이므로, 전송 중 암호화 요구사항에는 맞지 않습니다."
https://changwhaj.github.io/exam-assets/exam/aws/DOP_C02/DOP2-Q0194.html,"정답: BDE

설명:
B: ""Resource"": ""*""를 ""Resource"": ""arn:aws:ec2:*:*:instance/*""로 변경하여 리소스를 EC2 인스턴스로 제한합니다. 이는 최소 권한 원칙을 준수하며, 불필요한 리소스 접근을 제한합니다.

D: ""Environment: NonProduction"" 태그를 기준으로 EC2 인스턴스에만 권한을 부여하는 조건을 추가하여, 비생산 환경에만 권한을 적용하도록 합니다.

E: ""Action"": ""ec2:*""를 ""Action"": ""ec2:StopInstances""로 변경하여 인스턴스를 중지하는 작업만 허용하도록 제한합니다. 이를 통해 중지 작업만 수행하도록 제한하여 최소 권한을 구현합니다.

이 세 가지 변경은 IAM 정책을 최소 권한 원칙에 맞게 구성하고, 정확한 리소스와 액션만 허용하여 보안을 강화합니다."
https://changwhaj.github.io/exam-assets/exam/aws/DOP_C02/DOP2-Q0195.html,"정답: ADF

설명:
A: 일괄 쓰기를 사용하여 여러 로그 이벤트를 하나의 쓰기 작업으로 처리하면 네트워크 오버헤드를 최소화하고 쓰기 성능을 향상시킬 수 있습니다.
D: 다중 측정 레코드로 처리하여 각 로그를 하나의 레코드로 작성하는 대신 여러 측정을 포함하는 하나의 레코드로 처리하면, 쿼리 성능이 향상되고 데이터의 양이 줄어듭니다.
F: 메모리 저장소 보존 기간을 자기 저장소 보존 기간보다 짧게 설정하면, 빠른 쿼리 성능을 제공하고 메모리 저장소에서 데이터를 더 오래 유지하는 것이 효율적입니다.
이 방법들은 데이터 쓰기와 쿼리 성능을 최적화하여 요구 사항을 충족시킬 수 있는 최적의 조합입니다."
https://changwhaj.github.io/exam-assets/exam/aws/DOP_C02/DOP2-Q0196.html,"정답: BE

설명:
B: cfn-init 도우미 스크립트를 사용하여 CloudFormation 템플릿을 업데이트하고, cfn-hup을 사용하여 메타데이터 변경 사항을 감지하고 적용할 수 있습니다. 이를 통해 EC2 인스턴스의 애플리케이션을 업데이트할 수 있습니다.

E: **AWS Systems Manager 문서(SSM 문서)**를 사용하여 State Manager를 통해 EC2 인스턴스와의 연결을 자동화합니다. State Manager는 EC2 인스턴스에서 실행 중인 애플리케이션 업데이트를 관리하는 데 유용합니다.

이 두 가지 방법은 CloudFormation 및 AWS Systems Manager의 기능을 활용하여 실행 중인 EC2 인스턴스에 애플리케이션 업데이트를 적용하는 데 효과적입니다."
https://changwhaj.github.io/exam-assets/exam/aws/DOP_C02/DOP2-Q0197.html,"정답: BDE

설명:
B: IAM IdP 생성 시 기존 IdP의 URL, 대상, 서명을 사용하여 OIDC를 지원하는 IAM IdP를 설정합니다. 이를 통해 OpenID Connect(OIDC) 기반 인증을 AWS에 통합할 수 있습니다.
D: OIDC IdP의 역할 신뢰 정책을 설정하여, auth.company.com:aud와 같은 컨텍스트 키를 사용하는 IAM 역할을 구성하여 AWS 리소스에 대한 액세스를 허용합니다.
E: AssumeRoleWithWebIdentity API를 사용하여 임시 자격 증명을 검색하고, 이 자격 증명을 사용하여 S3 API 호출을 수행합니다. 이 방식은 OIDC와 통합되어 웹 애플리케이션에서 AWS 자원에 접근할 수 있게 합니다.

이 방법들은 OpenID Connect를 통해 IAM 역할을 통한 인증과 임시 자격 증명을 생성하여 S3 API 호출을 안전하게 수행할 수 있도록 설정합니다."
https://changwhaj.github.io/exam-assets/exam/aws/DOP_C02/DOP2-Q0198.html,"정답: A

설명:
A는 AWS Control Tower에서 **선택적 탐지 제어(가드레일)**를 활성화하여 RDS 스토리지 암호화 여부를 검사하고, Amazon EventBridge를 사용하여 비준수 이벤트를 필터링하여 SNS 토픽에 알림을 전송하는 방법입니다. 이를 통해 보안 엔지니어는 SNS 알림을 통해 비준수 RDS 인스턴스에 대한 알림을 받을 수 있습니다.

AWS Control Tower의 가드레일은 기본적으로 규정 준수를 모니터링하는 데 사용되며, EventBridge와 SNS를 활용하면 알림을 자동으로 받을 수 있습니다.
가장 높은 운영 효율성을 제공하는 방법으로, AWS Control Tower와 이미 설정된 도구들을 활용하여 자동화된 모니터링 및 알림 시스템을 구축할 수 있습니다.
B, C, D는 추가적인 설정과 관리가 필요하며, A가 더 간단하고 효율적인 솔루션입니다."
https://changwhaj.github.io/exam-assets/exam/aws/DOP_C02/DOP2-Q0199.html,"정답: BD

설명:
B: IAM Roles Anywhere를 사용하여 온프레미스 CI/CD 파이프라인에서 CodeArtifact에 패키지를 게시하도록 IAM 역할을 구성합니다. 이 방법은 최소한의 인프라와 보안을 보장합니다.

D: CodeArtifact에서 외부 연결을 설정하고, 종속 저장소를 업스트림 공용 저장소로 설정하여 다양한 공개 리포지토리의 종속성을 자동으로 관리합니다.

이 두 가지 방법은 CodeArtifact 구성을 최소한의 운영 오버헤드로 설정하고, CI/CD 파이프라인에 소프트웨어 패키지와 종속성을 효율적으로 관리하는 데 적합합니다."
https://changwhaj.github.io/exam-assets/exam/aws/DOP_C02/DOP2-Q0200.html,"정답: B

설명:
B는 LambdaCanary10Percent10Minutes 배포 구성을 사용하여, 10%의 트래픽만 우선 배포하고 문제가 발생하면 자동 롤백을 수행하는 방법입니다.

Canary 배포 방식은 배포 후 10%의 트래픽에 대해서만 배포를 먼저 진행하여, 문제가 감지되면 빠르게 롤백할 수 있게 합니다. 이 방식은 배포 후 영향을 최소화하면서 문제를 빠르게 감지하고 대응할 수 있는 방법입니다.
CloudWatch 경보를 설정하여 HTTP 잘못된 게이트웨이 오류를 모니터링하고, 경고 임계값을 초과하면 롤백하도록 배포 그룹을 구성하여 최소한의 영향을 주고 빠르게 롤백할 수 있도록 합니다.
이 방법은 운영 효율성과 빠른 대응을 보장하면서도 고객에게 미치는 영향을 최소화하는 솔루션입니다."
https://changwhaj.github.io/exam-assets/exam/aws/DOP_C02/DOP2-Q0201.html,"정답: BCF

설명:
B: 프로비저닝된 동시성을 사용하면 Lambda 함수가 사전 준비된 실행 환경을 보유하게 되어, 트래픽 급증 시 빠르게 처리할 수 있습니다.

C: Aurora 글로벌 데이터베이스로 전환하고, 읽기 전용 복제본을 고객의 위치에 맞는 AWS 리전에 배포하여, 읽기 요청의 분산과 응답 시간을 개선할 수 있습니다.

F: Amazon RDS Proxy를 사용하여 Lambda 함수가 Aurora 데이터베이스에 연결할 때 연결 풀링을 활용하여 데이터베이스 연결을 효율적으로 관리할 수 있습니다.

이 조합은 Lambda 함수와 데이터베이스의 확장성을 개선하여, 높은 부하와 요청 급증에 대한 성능 저하를 방지할 수 있습니다."
https://changwhaj.github.io/exam-assets/exam/aws/DOP_C02/DOP2-Q0202.html,"정답: B

설명:
B는 Amazon S3에 CloudFormation 템플릿을 복사하고, Aurora 자동 백업 크로스 리전 복제 및 ECR 크로스 리전 복제를 구성하여 **디자스터 리커버리(DR)**을 설정하는 방법입니다.

ECR 크로스 리전 복제를 설정하여 Docker 이미지를 DR 지역으로 자동으로 복사할 수 있으며, Aurora 데이터베이스는 자동 백업 크로스 리전 복제를 사용하여 RPO 요구 사항을 충족합니다.
CloudFormation 템플릿을 사용하여 DR 지역에서 새 스택을 시작하고, 최신 Aurora 스냅샷과 ECR 저장소의 Docker 이미지를 사용하여 배포를 완료합니다.
이 방법은 RPO와 RTO를 충족하는 가장 비용 효율적인 솔루션입니다."
https://changwhaj.github.io/exam-assets/exam/aws/DOP_C02/DOP2-Q0203.html,"정답: C

설명:
C는 CloudWatch Logs Insights를 사용하여 지난 7일 동안 특정 사용자의 로그인 수를 계산하는 쿼리를 생성하고, 이를 로그 그룹에 대해 실행하는 방법입니다.

CloudWatch Logs Insights는 로그 데이터를 쿼리하고 집계 함수를 사용하여 특정 기간에 대한 분석을 쉽게 할 수 있도록 도와줍니다.
이 방법은 로그 파일에서 직접 원하는 데이터를 추출할 수 있으며, 로그 데이터에 대한 실시간 분석을 제공합니다.
다른 옵션들은 로그 데이터를 직접 쿼리하거나 특정 필터 패턴을 적용하는 데 적합하지 않으며, C가 가장 효율적이고 정확한 방법입니다."
https://changwhaj.github.io/exam-assets/exam/aws/DOP_C02/DOP2-Q0204.html,"정답: A

설명:
A는 기존 단일 태그 그룹을 변경하여 Environment=Production 태그만 포함하고, Name=ApplicationA 태그만 포함하는 새로운 태그 그룹을 추가하는 방법입니다. 이렇게 하면 EC2 인스턴스가 두 태그 조건 모두 충족해야 배포 그룹에 포함되므로, 새 EC2 인스턴스에 Name=ApplicationB 태그가 추가되어 ApplicationA 배포가 실행되지 않도록 할 수 있습니다.

이 방법은 EC2 인스턴스가 정확히 두 태그를 일치해야 배포 대상에 포함되도록 하기 때문에, 새로운 인스턴스에서 ApplicationA 배포를 방지할 수 있습니다."
https://changwhaj.github.io/exam-assets/exam/aws/DOP_C02/DOP2-Q0205.html,"정답: D

설명:
D는 S3 액세스 포인트와 S3 Object Lambda 액세스 포인트를 사용하여 각 애플리케이션이 요구하는 방식으로 데이터를 동적으로 수정할 수 있는 방법입니다. 이 솔루션을 사용하면 각 애플리케이션에 대해 고유한 Lambda 함수를 설정하여 데이터를 검색할 때마다 수정할 수 있습니다.

S3 Object Lambda를 사용하면 S3 GET 요청 시 데이터를 동적으로 수정할 수 있으며, 각 애플리케이션에 대해 고유한 수정 규칙을 설정할 수 있습니다.
이 방식은 데이터 편집을 동적으로 수행하고 데이터 중복을 방지하는 데 유효합니다.
따라서 D는 요구 사항을 효율적으로 해결하는 가장 적합한 솔루션입니다."
https://changwhaj.github.io/exam-assets/exam/aws/DOP_C02/DOP2-Q0206.html,"정답: B

설명:
B는 AWS Control Tower를 사용하여 다중 계정 환경에서 사전 예방적 제어를 활성화하고, 이를 CloudFormation 후크와 결합하여 모든 OU에서 CloudFormation 스택에 S3 버킷 암호화 요구 사항을 강제하는 방법입니다.

AWS Control Tower는 다중 계정을 관리하며, CloudFormation 후크를 사용하여 리소스 생성 시 정책을 강제할 수 있습니다.
사전 예방적 제어를 통해 리소스가 생성되기 전에 암호화 정책을 적용하여 모든 S3 버킷에 AWS KMS 암호화가 자동으로 적용됩니다.
이 방법은 정책 위반을 미리 차단하고, 자동화된 보안 관리를 제공하는 가장 효율적인 방식입니다."
https://changwhaj.github.io/exam-assets/exam/aws/DOP_C02/DOP2-Q0207.html,"정답: D

설명:
D는 AWS Config를 사용하여 CloudFormation 스택에 대한 드리프트 감지를 설정하고, cloudformation-stack-drift-detection-check 관리 규칙을 활용하여 드리프트 감지 결과를 AWS Config에서 평가하는 방법입니다. 이 규칙을 사용하여 스택의 구성 변경을 추적하고, 드리프트 감지 시 EventBridge 규칙을 트리거하여 SNS 토픽에 알림을 보내는 방식입니다.

AWS Config는 CloudFormation 스택의 구성 변경을 모니터링하고, 드리프트가 감지되면 즉시 SNS를 통해 알림을 전송할 수 있습니다.
EventBridge 규칙을 설정하여 드리프트 감지 이벤트에 반응하고, SNS 알림을 전송합니다.
이 방법은 드리프트 감지 후 즉각적인 알림을 제공하는 효율적이고 자동화된 솔루션을 제공합니다."
https://changwhaj.github.io/exam-assets/exam/aws/DOP_C02/DOP2-Q0208.html,"정답: BCD

설명:
B: 알림 규칙을 생성하여 각 워크로드 컨테이너의 가용성을 모니터링하고, 해당 상태에 따라 알림을 생성합니다.

C: SNS 주제를 위한 알림 관리자 구성을 생성하여 Prometheus에서 발생하는 알림을 SNS로 전달할 수 있도록 설정합니다.

D: SNS 토픽의 액세스 정책을 수정하여 Prometheus 서비스가 SNS에 메시지를 게시할 수 있도록 필요한 권한을 부여합니다. sns:Publish와 sns:GetTopicAttributes 권한을 aps.amazonaws.com 서비스 주체에게 부여합니다.

이 단계들은 Prometheus에서 SNS로 알림을 전송하고, 알림을 수신하는 구성을 완료하는 데 필요한 작업입니다."
https://changwhaj.github.io/exam-assets/exam/aws/DOP_C02/DOP2-Q0209.html,"정답: B

설명:
B는 SCP에서 aws:EC2InstanceSourceVPC와 aws:SourceVpc의 값을 동일하게 확인하고, EC2 인스턴스의 소스 IP 주소인 aws:EC2InstanceSourcePrivateIPv4와 aws:VpcSourceIp의 값을 동일하게 확인하여 액세스를 제한하는 방식입니다. 이 조건을 사용하면 자격 증명이 할당된 특정 EC2 인스턴스에서만 해당 자격 증명을 사용할 수 있도록 제한할 수 있습니다.

SCP를 사용하여 VPC 및 IP 주소를 확인하고, EC2 인스턴스가 특정 네트워크에서만 자격 증명을 사용할 수 있도록 제한하는 방식으로 보안을 강화할 수 있습니다.
이 방법은 가장 간단하고 명확한 방식으로 요구 사항을 충족합니다."
https://changwhaj.github.io/exam-assets/exam/aws/DOP_C02/DOP2-Q0210.html,"정답: AD

설명:
A: CloudWatch 에이전트를 모든 EC2 인스턴스에 설치하여 디스크 공간 사용량을 모니터링하고 이를 CloudWatch로 전송하는 방법입니다. 이 방법은 디스크 공간을 실시간으로 추적하고 문제를 미리 감지할 수 있도록 합니다.

D: CloudWatch 알람을 설정하여 디스크 공간 부족 상태를 모니터링하고, 이를 Systems Manager Automation 작업에 안전 제어로 추가하여 디스크 공간이 충분한지 확인하고, 패치 프로세스를 진행할 수 있도록 합니다.

이 두 방법을 통해 디스크 공간 모니터링과 패치 프로세스 중 오류를 방지할 수 있습니다."
https://changwhaj.github.io/exam-assets/exam/aws/DOP_C02/DOP2-Q0211.html,"정답: ACE

설명:
A: Amazon RDS Proxy를 사용하여 Lambda와 Aurora MySQL 클러스터 간의 연결을 관리하고, 프록시를 통해 연결 풀링을 구현하여 데이터베이스 연결 성능을 최적화합니다.
C: Lambda 함수 내에서 데이터베이스 연결을 열기 대신, 연결을 Lambda 이벤트 핸들러 외부에서 관리하여 여러 호출 간에 연결을 효율적으로 재사용할 수 있습니다.
E: Lambda 함수에서 RDS Proxy 엔드포인트로 연결하여 Lambda 호출 시마다 새로운 연결을 열지 않도록 하여 성능을 개선합니다.
이 방법들은 데이터베이스 연결 최적화와 애플리케이션 성능 향상에 가장 효과적인 접근입니다."
https://changwhaj.github.io/exam-assets/exam/aws/DOP_C02/DOP2-Q0212.html,"정답: C

설명:
C는 Amazon EventBridge를 사용하여 CloudFormation 스택의 UPDATE_COMPLETE 이벤트를 감지하고, 해당 이벤트가 발생하면 Lambda 함수를 트리거하여 스택에 태그를 적용하는 방법입니다.

EventBridge는 AWS 서비스에서 발생하는 이벤트를 감지하고, 이를 Lambda 함수와 연결하여 자동화된 작업을 수행할 수 있도록 설계된 서비스입니다.
이 방법은 CloudFormation 스택 업데이트 완료 후 자동으로 태그를 적용하는 작업을 효율적으로 자동화하는 방법입니다.
따라서 EventBridge와 Lambda를 활용하는 C가 요구 사항을 가장 잘 충족하는 솔루션입니다."
https://changwhaj.github.io/exam-assets/exam/aws/DOP_C02/DOP2-Q0213.html,"정답: D

설명:
D는 S3 배치 복제(S3 Batch Replication)를 사용하여 복제에 실패한 객체를 처리하고 복제를 재시도하는 방법입니다. S3 배치 작업을 사용하여 복제에 실패한 객체들을 재복제할 수 있으며, 이를 통해 복제 실패 객체를 효율적으로 처리할 수 있습니다. S3 배치 복제는 복제 실패 객체뿐만 아니라 이전에 복제된 객체나 복제 구성이 적용되기 전의 객체를 복제하는 데 사용될 수 있습니다.

A, B, C는 Lambda 함수와 EventBridge를 사용하여 복제 실패를 감지하고 처리하는 방법을 제시하지만, S3 배치 복제가 제공하는 방식이 효율적이고 자동화된 처리를 위해 더 적합합니다."
https://changwhaj.github.io/exam-assets/exam/aws/DOP_C02/DOP2-Q0214.html,"정답: B

설명:
B는 CloudFront 배포에서 두 개의 오리진을 설정하고, 원본 그룹을 사용하여 장애 조치 정책을 구성하는 방법입니다. 여기서 기본 ALB는 원본으로 설정하고, 보조 ALB를 두 번째 원본으로 설정합니다. 원본 그룹을 사용하여 HTTP 5xx 상태 코드에 대해 장애 조치를 수행하도록 설정합니다. 이를 통해 CloudFront는 요청이 실패할 경우 자동으로 보조 ALB로 요청을 전달하게 됩니다.

CloudFront Origin Groups는 장애 조치 메커니즘을 제공하며, HTTP 5xx 오류가 발생하면 보조 원본으로 요청을 전환할 수 있습니다.
이 방식은 애플리케이션의 0초 RTO를 만족시킬 수 있도록 자동 장애 조치를 제공합니다.
다른 옵션들은 CloudFront의 장애 조치 기능을 사용하지 않거나, 5xx 오류 처리를 적절히 처리하지 않기 때문에 요구 사항을 충족할 수 없습니다."
https://changwhaj.github.io/exam-assets/exam/aws/DOP_C02/DOP2-Q0215.html,"정답: C

설명:
C는 **Service Control Policies (SCP)**를 사용하여 iam:CreateUser 작업을 연구팀의 AWS 계정에 대해 거부하는 방식입니다. SCP는 AWS Organizations 내에서 계정별로 정책을 적용하는 데 유용하며, 연구팀의 계정에서 IAM 사용자 생성을 제한하려면 SCP가 가장 적합합니다. 이를 통해 연구팀만 사용자 생성이 제한되며, IAM Identity Center에서 제공하는 권한 집합은 변경되지 않습니다."
https://changwhaj.github.io/exam-assets/exam/aws/DOP_C02/DOP2-Q0216.html,"정답: D

설명:
D는 Lambda 함수의 배치 크기를 유지하고, Lambda 함수에서 실패한 배치 항목을 보고하도록 구성하며, **SQS에 Dead-Letter Queue (DLQ)**를 설정하는 방법입니다.

Dead-Letter Queue는 실패한 메시지를 추적하고 관리할 수 있는 방법을 제공하여, 누락된 메시지를 나중에 다시 처리할 수 있게 합니다.
Lambda 함수에서 배치 항목이 실패할 때 ReportBatchItemFailures 값을 사용하여 부분 실패를 관리할 수 있습니다.
이 방식은 메시지 처리 타임라인을 충족하고 실패한 메시지에 대한 효율적인 대응을 가능하게 합니다.
이 방법은 Lambda의 이벤트 소스 매핑을 최적화하여 실패한 메시지만 처리하고, 전체 배치 실패를 방지할 수 있습니다."
https://changwhaj.github.io/exam-assets/exam/aws/DOP_C02/DOP2-Q0217.html,"정답: ABF

설명:
A: 향상된 팬아웃(Enhanced Fan-Out)을 사용하여 Kinesis 데이터 스트림 소비자가 독립된 처리량을 갖도록 하여, 다른 소비자와 경쟁하지 않고 지연 시간을 줄이는 방법입니다.

B: Lambda 이벤트 소스 매핑에서 ParallelizationFactor를 설정하여 병렬 처리량을 늘리면, Lambda 함수가 더 많은 배치 항목을 동시에 처리할 수 있어 처리 지연 시간을 줄일 수 있습니다.

F: Kinesis 데이터 스트림의 샤드 수를 늘리면, 데이터 스트림의 처리량을 늘릴 수 있습니다. 더 많은 샤드를 사용하여 더 많은 데이터 병렬 처리가 가능해져 지연 시간을 줄이는 데 효과적입니다.

이 세 가지 옵션은 지연 시간을 줄이기 위한 최적화 방법을 제공하며, 높은 처리량과 빠른 처리 속도를 구현할 수 있습니다."
https://changwhaj.github.io/exam-assets/exam/aws/DOP_C02/DOP2-Q0218.html,"정답: B

설명:
B는 **AWS Organizations에서 SCP(서비스 제어 정책)**를 사용하여 회사의 IP 주소 범위를 벗어난 소스 IP 주소를 거부하는 방식입니다. 이 정책을 조직 루트에 연결하면, 조직의 모든 계정에 적용되어 회사의 IP 범위 내에서만 AWS 작업을 수행할 수 있도록 제한합니다.

SCP는 조직 내 모든 계정에서 동일한 정책을 강제할 수 있으며, 특정 IP 범위에서만 작업을 허용하는 방식으로 접근 제어를 강화할 수 있습니다.
A는 AWS Firewall Manager를 사용하여 네트워크 방화벽 정책을 설정하는 방법인데, SCP보다 관리하기 복잡할 수 있습니다.
C는 GuardDuty를 사용하는 방법으로, 보안과 관련된 기능이지만 IP 범위 제한을 직접 설정하는 데 적합하지 않습니다.
D는 허용 정책을 사용하여 IP 범위 내에서만 작업을 허용하지만, 거부하는 것이 더 적합한 방법입니다.
따라서 B는 요구 사항을 가장 효율적으로 충족하는 방법입니다."
https://changwhaj.github.io/exam-assets/exam/aws/DOP_C02/DOP2-Q0219.html,"정답: ADF

설명:
A: Amazon S3 복제에 필요한 IAM 역할을 생성하고, S3 및 S3 배치 작업 서비스 주체가 S3 복제에 필요한 권한을 맡을 수 있도록 합니다.

D: 양방향 복제 규칙을 사용하여 두 개의 S3 버킷 간에 동기화를 설정하고, S3의 IAM 역할을 사용하여 서로 복제하도록 구성합니다.

F: S3 배치 작업을 사용하여 소스 S3 버킷의 내용을 대상 S3 버킷으로 복제하고, 이를 IAM 역할을 사용하여 자동으로 관리할 수 있습니다.

이 세 가지 방법은 고가용성과 데이터 손실 방지 요구 사항을 충족하기 위한 최적의 방법을 제공합니다. 양방향 복제는 데이터의 동기화와 다중 리전 간 장애 조치를 보장하는 데 중요합니다."
https://changwhaj.github.io/exam-assets/exam/aws/DOP_C02/DOP2-Q0220.html,"정답: AE

설명:
A와 E는 CloudFormation과 Lambda 함수, 그리고 Amazon EventBridge를 사용하여 손상된 EC2 인스턴스를 격리하는 방법을 구현합니다.

A: AWS CloudFormation StackSets를 사용하여 모든 AWS 계정에 CloudFormation 스택을 배포하고, Lambda 함수를 사용하여 격리 작업을 수행하는 자동화된 프로세스를 구현합니다.
E: 보안 그룹이 없는 EC2 인스턴스 역할을 생성하여, Lambda 함수가 기존 보안 그룹을 새 보안 그룹으로 교체하도록 구성하며, EventBridge 규칙을 통해 손상된 인스턴스를 자동으로 격리할 수 있게 합니다.
이 두 방법은 격리 작업을 자동화하고 손상된 인스턴스를 네트워크에서 차단하는 데 효과적인 솔루션입니다."
https://changwhaj.github.io/exam-assets/exam/aws/DOP_C02/DOP2-Q0221.html,"정답: C

설명:
C는 모든 S3 버킷에 리소스 기반 정책을 설정하여 새로운 IP 주소 범위에 대해서만 S3 버킷에 액세스를 허용하고, 새 SCP를 사용하여 S3 버킷에 대한 액세스를 거부하는 방법입니다. 이 정책을 통해 두 개의 OU에서 S3 버킷에 대한 액세스를 제어할 수 있습니다.

리소스 기반 정책을 사용하면 S3 버킷에 대한 액세스를 특정 IP 주소 범위로 제한할 수 있습니다.
SCP를 사용하여 두 OU에 대한 접근을 제어하고, 새로운 IP 범위 외의 액세스를 거부할 수 있습니다.
따라서 C는 효율적이고 안전한 접근 제어 방법입니다."
https://changwhaj.github.io/exam-assets/exam/aws/DOP_C02/DOP2-Q0222.html,"정답: B

설명:
B는 AWS Control Tower를 사용하여 OUs와 보안 제어를 설정하고, 기존 팀 계정을 적절한 OUs에 배치하여 보안 제어를 적용하는 방법입니다. 이 방법은 새 계정을 프로비저닝하고, Trust Access를 구성하여 모든 계정에 대한 예방 및 탐지 제어를 보장합니다.

AWS Control Tower는 새로운 계정의 생성과 관리를 용이하게 하고, 보안 가드레일을 설정하여 모든 계정의 보안을 보장하는 데 도움을 줍니다.
이 방법은 AWS Organizations의 계정 관리를 자동화하며, 전반적인 보안 및 규정 준수를 간소화합니다.
따라서, AWS Control Tower를 사용한 방법이 요구 사항을 충족하는 가장 적합한 솔루션입니다."
https://changwhaj.github.io/exam-assets/exam/aws/DOP_C02/DOP2-Q0223.html,"정답: A

설명:
A는 CodeBuild 프로젝트에서 네이티브 Git을 사용하여 CodeCommit 리포지토리를 복제하고, 단위 테스트가 통과하면 Git 태그를 생성하여 이를 리포지토리에 푸시하는 방법입니다.

Git을 사용하여 리포지토리를 복제하고, buildspec.yml 파일 내에서 단위 테스트를 실행하며, 테스트가 성공하면 Git 태그를 생성하고 푸시하는 방식은 Git 워크플로에 익숙한 사용자에게 가장 적합한 방법입니다.
단위 테스트 후 Git 태그를 푸시하는 작업은 CodeBuild의 post_build 단계에서 실행할 수 있습니다.
이 방식은 AWS CodeBuild와 Git을 잘 활용한 표준적인 워크플로우로, 요구 사항을 효과적으로 충족합니다."
https://changwhaj.github.io/exam-assets/exam/aws/DOP_C02/DOP2-Q0224.html,"정답: A

설명:
A는 Amazon EventBridge를 사용하여 ECS 작업 상태 변경을 캡처하고, 해당 이벤트를 CloudWatch Logs로 전송한 후, CloudWatch Logs Insights를 사용하여 중지된 작업에 대한 오류를 분석하는 방법입니다.

EventBridge는 ECS 작업 상태의 변화를 실시간으로 모니터링할 수 있으며, 이를 CloudWatch Logs로 전송하여 중지된 작업에 대한 분석을 가능하게 합니다.
CloudWatch Logs Insights를 사용하면 실시간으로 데이터를 쿼리하고, 중지된 작업의 오류를 효율적으로 추적할 수 있습니다.
이 방법은 효율적인 로그 수집과 분석을 제공하여 요구 사항을 가장 잘 충족합니다."
https://changwhaj.github.io/exam-assets/exam/aws/DOP_C02/DOP2-Q0225.html,"정답: AB

설명:
A와 B는 EC2 인스턴스가 S3 버킷에 접근할 수 있도록 최소 권한 원칙을 준수하면서, IAM 역할을 사용하여 임시 보안 자격 증명을 제공하는 방법입니다.

A는 IAM 역할을 생성하여 S3 버킷에 필요한 권한을 부여하고, 이 IAM 역할을 인스턴스 프로필에 추가하는 방법입니다.
B는 Auto Scaling 그룹에서 IAM 인스턴스 프로필을 포함하도록 시작 템플릿을 업데이트하여, 자동으로 IAM 역할을 EC2 인스턴스에 적용하는 방법입니다.
이 두 단계는 EC2 인스턴스에 대해 최소 권한을 보장하면서, 임시 자격 증명을 사용하여 보안을 강화하는 방법입니다."
https://changwhaj.github.io/exam-assets/exam/aws/DOP_C02/DOP2-Q0226.html,"정답: C

설명:
C는 블루/그린 배포와 Application Load Balancer를 사용하여 트래픽을 새 인스턴스의 절반으로 라우팅하고, 임시 파일을 삭제하기 위한 적절한 타이밍에 BeforeAllowTraffic 후크를 사용합니다. 이 배포 방식은 요구 사항에 맞게 트래픽을 점진적으로 새 환경으로 전환하며, 성공적인 배포 후 원래 인스턴스를 종료하는 작업을 포함합니다.

B는 BeforeBlockTraffic 후크를 사용하여 임시 파일을 삭제하려 하지만, 이는 트래픽을 차단하는 시점이기 때문에 임시 파일을 삭제하기에는 올바르지 않습니다.
A와 D는 인플레이스 배포를 사용하는 방식인데, 이는 트래픽 라우팅과 인스턴스 복구 측면에서 요구 사항을 충족하지 못합니다.
따라서 C가 가장 적합한 해결책입니다."
https://changwhaj.github.io/exam-assets/exam/aws/DOP_C02/DOP2-Q0227.html,"정답: A

설명:
A는 AWS Control Tower Account Factory Customization (AFC) 블루프린트를 사용하여 각 환경과 CI/CD 계정을 자동으로 프로비저닝하는 방법입니다. 이 방법은 AWS Control Tower의 Account Factory와 Customization 기능을 활용하여 기준 구성을 자동화하고, 모든 계정이 초기 기준선에 맞게 설정되도록 합니다.

AWS Control Tower는 다중 계정 환경에서 자동화된 계정 프로비저닝을 제공하며, Account Factory를 통해 정해진 템플릿으로 계정을 생성할 수 있습니다.
이 방법은 운영 오버헤드를 최소화하고, 자동화된 계정 프로비저닝을 통해 모든 환경이 규정 준수를 유지할 수 있게 합니다.
따라서 A는 요구 사항을 가장 효율적으로 충족하는 방법입니다."
https://changwhaj.github.io/exam-assets/exam/aws/DOP_C02/DOP2-Q0228.html,"정답: A

설명:
A는 Lambda 함수의 리소스 정책을 수정하여 AWS Config가 해당 함수를 호출할 수 있는 권한을 부여하는 방법입니다.

AWS Config는 사용자 지정 규칙을 실행할 때 Lambda 함수를 호출해야 합니다. 이때 Lambda 함수가 AWS Config의 호출을 허용하도록 리소스 기반 정책을 추가해야 합니다.
Lambda의 리소스 정책을 수정하지 않으면 AWS Config가 Lambda 함수를 실행할 수 없고, 함수가 실행되지 않습니다.
이 방법이 문제를 해결하는 가장 적합한 방법입니다."
https://changwhaj.github.io/exam-assets/exam/aws/DOP_C02/DOP2-Q0229.html,"정답: D

설명:
D는 IAM 역할을 생성하여 개발자가 서비스 연결 역할을 생성하고 구성할 수 있도록 필요한 권한을 부여합니다. 권한 경계를 사용하여 최소 권한 원칙을 유지하며, 개발자가 수행할 수 있는 작업의 범위를 제한합니다. 이 방식은 서비스 연결 역할을 생성하고 구성하는 작업에만 집중할 수 있게 하여 요구 사항을 충족합니다.

IAM 역할은 개발자에게 필요한 최소 권한을 제공하며, 권한 경계를 통해 과도한 권한 부여를 방지합니다.
이 방법은 개발자에게 적절한 권한을 부여하고, 보안을 유지하면서 서비스 연결 역할을 관리할 수 있도록 합니다.
다른 옵션들은 불필요한 권한을 부여하거나 요구 사항을 충족하지 못합니다."
https://changwhaj.github.io/exam-assets/exam/aws/DOP_C02/DOP2-Q0230.html,"정답: CEF

설명:
C: CloudWatch Logs 메트릭 필터를 사용하여 루트 사용자 로그인 이벤트를 감지하고, 이를 CloudWatch 알람과 SNS를 통해 모니터링 시스템에 알림을 보냅니다. 이 방식은 루트 사용자 로그인 이벤트에 대한 실시간 알림을 제공합니다.
E: AWS CloudTrail 조직 트레일을 설정하여 모든 계정에서 루트 사용자 활동을 기록하고, 이를 CloudWatch Logs로 전송합니다. CloudTrail은 루트 사용자 활동을 포함한 모든 AWS 서비스 이벤트를 캡처할 수 있습니다.
F: CloudWatch Logs Insights 쿼리를 사용하여 루트 사용자 활동을 분석하고, 이를 CloudWatch 대시보드에 시각화하여 활동을 모니터링할 수 있습니다.

이 방법들은 루트 사용자 로그인 및 활동에 대한 모니터링, 알림 및 대시보드 시각화를 완벽하게 해결하는 방법입니다."
https://changwhaj.github.io/exam-assets/exam/aws/DOP_C02/DOP2-Q0231.html,"정답: BE

설명:
B: **AWS IAM Identity Center (AWS SSO)**를 사용하여 SAML 2.0 기반 ID 페더레이션을 구성하여 **회사의 ID 공급자(IdP)**를 통해 인증하도록 설정합니다. 이를 통해 모든 AWS Management Console 로그인이 IdP 인증을 통해 이루어지도록 보장할 수 있습니다.

E: **SCP (Service Control Policy)**를 사용하여 IAM 사용자의 비밀번호 생성을 거부합니다. 이를 통해 IAM 사용자 계정을 비활성화하고, IdP를 통한 인증만 허용하는 방식으로 보안을 강화합니다.

이 두 옵션을 결합하면 모든 사용자가 AWS Management Console에 접근할 때 기업의 ID 공급자(IdP)를 통한 인증만 허용하게 됩니다."
https://changwhaj.github.io/exam-assets/exam/aws/DOP_C02/DOP2-Q0232.html,"정답: BD

설명:
B: AWS CodeCommit에 Dockerfile과 Kubernetes 배포 파일을 저장하고, Amazon EventBridge를 사용하여 Dockerfile의 새 버전이 커밋될 때 파이프라인을 호출하도록 설정합니다. 이후 AWS CodePipeline에서 CodeBuild 프로젝트를 시작하여 Docker 이미지를 빌드하고 배포합니다.

D: AWS CodeBuild에서 Docker 이미지를 빌드하고, **Amazon Elastic Container Registry (ECR)**에 저장한 후, ECR 리포지토리에서 향상된 스캐닝을 활성화하여 취약점을 검사합니다. 또한 Amazon EventBridge 규칙을 생성하여 ECR 이미지 스캔 이벤트를 모니터링하고, 취약점이 CRITICAL 또는 HIGH 수준인 경우 SNS 알림을 전송합니다.

이 방법들은 Docker 이미지 빌드 및 배포 자동화와 취약점 스캔 알림 요구 사항을 충족합니다."
https://changwhaj.github.io/exam-assets/exam/aws/DOP_C02/DOP2-Q0233.html,"정답: AE

설명:
A: IAM 인증을 활성화하여 API Gateway에 대해 IAM 인증을 요구하도록 설정합니다. 이를 통해 AWS 자격 증명을 사용하여 요청을 서명하고, 인증되지 않은 액세스를 방지할 수 있습니다.

E: **Signature Version 4 (SigV4)**를 사용하여 요청자가 요청을 서명하도록 요구합니다. 이 방식은 AWS 자격 증명을 사용하여 요청의 신뢰성을 검증하고, 특정 IAM 정책에 의해 권한을 부여합니다.

이 두 가지 방법은 API Gateway에서 IAM 기반 인증을 활성화하고, 요청자의 신원을 검증하여 특정 조직 단위에만 액세스를 허용하도록 할 수 있습니다."
https://changwhaj.github.io/exam-assets/exam/aws/DOP_C02/DOP2-Q0234.html,"정답: B

설명:
B는 Lambda 함수를 사용하여 성공한 실행과 실패한 실행에 대한 정보를 CloudWatch 사용자 지정 메트릭으로 기록하고, EventBridge 규칙을 설정하여 각 실행 후 Lambda 함수가 호출되도록 합니다. 이를 통해 CloudWatch 대시보드를 사용하여 배포 성공 및 실패에 대한 가시성을 제공합니다.

EventBridge 규칙을 사용하여 각 실행 후 Lambda 함수 호출을 트리거하면, 이벤트 기반으로 메트릭을 기록할 수 있어 효율적인 모니터링이 가능합니다.
CloudWatch 대시보드는 구성 노력이 적고, 직관적으로 배포 성공과 실패를 모니터링할 수 있습니다.
따라서, B는 가장 적은 구성 노력으로 요구 사항을 충족할 수 있는 최적의 방법입니다."
https://changwhaj.github.io/exam-assets/exam/aws/DOP_C02/DOP2-Q0235.html,"정답: B

설명:
B는 S3 버킷이 비어 있지 않아 삭제가 실패한 경우, 사용자 지정 리소스의 AWS Lambda 함수 코드를 수정하여 RequestType이 Delete일 때 버킷을 재귀적으로 비우도록 하는 방법입니다.

CloudFormation은 비어 있지 않은 S3 버킷을 삭제할 수 없습니다. 따라서 Lambda 함수를 사용하여 삭제 작업 시 S3 버킷을 비우는 추가 작업을 처리해야 합니다.
Lambda 함수가 S3 버킷의 객체들을 삭제하고 나면, CloudFormation은 버킷을 정상적으로 삭제할 수 있습니다.
이 방식은 CloudFormation 스택을 삭제할 때 발생할 수 있는 S3 버킷 삭제 실패 문제를 해결하는 가장 효율적인 방법입니다."
https://changwhaj.github.io/exam-assets/exam/aws/DOP_C02/DOP2-Q0236.html,"정답: B

설명:
B는 AWS Systems Manager Inventory를 사용하여 EC2 인스턴스에 설치된 애플리케이션을 추적하고, 이를 기반으로 AWS Config 규칙을 설정하여 금지된 애플리케이션이 설치되었는지 모니터링하는 방법입니다.

Systems Manager Inventory는 EC2 인스턴스에서 설치된 애플리케이션에 대한 정보를 자동으로 수집하고, AWS Config 규칙을 사용하여 변경 사항을 추적하고 금지된 애플리케이션이 설치되었는지 식별할 수 있습니다.
이 방법은 운영 효율성을 최대화하면서 자동화된 모니터링을 가능하게 합니다."
https://changwhaj.github.io/exam-assets/exam/aws/DOP_C02/DOP2-Q0237.html,"정답: BCE

설명:
B: CloudTrail을 활성화하고, CloudTrail 로그를 S3에 저장하여 이벤트 활동을 추적하고 문제를 해결하는 데 도움을 줍니다.

C: EventBridge 규칙에 Amazon SQS 표준 대기열을 사용하여 **배달되지 않은 이벤트를 죽은 편지 대기열(DLQ)**에 저장합니다. 실패한 이벤트를 재시도하거나 분석할 수 있도록 합니다.

E: CloudWatch Logs에서 로그 그룹을 생성하고, 이를 EventBridge 규칙의 추가 대상으로 지정하여 이벤트 처리 로깅을 실시간으로 모니터링하고 문제 해결을 지원합니다.

이 세 가지 방법은 애플리케이션을 재배포하지 않고 이벤트를 모니터링하고 문제를 해결하는 데 필요한 추가 기능을 제공합니다."
https://changwhaj.github.io/exam-assets/exam/aws/DOP_C02/DOP2-Q0238.html,"정답: AE

설명:
A는 공유 서비스 계정에서 ECR 저장소를 생성하고, 사전 검사 및 사후 검사 이미지를 분리하여 관리하는 방법입니다. ECR 이미지 스캐닝을 사전 검사 저장소에 대해 설정하고, 리소스 기반 정책을 사용하여 사후 검사 저장소에 대한 읽기 액세스 권한을 부여합니다.
E는 Lambda 함수를 사용하여 EventBridge 규칙에 반응하고, 이미지 스캔 완료 이벤트를 처리하여 검사 후 이미지를 사후 검사 저장소로 푸시하는 방법입니다.

이 조합은 이미지 검사 및 배포를 중앙화하고, 사전 검사 이미지와 사후 검사 이미지를 분리하여 요구 사항을 충족하는 최적의 방법입니다.

A와 D도 좋은 선택입니다. 각 옵션에 대해 설명드리겠습니다:
A: 사전 검사 및 사후 검사 ECR 리포지토리를 만들어 이미지를 스캔하고 리소스 기반 정책을 사용하여 쓰기와 읽기 권한을 관리하는 방법입니다. 이 방법은 이미지 스캔을 자동화하고, 취약점 없는 이미지만 사용할 수 있도록 보장하여 보안성을 높입니다.
D: Amazon GuardDuty를 사용하여 ECR에서 감지된 취약점을 추적하고, SNS 알림을 통해 취약점이 발견되었을 때 신속하게 알림을 받을 수 있는 방법입니다. GuardDuty는 보안 위협을 모니터링하고 SNS를 통해 실시간 알림을 제공하므로, 빠르게 대응할 수 있습니다.
A와 D는 이미지 보안을 관리하고 위험을 최소화하는 방법으로 적합합니다. A는 이미지 스캔을 통한 취약점 탐지에 중점을 두고, D는 보안 알림을 통해 취약점 발견 시 즉시 대응할 수 있도록 돕습니다.
이 두 가지 방법은 보안 관리를 강화하는 데 유효합니다."
https://changwhaj.github.io/exam-assets/exam/aws/DOP_C02/DOP2-Q0239.html,"정답: B

설명:
B는 Kubernetes 서비스 계정 IAM 역할이 AWS KMS 고객 관리 키를 사용하는 것을 허용하지 않는 키 정책 때문입니다. Kubernetes 서비스 계정은 IAM 역할을 가정하여 AWS Secrets Manager에서 비밀을 가져오려고 하지만, KMS 키 정책이 해당 IAM 역할에 키 사용 권한을 부여하지 않기 때문에 액세스 거부(403 Forbidden) 오류가 발생합니다.

KMS 키 정책은 Secrets Manager에서 암호화된 비밀을 복호화하려면 반드시 IAM 역할에 대해 명시적으로 허용해야 합니다.
따라서, KMS 키 정책을 수정하여 Kubernetes 서비스 계정 IAM 역할이 고객 관리 KMS 키를 사용할 수 있도록 허용하면 이 문제를 해결할 수 있습니다."
https://changwhaj.github.io/exam-assets/exam/aws/DOP_C02/DOP2-Q0240.html,"정답: C

설명:
C는 Amazon FSx for NetApp ONTAP을 사용하여 각 AWS 리전에서 다중 AZ 인스턴스 및 볼륨을 생성하고, SnapMirror 관계를 사용하여 온프레미스 NetApp 스토리지 장치와 FSx for ONTAP 인스턴스 간의 예약된 데이터 복제를 설정하는 방법입니다.

SnapMirror는 NetApp의 고성능 복제 기술로, 온프레미스 및 클라우드 간에 효율적이고 안정적인 데이터 복제를 제공합니다.
FSx for NetApp ONTAP은 클라우드에서 관리되는 NetApp ONTAP 환경을 제공하므로, 고가용성, 중복성 및 지속적인 데이터 복제를 위해 적합합니다.
이 방법은 다중 리전 복제와 중복 제거를 통해 요구 사항을 충족하는 가장 적합한 솔루션입니다."
https://changwhaj.github.io/exam-assets/exam/aws/DOP_C02/DOP2-Q0241.html,"정답: AD

설명:
A는 Amazon Macie를 활성화하여 PII 데이터를 식별하고, AWS Step Functions를 사용하여 데이터를 익명화하는 과정입니다. 이를 통해 프로덕션 환경에서 개발 환경으로 데이터를 복사하기 전에 PII를 수정할 수 있습니다. 또한, KMS 키 권한을 사용하여 데이터 암호화 및 복호화를 처리합니다.
D는 Amazon EventBridge를 사용하여 AWS Step Functions 상태 머신을 매주 트리거하는 방법으로, 데이터 전송 및 익명화 프로세스를 자동화하여 주간 업데이트를 관리합니다.

이 두 가지 방법은 PII를 익명화하고, 주간 데이터 업데이트를 자동화하는 요구 사항을 충족하는 방법입니다."
https://changwhaj.github.io/exam-assets/exam/aws/DOP_C02/DOP2-Q0242.html,"정답: C

설명:
C는 IAM 역할을 생성하여 EventBridge가 Systems Manager를 사용해 EKS 클러스터의 노드에서 명령을 실행할 수 있도록 허용하는 방법입니다. 이때 노드의 태그를 사용하여 System Manager State Manager 연결을 통해 컨테이너 이미지를 미리 가져옵니다.

태그는 노드를 구분하는 데 유용한 속성으로, EKS 클러스터에 새로 추가된 노드에서 컨테이너 이미지를 미리 가져오는 작업을 쉽게 관리할 수 있습니다.
B는 머신 크기를 사용하는 방법을 제시하는데, 이는 비효율적이고 유연하지 않기 때문에 적합하지 않습니다.
A와 D는 제어 평면 노드를 대상으로 하므로 잘못된 선택입니다. 제어 평면은 애플리케이션 컨테이너를 실행하지 않기 때문에 이를 관리하는 데 적합하지 않습니다."
https://changwhaj.github.io/exam-assets/exam/aws/DOP_C02/DOP2-Q0243.html,"정답: ACE

설명:
A: Amazon EventBridge를 사용하여 AWS Lambda 함수를 예약하고 API에서 워크로드 메트릭을 호출, 데이터를 S3 버킷에 저장하는 방법입니다. S3 버킷은 데이터를 저장하고, 이후 Athena나 QuickSight와 같은 도구로 분석할 수 있도록 합니다.

C: AWS Glue 크롤러를 사용하여 S3 버킷에 저장된 워크로드 메트릭 데이터를 카탈로그화하고, Amazon Athena에서 쿼리할 수 있도록 합니다. 이는 데이터를 분석 가능하게 만드는 중요한 단계입니다.

E: Amazon Athena에서 뷰를 사용하여 QuickSight 데이터 세트를 만들고, 대시보드에서 시각화하는 방법으로, 워크로드 메트릭 데이터를 분석 및 시각화할 수 있게 합니다.

이 방법은 대규모 메트릭을 수집, 저장, 분석 및 시각화하는 데 필요한 모든 단계를 포함하여 요구 사항을 충족합니다."
https://changwhaj.github.io/exam-assets/exam/aws/DOP_C02/DOP2-Q0244.html,"정답: BCE

설명:
B: EFS 파일 시스템의 보안 그룹에 NFS 트래픽을 허용하는 인바운드 규칙을 추가해야 합니다. EFS는 NFS 포트 2049를 통해 EC2 인스턴스와 통신하므로, EKS 클러스터의 EC2 인스턴스가 이를 접근할 수 있도록 보안 그룹에서 이를 허용해야 합니다.

C: Amazon EFS CSI 드라이버는 IAM 역할을 통해 EFS 파일 시스템과 상호 작용할 수 있는 권한을 가져야 합니다. 이를 위해 적절한 IAM 역할을 생성하고, EFS CSI 드라이버에 이 역할을 할당해야 합니다.

E: EFS 파일 시스템에 대한 마운트 대상을 EKS 노드의 서브넷에 생성해야 합니다. EFS 파일 시스템을 마운트하려면 각 서브넷에 마운트 대상이 필요하고, 이를 통해 EKS 노드와 EFS 간의 연결이 이루어집니다.

이 세 가지 방법은 EFS 파일 시스템을 EC2 인스턴스에서 마운트하는 데 필요한 보안 및 IAM 설정을 포함하여, 마운트 대상 설정을 통해 문제를 해결하는 방법입니다."
https://changwhaj.github.io/exam-assets/exam/aws/DOP_C02/DOP2-Q0245.html,"정답: BD

설명:
B: AWS Private Certificate Authority를 사용하여 온프레미스 디바이스마다 인증서를 생성하고, IAM Roles Anywhere에서 신뢰 앵커를 만들고 IAM 역할을 생성하여 EFS 접근 권한을 부여합니다. 온프레미스 디바이스는 aws_signing_helper 명령을 사용하여 AWS CLI를 통해 자격 증명을 얻습니다.

D: amazon-efs-utils 패키지를 사용하여 EFS 파일 시스템을 마운트하는 방법입니다. 이는 AWS Direct Connect를 통해 비공개 연결을 통해 암호화된 트래픽으로 파일 시스템에 접근할 수 있도록 합니다.

이 두 방법은 최소 권한 원칙을 따르며, EFS에 안전하게 접근하는 데 필요한 적절한 절차를 제공합니다."
https://changwhaj.github.io/exam-assets/exam/aws/DOP_C02/DOP2-Q0246.html,"정답: B

설명:
B는 AWS::CodeDeployBlueGreen 변환과 AWS::CodeDeploy::BlueGreen 후크 매개변수를 추가하고, CodeDeployDefault.ECSLinear10PercentEvery1Minutes 배포 구성을 사용하는 방법입니다.

이 구성은 새 버전의 애플리케이션으로 트래픽을 매분 10%씩 전환하여 전체 트래픽을 점진적으로 전환하고, 고가용성을 유지합니다. ECS Blue/Green 배포에서는 BlueGreen 후크를 사용하여 트래픽 전환을 제어할 수 있습니다.

따라서, B는 요구 사항을 충족하는 가장 적합한 방법입니다."
https://changwhaj.github.io/exam-assets/exam/aws/DOP_C02/DOP2-Q0247.html,"정답: A

설명:
A는 Lambda 함수가 Organizations API를 호출하여 새 AWS 계정을 생성하는 기능을 새 AWS 계정에서 실행할 수 있도록 하는 해결책입니다. 이 방법은 IAM 역할을 새 AWS 계정에 생성하고, 이 역할을 Lambda 실행 역할이 맡도록 허용하여, Lambda 함수 코드를 수정하여 새 계정에서 필요한 역할을 가정할 수 있도록 합니다.

IAM 역할을 생성하여 Lambda 함수가 새로운 AWS 계정에서 역할을 맡고, 새 계정에서 AWS Organizations API를 호출할 수 있도록 해야 합니다.
이를 통해 AWS Organizations에서만 새 AWS 계정을 만들 수 있는 요구 사항을 충족합니다.
따라서 A가 요구 사항을 가장 잘 충족하는 방법입니다."
https://changwhaj.github.io/exam-assets/exam/aws/DOP_C02/DOP2-Q0248.html,"정답: A

설명:
A는 양방향 S3 버킷 복제와 DynamoDB 글로벌 테이블을 사용하여 두 리전 간 데이터 일관성을 유지하는 방법입니다.

양방향 S3 복제를 통해 두 리전의 S3 버킷 간에 데이터가 실시간으로 전파됩니다.
DynamoDB 글로벌 테이블은 여러 리전에 걸쳐 자동으로 데이터를 복제하여, 다중 리전 간 즉시 데이터 일관성을 제공합니다.
글로벌 테이블을 사용하면 DynamoDB의 지역 간 데이터 복제를 자동으로 관리하므로, 운영 효율성이 가장 높고 지연 시간과 일관성을 보장합니다."
https://changwhaj.github.io/exam-assets/exam/aws/DOP_C02/DOP2-Q0249.html,"정답: A

설명:
A는 Amazon EventBridge 규칙을 사용하여 RDS 스토리지 자동 확장 이벤트를 감지하고, Lambda 함수를 사용하여 CloudWatch 사용자 지정 메트릭을 게시하는 방법입니다. EventBridge 규칙을 구성하여 Lambda 함수를 호출하고, 이 함수는 CloudWatch 사용자 지정 메트릭을 시각화하기 위해 데이터를 게시합니다.

EventBridge는 RDS 자동 확장 이벤트를 실시간으로 처리할 수 있으며, Lambda 함수는 CloudWatch 사용자 지정 메트릭을 게시하여 CloudWatch 대시보드에서 시각화할 수 있습니다.
이 방법은 사용자 지정 메트릭을 생성하여 CloudWatch 대시보드에서 자동 확장 이벤트를 쉽게 시각화할 수 있습니다.
B, C, D는 CloudTrail을 사용하여 이벤트를 처리하는 방법이나 메트릭 필터를 사용한 방법으로, A보다는 간접적이고 더 복잡한 방법입니다. A가 가장 간단하고 효율적인 방법입니다."
https://changwhaj.github.io/exam-assets/exam/aws/DOP_C02/DOP2-Q0250.html,"정답: C

설명:
C는 EC2 Image Builder를 사용하여 컨테이너 레시피를 기반으로 이미지를 빌드하고, **세 개의 리전 (us-west-2, us-east-2, eu-central-1)**에 있는 ECR 리포지토리로 이미지를 배포하는 방법입니다. EC2 Image Builder는 컨테이너 이미지 생성 및 배포를 자동화하도록 설계되어 있으며, 주간 배포 스케줄링을 지원합니다.

EC2 Image Builder는 여러 리전에 이미지를 직접 배포할 수 있는 기능을 제공하여, ECR 복제와 같은 복잡한 설정 없이 간단하게 이미지를 관리할 수 있습니다.
이 방법은 이미지 빌드 및 배포의 자동화를 쉽게 할 수 있어 운영 효율성이 높습니다.
따라서, C가 주어진 요구 사항을 충족하는 가장 효율적인 방법입니다."
https://changwhaj.github.io/exam-assets/exam/aws/DOP_C02/DOP2-Q0251.html,"정답: A

설명:
A는 AWS Systems Manager의 State Manager를 사용하여 관리되는 모든 인스턴스를 대상으로 연관성을 생성하고, 해당 연관성에 바이러스 백신 소프트웨어 설치를 포함시킵니다. 이 연관성은 소프트웨어가 설치되지 않은 인스턴스에 자동으로 소프트웨어를 설치합니다.

AWS Systems Manager State Manager는 EC2 인스턴스와 같은 관리되는 시스템에서 설정을 자동으로 적용하고 유지할 수 있는 서비스입니다. 이 서비스를 사용하면, 소프트웨어 설치와 같은 작업을 자동화할 수 있습니다.

B는 AWS Config를 사용하여 리소스의 상태를 모니터링하고 비준수 항목을 감지하는 방법입니다. 그러나 소프트웨어 설치를 직접 자동화하는 데는 적합하지 않습니다.

C와 D는 모니터링 또는 검사에 중점을 둔 옵션으로, 소프트웨어가 설치되어 있는지 확인하거나 보고할 수는 있지만 자동으로 소프트웨어를 설치하는 기능은 제공하지 않습니다.

따라서, AWS Systems Manager를 활용한 자동화가 가장 적합한 방법입니다."
https://changwhaj.github.io/exam-assets/exam/aws/DOP_C02/DOP2-Q0252.html,"정답: BD

설명:
B는 Amazon ECR 강화된 스캐닝을 사용하여 컨테이너 이미지를 더 깊이 있게 검사합니다. 기본 스캐닝이 지원하지 않는 프로그래밍 언어 패키지의 취약성까지 포함하여 운영 체제와 애플리케이션 수준의 취약성을 검사합니다. 이를 통해 CRITICAL 및 HIGH 심각도 결과를 구체적으로 식별하여, 해당 이미지가 프로덕션 환경에 배포되기 전에 보안을 강화할 수 있습니다.

D는 Amazon EventBridge 규칙을 구성하여 AWS Lambda 함수를 호출하고, Lambda 함수에서 Amazon Inspector 스캔 상태를 사용하여 CI/CD 파이프라인에 승인됨 또는 거부됨 상태를 제출합니다. 이를 통해 CI/CD 파이프라인에서 이미지를 자동으로 승인하거나 거부할 수 있어, 프로덕션에 배포되는 이미지를 안전하게 관리할 수 있습니다.

따라서, 강화된 스캐닝을 사용하고, EventBridge와 Lambda를 통해 결과를 CI/CD 파이프라인에 반영하는 조합이 요구 사항을 충족합니다."
https://changwhaj.github.io/exam-assets/exam/aws/DOP_C02/DOP2-Q0253.html,"정답: D

설명:
D는 AWS Config를 조직 전체에서 활성화하고, approved-amis-by-id AWS Config 관리 규칙을 사용하여 승인된 AMI 목록을 구성합니다. 이를 통해 조직의 모든 계정에서 EC2 인스턴스가 승인된 AMI를 사용하도록 보장합니다. 비준수 EC2 인스턴스에 대해서는 AWS-StopEC2Instance AWS Systems Manager Automation 런북을 실행하여 자동으로 수정할 수 있습니다.

AWS Config를 사용하면 규칙이 조직 전체에 적용되며, 계정 관리자가 이를 변경하거나 삭제할 수 없도록 보장됩니다. 이 방법은 일관되게 정책을 적용하고 비준수 인스턴스를 수정하는 데 효과적입니다.

A, B, C는 알림을 생성하거나, 경고만 제공하고, 비준수 인스턴스를 자동으로 수정하지 않거나, 계정 관리자가 규칙을 수정할 수 있기 때문에 요구 사항을 충족하지 못합니다."
https://changwhaj.github.io/exam-assets/exam/aws/DOP_C02/DOP2-Q0254.html,"정답: D

설명:
D는 AWS CloudTrail, Amazon EventBridge, AWS Lambda, Amazon SNS의 기능을 활용하여 관리자 역할이 가정되었을 때 실시간으로 알림을 보낼 수 있는 가장 효율적인 방법입니다. CloudTrail에서 AssumeRole API 호출을 추적하고, EventBridge 이벤트 규칙을 설정하여 이를 감지합니다. 감지된 이벤트는 Lambda 함수를 호출하고, Lambda는 SNS 주제로 메시지를 게시하여 보안 팀에 알림을 전송합니다.

A는 실시간에 가깝지 않으며, Athena를 사용하여 로그를 쿼리하는 방식은 즉각적인 알림을 제공하지 않습니다.
B는 GuardDuty가 위협 탐지를 위한 서비스이므로 역할 가정과 관련된 추적에는 적합하지 않습니다.
C는 AWS Management Console 로그인 이벤트를 기반으로 하는 이벤트 규칙을 사용하지만, 이는 역할 가정과 관련된 API 호출을 추적하지 못합니다.
따라서, D가 가장 적합한 해결책입니다."
https://changwhaj.github.io/exam-assets/exam/aws/DOP_C02/DOP2-Q0255.html,"정답: BD

설명:
B는 Amazon Aurora 글로벌 데이터베이스를 두 개의 AWS 리전에 설정하고, 장애 발생 시 보조 리전을 기본 리전으로 승격시키는 방식입니다. 이를 통해 RPO(Recovery Point Objective)와 RTO(Recovery Time Objective)를 충족할 수 있습니다. Aurora 글로벌 데이터베이스는 두 리전 간 데이터 복제를 자동으로 수행하므로, 장애 발생 시 빠르게 복구할 수 있습니다.

D는 Amazon Route 53 장애 조치 라우팅을 사용하여 두 리전에서 애플리케이션을 설정하고, **애플리케이션 로드 밸런서(ALB)**를 가리킵니다. 또한, 각 리전에서 상태 확인 및 자동 확장 그룹을 사용하여 애플리케이션의 가용성을 보장합니다. 이 방법은 높은 가용성을 제공하고 장애 발생 시 빠르게 대체 리전으로 트래픽을 전환할 수 있습니다.

따라서 B와 D는 RPO와 RTO 요구 사항을 충족하는 전략입니다."
https://changwhaj.github.io/exam-assets/exam/aws/DOP_C02/DOP2-Q0256.html,"정답: CE

설명:
C: CodeUri 속성을 로컬 애플리케이션 코드 폴더를 참조하도록 업데이트한 후 sam deploy 명령을 실행하면, 변경된 Lambda 함수 코드를 S3에 업로드하고 배포할 수 있습니다. 이 방법은 코드 변경 사항을 인식하고 배포할 수 있도록 보장합니다.

E: CodeUri 속성을 로컬 애플리케이션 코드 폴더를 참조하도록 업데이트하고, aws cloudformation package 명령으로 로컬 아티팩트를 패키징한 뒤 aws cloudformation deploy 명령을 사용하여 배포할 수 있습니다. 이 명령은 Lambda 코드 변경 사항을 S3에 업로드하고, CloudFormation 템플릿을 생성하여 배포하는 방식으로 동작합니다.

이 두 방법 모두 Lambda 코드 변경 사항을 올바르게 식별하고 배포할 수 있도록 합니다."
https://changwhaj.github.io/exam-assets/exam/aws/DOP_C02/DOP2-Q0257.html,"정답: A

설명:
A는 EC2 Image Builder를 사용하여 컨테이너 이미지 파이프라인을 만들고, Amazon ECR을 대상 리포지토리로 설정합니다. 이후 ECR 저장소에서 향상된 스캐닝을 활성화하여 Amazon Inspector가 컨테이너 이미지에서 취약점을 심층적으로 검사할 수 있도록 합니다. Amazon EventBridge를 사용해 Inspector에서 찾은 취약점 이벤트를 캡처하고, 이를 통해 이미지 파이프라인을 호출하여 새로운 컨테이너 이미지를 생성하고 다시 ECR에 업로드합니다.

이 방법은 컨테이너 이미지에서 운영 체제 및 언어 패키지의 취약점을 지속적으로 모니터링하고, 취약성이 발견되면 새로운 이미지를 자동으로 생성하여 ECR에 업로드하는 과정이 자동화됩니다."
https://changwhaj.github.io/exam-assets/exam/aws/DOP_C02/DOP2-Q0258.html,"정답: C

설명:
C는 aws-downloadContent 플러그인을 사용하여 GitHub에서 직접 부트스트랩 코드를 다운로드하도록 Systems Manager 문서를 구성하는 방법입니다. 이 플러그인은 GitHub과 같은 원격 위치에서 콘텐츠를 다운로드할 수 있도록 설계되었습니다. sourceType을 GitHub으로 설정하고, sourceInfo에 리포지토리 세부 정보를 제공하여 GitHub에서 노트북으로 코드를 직접 다운로드할 수 있습니다.

A는 S3를 중간 저장소로 사용하여 GitHub에서 파일을 복사한 후 S3에서 다운로드하는 방식입니다. 이는 추가적인 단계를 요구하므로 불필요한 복잡성을 추가합니다.
B는 GitHub 저장소를 가리키는 설정을 사용하지만, aws-configurePackage 플러그인은 패키지 설치와 관련된 작업에 사용되며, GitHub에서 직접 다운로드하는 데 적합하지 않습니다.
D는 aws:softwareInventory 플러그인을 사용하는데, 이는 시스템의 소프트웨어 인벤토리를 수집하는 데 사용되며, GitHub에서 스크립트를 실행하는 데는 적합하지 않습니다.
따라서 C가 가장 적합한 선택입니다."
https://changwhaj.github.io/exam-assets/exam/aws/DOP_C02/DOP2-Q0259.html,"정답: ADF

설명:
A: AdministratorAccess 정책을 제거하고 ReadOnlyAccess 정책을 개발자 역할에 할당하여 개발자가 CloudFormation만 사용하게 만듭니다. 개발자는 CloudFormationDeployment 역할을 서비스 역할로 사용하여 새로운 스택을 배포합니다.

D: CloudFormationDeployment 역할의 신뢰 정책을 업데이트하여 cloudformation.amazonaws.com이 iam:AssumeRole을 수행할 수 있도록 허용합니다. 이렇게 하면 CloudFormation만 해당 역할을 맡을 수 있게 됩니다.

F: CloudFormationDeployment 역할에 cloudformation:* 권한을 추가하고, iam:PassRole을 cloudformation.amazonaws.com에 대해 허용하는 정책을 추가하여 CloudFormation이 필요한 역할을 전달할 수 있게 합니다.

이 조합은 개발자가 수동으로 리소스를 수정하지 않도록 하고, CloudFormation만 역할을 맡을 수 있도록 제어합니다."
https://changwhaj.github.io/exam-assets/exam/aws/DOP_C02/DOP2-Q0260.html,"정답: A

설명:
A는 **CloudFormation 템플릿에서 스택 내보내기(Export)**를 생성하여 데이터베이스 리소스를 웹 애플리케이션 CloudFormation 템플릿에 참조(import) 하는 방법입니다. 이를 통해 두 팀은 각각의 워크플로우에 맞게 독립적으로 리소스를 관리하면서도, 서로의 리소스를 효율적으로 참조할 수 있습니다. Fn::ImportValue를 사용하여 다른 스택의 리소스를 참조할 수 있으며, 이를 통해 각 팀은 변경 사항을 상세히 검토할 수 있는 리소스 수준 변경 세트를 유지할 수 있습니다. 또한, 이 방법은 CI/CD 파이프라인과의 호환성도 보장하여, 모듈식 업데이트가 가능합니다.

B는 중첩 스택을 사용하여 리소스를 결합하는 방법인데, 두 팀의 독립적인 관리와 검토 프로세스를 복잡하게 만들 수 있습니다.
C는 스택 세트를 사용하여 여러 AWS 계정과 리전에 스택을 배포하는 방법으로, 이 문제에서는 적합하지 않습니다.
D는 매개변수를 수동으로 업데이트해야 하는 불편함이 있습니다."
https://changwhaj.github.io/exam-assets/exam/aws/DOP_C02/DOP2-Q0261.html,"정답: D

설명:
D는 SCP(서비스 제어 정책)와 IAM 정책 권한 경계가 개발자의 S3 버킷 액세스를 차단하지 않는지 확인하는 방법입니다. 이 옵션은 두 가지 중요한 정책(조직 수준의 SCP와 계정 수준의 IAM 권한 경계)을 모두 검토하여, 개발자들의 액세스 문제를 해결하는 포괄적인 접근 방식입니다.

SCP는 조직 내의 특정 계정에서의 리소스 액세스를 제한할 수 있으므로, 이를 통해 개발자들의 S3 액세스가 차단되는지 확인합니다.
IAM 정책 권한 경계는 개발자가 S3 버킷에 접근할 수 있도록 허용된 권한을 제한할 수 있으므로, 이를 검토하여 문제가 되는 정책을 수정합니다.
모든 변경 사항은 CodeCommit 리포지토리에 커밋하고, CloudFormation을 통해 배포하여 일관된 방식으로 적용합니다.
따라서 이 방법은 개발자의 액세스를 차단할 수 있는 두 가지 주요 정책을 모두 확인하고 수정할 수 있는 종합적인 방법입니다."
https://changwhaj.github.io/exam-assets/exam/aws/DOP_C02/DOP2-Q0262.html,"정답: BCD

설명:
B: 공유 서비스 계정에서 도메인을 만들고 조직에 읽기 액세스와 CreateRepository 액세스 권한을 부여하여 중앙 집중화된 패키지 관리를 설정합니다. 이렇게 하면 각 팀이 관리하는 패키지에 대한 액세스 권한을 효율적으로 관리할 수 있습니다.

C: 각 애플리케이션 팀의 계정에 저장소를 생성하고 해당 팀에 전체 읽기 및 쓰기 액세스 권한을 부여합니다. 이 방식은 각 팀이 자체 패키지를 관리하고 업데이트할 수 있도록 합니다.

D: 공유 서비스 계정에서 리포지토리를 생성하고, 조직에 읽기 액세스를 제공하며, 각 애플리케이션 팀의 저장소에서 이를 업스트림 리포지토리로 설정합니다. 이렇게 하면 팀들은 공통 라이브러리를 효율적으로 공유할 수 있습니다.

이 방법들은 최소 관리 오버헤드로 각 팀의 패키지 관리와 공통 라이브러리의 공유를 구현할 수 있습니다."
https://changwhaj.github.io/exam-assets/exam/aws/DOP_C02/DOP2-Q0263.html,"정답: B

설명:
주어진 appspec.yml 파일에서 config/config.txt는 두 번 배포됩니다.

첫 번째 항목: source: config/config.txt destination: /usr/local/src/config.txt에서 config/config.txt 파일은 /usr/local/src/config.txt로 복사됩니다.
두 번째 항목: source: / destination: /var/www/html에서 리포지토리의 루트 디렉토리가 /var/www/html로 복사됩니다. 여기에는 config/config.txt 파일도 포함되어 있으므로, 해당 파일은 /var/www/html/config/config.txt로도 복사됩니다.
따라서, config.txt 파일은 /usr/local/src/config.txt와 /var/www/html/config/config.txt 두 위치에 배포됩니다."
https://changwhaj.github.io/exam-assets/exam/aws/DOP_C02/DOP2-Q0264.html,"정답: CD

설명:
C: 영향을 받는 CodeArtifact 패키지 버전의 상태를 **보관됨(archived)**으로 업데이트하면, 해당 버전은 다운로드되지 않지만, 메타데이터는 보존됩니다. 이 방법은 취약한 버전이 추후 필요할 경우 추적하거나 복원할 수 있도록 합니다.

D: CodeArtifact 패키지 원본 제어 설정을 업데이트하여 직접 게시를 허용하고 업스트림 작업을 차단하면, 보안팀만 취약한 버전을 수정하고 패치된 버전을 직접 게시할 수 있습니다. 이렇게 하면 업스트림 리포지토리의 간섭 없이 보안팀이 패치된 버전을 안전하게 게시할 수 있습니다.

따라서 취약한 버전을 차단하고, 보안팀이 패치 버전을 게시할 수 있도록 설정하는 가장 적합한 방법입니다."
https://changwhaj.github.io/exam-assets/exam/aws/DOP_C02/DOP2-Q0265.html,"정답: D

설명:
D는 AWS Step Functions를 사용하여 레코드를 처리하는 가장 효율적인 솔루션입니다. Step Functions는 각 처리 단계를 Lambda 함수로 분리하여 관리할 수 있으며, 단계가 실패할 경우 해당 단계만 다시 처리할 수 있는 기능을 제공합니다. Step Functions는 상태 관리와 재시도 로직을 자동으로 처리하므로, 복잡한 오류 처리 및 재처리 작업을 수동으로 관리할 필요가 없습니다. 이 방법은 고유한 단계마다 분리된 작업을 관리하고, 실패한 단계만 재시도하므로 운영 효율성이 매우 높습니다.

A는 S3 이벤트 알림을 사용하여 처리하는 방법으로, 실패한 단계만 재처리하는 데 필요한 관리가 복잡합니다.
B는 Fargate를 사용하여 컨테이너를 관리하는 방법으로, 상태 전달 및 오류 처리를 직접 구현해야 하므로 관리가 복잡해질 수 있습니다.
C는 Kinesis와 Lambda를 사용하여 처리하는 방법인데, 상태 관리와 오류 처리가 부족하여 Step Functions만큼 효율적이지 않습니다."
https://changwhaj.github.io/exam-assets/exam/aws/DOP_C02/DOP2-Q0266.html,"정답: D

설명:
D는 Amazon FSx for NetApp ONTAP을 사용하여 애플리케이션 스토리지를 관리하는 방법입니다. FSx for NetApp ONTAP은 **SMB (Windows)**와 NFS (Linux) 프로토콜을 모두 지원하므로, Windows 애플리케이션과 Linux 애플리케이션 모두에서 요구하는 파일 공유를 처리할 수 있습니다. 또한, NetApp SnapMirror 복제 기능을 통해 기본 리전에서 DR 리전으로 데이터를 효율적으로 복제할 수 있습니다.

A는 Amazon S3를 사용하지만 SMB와 NFS 프로토콜을 지원하지 않으므로, Windows와 Linux 애플리케이션 요구 사항을 충족하지 않습니다.
B는 EBS 스냅샷을 사용하지만, 파일 시스템으로서 SMB와 NFS를 제공하지 않으며, 복제 기능이 제약적입니다.
C는 AWS Storage Gateway Volume Gateway를 사용하지만, 주로 백업 및 오프라인 파일 액세스를 위한 서비스이며, 요구된 프로토콜 및 복제 요구 사항을 충족하지 않습니다.
따라서 Amazon FSx for NetApp ONTAP이 가장 적합한 솔루션입니다."
https://changwhaj.github.io/exam-assets/exam/aws/DOP_C02/DOP2-Q0267.html,"정답: BD

설명:
B는 중요한 데이터를 처리하기 위한 온디맨드 인스턴스를 사용하는 방법으로, 웜 풀을 설정하여 인스턴스 확장 대기 시간을 최소화합니다. 웜 풀에서 인스턴스가 중지된 상태로 대기하고 있다가 트래픽이 필요할 때 빠르게 확장됩니다. 온디맨드 인스턴스를 사용하여 중요한 데이터에 대한 안정성을 확보할 수 있습니다.

D는 비중요 데이터를 처리하는 방법으로, 스팟 인스턴스를 사용하고 CloudWatch 에이전트를 통해 사용자 정의 메모리 사용률 메트릭을 설정하여 메모리 기반 확장 정책을 적용합니다. 이를 통해 비중요 데이터는 비용 효율적으로 처리하고, ALB의 두 개 대상 그룹을 사용하여 중요한 데이터와 비중요 데이터를 분리하여 관리합니다."
https://changwhaj.github.io/exam-assets/exam/aws/DOP_C02/DOP2-Q0268.html,"정답: ACE

설명:
A: CloudWatchAgentServerPolicy 관리형 IAM 정책을 클러스터가 사용하는 IAM 인스턴스 프로필에 연결합니다. 이를 통해 EC2 인스턴스에서 CloudWatch 에이전트가 메트릭을 수집하고 CloudWatch로 전송할 수 있는 권한을 부여합니다.

C: 기존 EC2 인스턴스에 Amazon CloudWatch 에이전트를 배포하여 성능 지표를 수집합니다. 새 EC2 인스턴스에 대해 AMI에 에이전트를 추가하여, 모든 인스턴스에서 메모리 및 CPU 사용률과 같은 메트릭을 일관되게 수집할 수 있습니다.

E: ContainerInsights를 사용하여 pod_memory_utilization 메트릭을 분석합니다. 이를 통해 EKS에서 실행되는 애플리케이션의 메모리 사용량을 포드 단위로 모니터링할 수 있으며, 포드 수준에서의 메모리 오류를 식별하고 분석할 수 있습니다.

이 세 가지 옵션을 조합하면 애플리케이션의 메모리 오류를 해결하고, 메모리 사용량을 효과적으로 모니터링할 수 있습니다."
https://changwhaj.github.io/exam-assets/exam/aws/DOP_C02/DOP2-Q0269.html,"정답: B

설명:
B는 Amazon GuardDuty를 사용하여 EKS 감사 로그를 모니터링하고, Amazon Detective를 활성화하여 보안 이벤트에 대한 시각적 분석을 제공합니다. Amazon Detective는 GuardDuty의 발견 사항을 시각화하고, EKS 감사 로그를 포함하여 리소스 행동 및 상호작용을 분석하는 데 사용됩니다. 이 방법은 네트워크 트래픽 분석과 악의적인 행동을 빠르게 조사할 수 있도록 돕습니다.

A는 CloudTrail 로그와 S3, Athena, QuickSight를 사용하여 데이터 분석을 수행하지만, 악의적 동작을 신속하게 파악하는 데는 Amazon Detective를 사용하는 방법이 더 적합합니다.
C는 CloudWatch Container Insights와 Athena를 사용하는 방법으로, 이 방법은 보안 분석보다는 성능 모니터링에 더 적합합니다.
D는 VPC Flow Logs와 CloudWatch Insights를 사용하지만, Amazon Detective와 결합한 B가 더 효과적입니다.
따라서 B가 가장 적합한 솔루션입니다."
https://changwhaj.github.io/exam-assets/exam/aws/DOP_C02/DOP2-Q0270.html,"정답: ADF

설명:
A: IAM 팀이 AWS Identity Center를 활성화하고 관리할 수 있도록, 새로운 AWS 계정을 생성하여 해당 계정에서 IAM Identity Center를 활성화하고, Organizations 관리 계정에서 이 계정을 위임된 관리자로 등록합니다. 이렇게 하면 IAM 팀이 관리 계정에 대한 불필요한 액세스 없이, IAM Identity Center만 관리할 수 있습니다.

D: IAM 팀의 사용자와 그룹을 IAM Identity Center에서 만들고, 새 권한 집합을 생성한 뒤 AWSSSOMemberAccountAdministrator 관리형 IAM 정책을 그룹에 연결합니다. 이 정책은 멤버 계정에서 IAM Identity Center를 관리할 수 있도록 하며, 관리 계정에 대한 액세스를 제한합니다.

F: 새 AWS 계정에 권한 집합을 할당하고, IAM 팀 그룹이 해당 권한 집합을 사용하도록 허용하는 방식입니다. 이는 IAM 팀이 특정 계정에서 필요한 작업을 수행할 수 있도록 하며, 최소 권한의 원칙을 따릅니다.

이 조합은 IAM 팀이 불필요한 액세스 권한을 가지지 않도록 하면서 IAM Identity Center를 관리할 수 있게 하는 최적의 방법입니다."
https://changwhaj.github.io/exam-assets/exam/aws/DOP_C02/DOP2-Q0271.html,"정답: AD

설명:
A: 새 계정의 백업 볼트 액세스 정책을 편집하여 기본 계정에 대한 액세스를 허용합니다. 기본 계정에서 백업을 생성한 후 이를 새 계정의 백업 볼트로 복사하려면, 새 계정의 백업 볼트가 기본 계정에서 백업을 가져올 수 있는 권한을 허용해야 합니다.

D: 기본 계정의 KMS 키에 대한 키 정책을 편집하여 새 계정과 키를 공유합니다. 새 계정에서 백업을 암호화하기 위해 사용되는 KMS 키는 기본 계정에서 백업을 복사할 때 사용할 수 있도록 공유되어야 합니다.

이 두 단계를 통해 백업을 새 계정의 백업 볼트로 복사할 수 있게 됩니다."
https://changwhaj.github.io/exam-assets/exam/aws/DOP_C02/DOP2-Q0272.html,"정답: ABC

설명:
A: **S3 Replication Time Control (S3 RTC)**를 각 복제 규칙에 활성화하여 99.99%의 객체가 15분 이내에 복제되도록 보장합니다. 이는 다중 리전 복제의 시간을 제어하는 데 유용합니다.

B: S3 Multi-Region Access Point를 액티브-패시브 구성으로 설정하여, 여러 리전의 S3 버킷에서 데이터를 관리하고 **장애 조치(failover)**를 용이하게 합니다.

C: AWS API에서 SubmitMultiRegionAccessPointRoutes 작업을 호출하여 S3 버킷 간의 트래픽을 특정 버킷으로 유도하도록 경로를 업데이트합니다. 이 작업은 장애 조치를 가능하게 합니다.

이 세 가지 옵션은 S3 버킷 간의 복제와 장애 조치 전략을 효율적으로 구현하기 위해 필요합니다."
https://changwhaj.github.io/exam-assets/exam/aws/DOP_C02/DOP2-Q0273.html,"정답: AD

설명:
A: CodeBuild 빌드 단계에서 테스트를 실행하고, OnFailure 속성을 ABORT로 설정하면 테스트가 실패할 경우 빌드가 중단되고 배포가 진행되지 않도록 합니다. 이는 배포 전에 테스트가 모두 성공해야만 진행되도록 보장합니다.

D: AWS CDK 어설션 모듈을 사용하여 리소스가 예상 속성을 가지고 있는지 확인하는 테스트를 작성합니다. template.hasResourceProperties 어설션을 사용하여, CloudFormation 템플릿에서 리소스가 의도한 대로 구성되어 있는지 확인할 수 있습니다.

이 두 가지 방법은 단위 테스트의 성공 여부에 따라 애플리케이션의 배포를 제어하는 데 중요한 역할을 합니다."
https://changwhaj.github.io/exam-assets/exam/aws/DOP_C02/DOP2-Q0274.html,"정답: B

설명:
ALB에서 교차 영역 로드 밸런싱을 제어하는 기능은 로드 밸런서 수준이 아닌 대상 그룹 수준에서 가능합니다. 따라서, ALB의 대상 그룹에서 교차 영역 로드 밸런싱을 비활성화하여 각 가용 영역의 트래픽이 해당 영역 내의 인스턴스로만 분배되도록 설정해야 합니다. 이렇게 하면 특정 가용 영역의 장애가 다른 영역에 영향을 미치지 않도록 할 수 있습니다.

또한, Amazon Route 53 Application Recovery Controller를 사용하여 특정 가용 영역에서 영역 이동(zonal shift)을 시작함으로써, 해당 영역으로의 트래픽을 신속하게 다른 영역으로 전환할 수 있습니다. 이러한 조치는 장애 발생 시 애플리케이션의 가용성을 유지하는 데 도움이 됩니다.

ALB의 교차 영역 로드 밸런싱은 대상 그룹 수준에서 제어할 수 있습니다.
Amazon Route 53 Application Recovery Controller를 사용하여 영역 이동을 수행할 수 있습니다.

따라서, ALB의 대상 그룹에서 교차 영역 로드 밸런싱을 비활성화하고, Amazon Route 53 Application Recovery Controller를 사용하여 장애가 발생한 가용 영역에서 영역 이동을 시작하는 것이 이 시나리오에 가장 적합한 솔루션입니다."
https://changwhaj.github.io/exam-assets/exam/aws/DOP_C02/DOP2-Q0275.html,"정답: D

설명:
D는 Amazon Kinesis Data Firehose를 사용하여 AWS Lambda 변환기를 구성하는 방법입니다. 이를 통해 Network Firewall의 흐름 로그를 Kinesis Data Firehose로 전송하고, Lambda 함수를 사용해 데이터를 변환한 후, 기존 S3 버킷에 데이터를 기록하는 방식입니다. Kinesis Data Firehose는 실시간 스트리밍 데이터 전송 및 변환을 처리하는 데 최적화된 서비스로, Lambda 변환기를 사용하여 데이터를 변환하고 S3로 전송할 수 있습니다.

이 방법은 실시간으로 데이터를 변환하고 전송하는 데 매우 유용하며, 기존 S3 버킷에 데이터를 쉽게 전달할 수 있습니다."
https://changwhaj.github.io/exam-assets/exam/aws/DOP_C02/DOP2-Q0276.html,"정답: ADE

설명:
A: Amazon ECS를 작업 공급자로 설정하고 배포 단계를 추가하여, 새 컨테이너 이미지를 ECS에 배포합니다. 이는 ECS에 직접 배포하는 간단한 방식으로 관리 오버헤드를 최소화합니다.

D: imagedefinitions.json 파일을 출력하여, 새 이미지 태그를 참조하는 내용을 ECS가 인식하고 배포할 수 있게 합니다. 이 단계는 자동화된 업데이트를 가능하게 합니다.

E: AWS Lambda 함수를 사용하여 서비스에 대한 연결 확인 및 API 호출을 실행하고, 이를 CodePipeline과 통합하여 테스트를 자동화합니다. Lambda는 서버리스 기능을 제공하여 관리 오버헤드를 최소화합니다.

이 세 가지 옵션은 CI/CD 파이프라인 내에서 자동화된 통합 테스트를 실행하면서 관리 오버헤드를 최소화하는 방법입니다."
https://changwhaj.github.io/exam-assets/exam/aws/DOP_C02/DOP2-Q0277.html,"정답: BDE

설명:
B: Amazon FSx for NetApp ONTAP를 사용하면, SMB(Windows)와 NFS(Linux)를 모두 지원하며, 여러 가용성 영역(AZ)에 걸쳐 데이터가 복제되어 고성능 스토리지를 제공합니다. 이를 통해 밀리초 미만의 대기 시간을 달성할 수 있습니다.

D: 각 애플리케이션의 시작 템플릿에 대한 사용자 데이터를 업데이트하여 파일 시스템을 자동으로 마운트합니다. 이를 통해 새로운 EC2 인스턴스가 시작될 때마다 파일 시스템이 자동으로 마운트되므로 관리가 용이해집니다.

E: Auto Scaling 그룹에서 인스턴스 새로 고침을 수행하여 모든 EC2 인스턴스가 업데이트된 파일 시스템 구성을 준수하도록 합니다. 이는 기존 인스턴스뿐만 아니라 새로 시작되는 인스턴스에도 파일 시스템 마운트를 보장합니다.

이 조합은 Windows와 Linux 인스턴스가 각각 SMB와 NFS 프로토콜을 사용하여 스토리지에 접근하고, 고성능 스토리지를 제공하며, 새로운 인스턴스들이 자동으로 파일 시스템을 마운트하게 만듭니다."
https://changwhaj.github.io/exam-assets/exam/aws/DOP_C02/DOP2-Q0278.html,"정답: D

설명:
D는 IAM Identity Center에서 DevOps 권한 집합을 업데이트하고, 해당 권한 집합에서 sso:*와 sso-directory:* 작업에 대한 권한을 명시적으로 거부하는 방법입니다. 이 방법은 aws:SourceAccount 글로벌 조건을 사용하여 관리 계정에서의 액세스를 차단할 수 있습니다. 이 조건은 DevOps 팀이 관리 계정에서 IAM Identity Center 작업에 대한 액세스를 명시적으로 거부하면서도 다른 계정에서 필요한 권한을 유지하도록 합니다.

이렇게 하면 DevOps 팀은 관리 계정에서 IAM Identity Center에 액세스할 수 없게 되며, 필요한 액세스 권한은 그대로 유지됩니다."
https://changwhaj.github.io/exam-assets/exam/aws/DOP_C02/DOP2-Q0279.html,"정답: B

설명:
B는 Systems Manager State Manager를 사용하여 명령 문서와 연결된 연결을 생성하고, 즉시 실행되는 태그 쿼리를 만들어 Auto Scaling 그룹에서 시작하는 EC2 인스턴스에 올바른 운영 체제 구성을 자동으로 적용하는 방법입니다.

State Manager는 인스턴스가 시작될 때마다 원하는 구성을 자동으로 적용할 수 있도록 해주며, 태그 쿼리는 Auto Scaling 그룹에서 적용한 태그를 기준으로 구성을 올바른 인스턴스에 적용합니다. 이 방식은 지속적으로 일관된 구성을 유지하는 데 이상적입니다.

다른 옵션들은 주로 패치 관리 또는 임시적인 명령 실행에 초점을 맞추고 있어 지속적인 구성을 보장하는 데 적합하지 않습니다."
https://changwhaj.github.io/exam-assets/exam/aws/DOP_C02/DOP2-Q0280.html,"정답: B

설명:
B는 EC2 리소스에 대한 모든 API 작업이 허용되고, 다른 모든 API 작업은 거부된다는 것입니다.

FullAWSAccess 정책을 EC2 API 작업만 허용하는 정책으로 대체하면, **SCP (Service Control Policy)**가 제어 권한을 가지게 됩니다. 이 정책은 조직 계층에서 리소스에 대한 액세스를 제한하는 경계 역할을 하며, IAM 역할에 AdministratorAccess가 있어도 SCP에 의해 제한됩니다. 따라서 EC2 관련 작업은 허용되지만, 다른 리소스에 대한 작업은 거부됩니다."
https://changwhaj.github.io/exam-assets/exam/aws/DOP_C02/DOP2-Q0281.html,"정답: D

설명:
D는 CloudWatch Logs 대상과 Amazon Kinesis Data Firehose 전송 스트림을 사용하여 S3 버킷에 데이터를 전송하는 방법을 제시합니다. 이 솔루션은 모든 기존 CloudWatch Logs 로그 그룹에 대해 구독 필터를 만들고, AWS Lambda 함수를 통해 PutSubscriptionFilter API 작업을 호출하여 새 로그 그룹이 생성될 때마다 자동으로 로그를 전송합니다. EventBridge 규칙을 사용하여 새 로그 그룹이 생성될 때마다 Lambda 함수가 호출되도록 설정합니다. 이 방법은 기존 및 미래의 모든 로그 그룹을 지원할 수 있습니다.

다른 옵션들은 CloudWatch Logs 데이터를 백업하거나 S3로 백업하는 방법을 제시하지만, 지속적인 로그 전송을 지원하는 요구사항에는 적합하지 않습니다."
https://changwhaj.github.io/exam-assets/exam/aws/DOP_C02/DOP2-Q0282.html,"정답: AD

설명:
A는 CloudWatch 에이전트를 사이드카로 배포하여 포트 9404에서 JVM 메트릭을 수집하고, 이를 기반으로 CloudWatch 알람을 생성하여 Fargate의 단계적 확장 정책을 설정합니다. 이 방법은 단계적 확장을 사용하여 애플리케이션을 수평으로 확장하고 축소하는 데 유용합니다.

D는 Prometheus 관리형 서비스를 사용하여 JVM 메트릭을 수집하고, AWS Distro for OpenTelemetry를 사이드카로 배포하여 Fargate에서 대상 추적 정책을 설정합니다. Prometheus 메트릭을 확장 기준으로 사용하면 대상 추적 확장을 자동으로 관리할 수 있습니다.

이 두 방법은 운영 오버헤드를 최소화하면서도 자동 스케일링을 효율적으로 설정할 수 있는 방법입니다."
https://changwhaj.github.io/exam-assets/exam/aws/DOP_C02/DOP2-Q0283.html,"정답: C

설명:
C는 Cross-Region Replication을 사용하여 ECR 저장소를 두 번째 리전에 복제하는 방법입니다. Kubernetes 배포 파일에서 새로운 ECR 저장소를 참조하여 두 번째 리전의 EKS 클러스터에 애플리케이션을 배포하고, Aurora 글로벌 데이터베이스를 설정하여 두 리전 간 데이터베이스 복제를 처리합니다. Aurora 글로벌 데이터베이스는 여러 리전에서 자동으로 데이터를 복제하고, 각 리전에서 데이터베이스 클러스터에 대한 엔드포인트를 제공합니다.

이 방법은 운영 효율성을 극대화하며, 최소한의 관리 오버헤드로 데이터베이스와 컨테이너 이미지의 복제를 자동으로 처리합니다. ECR의 Cross-Region Replication과 Aurora 글로벌 데이터베이스는 AWS 네이티브 기능을 활용하여 안정적이고 확장성 있는 솔루션을 제공합니다."
https://changwhaj.github.io/exam-assets/exam/aws/DOP_C02/DOP2-Q0284.html,"정답: B

설명:
B는 **Amazon Simple Queue Service (SQS)**를 각 Lambda 함수에 대해 사용하고, **Amazon Simple Notification Service (SNS)**를 활용하여 SNS 팬아웃을 통해 각 Lambda 함수에 SQS 큐로 메시지를 전달하는 방식입니다. 이 방식은 각 Lambda 함수가 독립적으로 병렬 실행되도록 하며, 재시도 논리와 동시성을 세밀하게 조정할 수 있습니다.

구체적인 동작은 다음과 같습니다:

BeginResponse Lambda 함수가 실행을 마친 후, SNS 토픽에 메시지를 게시합니다.
SNS는 각 Lambda 함수에 해당하는 SQS 큐에 메시지를 전송합니다.
각 Lambda 함수는 자신에게 할당된 SQS 큐에서 메시지를 읽고 처리합니다.
SQS 대기열은 실패한 작업을 재시도하며, Lambda의 동시성을 조정할 수 있습니다.
이 방법은 높은 운영 효율성을 제공하며, 메시지 전달 및 재시도 관리, 병렬 처리, 동시성 조정을 손쉽게 설정할 수 있습니다."
https://changwhaj.github.io/exam-assets/exam/aws/DOP_C02/DOP2-Q0285.html,"정답: C

설명:
C는 여러 AWS 리전에서 API Gateway를 배포하고 각 리전에서 API Gateway의 사용자 지정 도메인을 생성하여 중복성과 독립적인 가용성을 제공합니다. 또한, Amazon Route 53의 지연 라우팅 정책을 사용하여 사용자 요청을 가장 가까운 API Gateway 배포로 라우팅하도록 설정합니다. 이를 통해 글로벌 사용자에게 최적화된 성능을 제공하며, 각 지역의 가용성을 독립적으로 보장할 수 있습니다."
https://changwhaj.github.io/exam-assets/exam/aws/DOP_C02/DOP2-Q0286.html,"정답: A

설명:
A는 **Amazon Elastic Container Registry (Amazon ECR)**에 Docker 이미지를 저장하고, CodeBuild에서 로컬 Docker 계층 캐시를 구현하는 방법입니다. 이 방법은 빌드 성능을 향상시키고 비용을 절감하는 데 효과적입니다.

Amazon ECR을 사용하여 Docker 이미지를 저장하면 여러 빌드에서 이미지를 재사용할 수 있습니다.
로컬 Docker 계층 캐시는 변경되지 않은 계층을 다시 다운로드하거나 다시 생성하지 않도록 하여 빌드 시간을 크게 줄입니다. CodeBuild에서는 이를 통해 후속 빌드의 속도를 높일 수 있습니다.
이 방식은 빌드 성능을 최적화하고, Docker 이미지의 저장 및 캐싱을 관리하기 위한 효율적인 방법입니다."
https://changwhaj.github.io/exam-assets/exam/aws/DOP_C02/DOP2-Q0287.html,"정답: A

설명:
A는 **SCP (Service Control Policy)**를 사용하여 두 가지 조건을 설정합니다:

ec2:InstanceType 조건이 t3.small과 같지 않으면 EC2 인스턴스 리소스에 대해 ec2:RunInstances 작업을 거부합니다. 이는 인스턴스가 t3.small 유형이 아닐 경우, 인스턴스를 시작할 수 없도록 합니다.

aws:RequestedRegion 조건이 us-*와 같지 않으면 EC2 인스턴스 리소스에 대해 ec2:RunInstances 작업을 거부합니다. 이는 인스턴스가 미국 리전 외부에서 시작되지 않도록 합니다.

따라서 이 정책은 t3.small 인스턴스 유형만을 미국 리전에서 실행할 수 있도록 제한하는 조건을 설정합니다."
https://changwhaj.github.io/exam-assets/exam/aws/DOP_C02/DOP2-Q0288.html,"정답: B

설명:
B는 ApproximateNumberOfMessagesVisible 메트릭을 사용하여 SQS 대기열에 있는 처리해야 할 메시지의 수를 추적하고, 이를 CloudWatch 메트릭 경고로 설정하여 SNS 토픽에 알림을 보냅니다. 이 메트릭은 대기열에서 처리할 수 있는 메시지의 수를 나타내므로, 대기열이 예상 크기를 초과한 경우 이를 모니터링하는 데 적합합니다.

Option A는 ApproximateNumberOfMessagesDelayed 메트릭을 사용하여 지연된 메시지 수를 추적합니다. 이는 실제로 대기열에서 즉시 처리할 수 없는 메시지 수를 나타내며, 대기열의 크기 자체를 추적하는 데는 적합하지 않을 수 있습니다.

Option C와 Option D는 Lambda 함수를 사용하여 사용자 정의 메트릭을 생성하거나 Lambda 함수를 주기적으로 실행하여 메트릭을 확인하는 방법입니다. 그러나 이러한 방법은 더 복잡하고 관리 오버헤드가 증가할 수 있습니다. CloudWatch 알람을 사용하는 방법이 더 효율적이고 운영 효율성이 높습니다.

따라서, B가 가장 높은 운영 효율성을 제공하는 해결책입니다."
https://changwhaj.github.io/exam-assets/exam/aws/DOP_C02/DOP2-Q0289.html,"정답: C

설명:
AWS Organizations의 관리 계정에서 AWS CloudTrail 조직 트레일을 생성하고, 모든 S3 버킷에 대한 데이터 이벤트 로깅을 활성화하여 중앙 집중식 로그 수집을 수행합니다. 이러한 로그는 Amazon CloudWatch로 전달되며, CloudWatch의 이상 탐지 기능을 활용하여 비정상적인 활동을 모니터링할 수 있습니다. 또한, Amazon CloudWatch Metrics Insights를 사용하여 CloudTrail 로그에서 생성된 사용자 지정 메트릭에 대해 SQL 쿼리를 수행함으로써 상세한 분석이 가능합니다.

Amazon CloudWatch Metrics Insights는 로그 데이터에 대해 SQL과 유사한 쿼리를 실행할 수 있는 기능을 제공하여, 실시간으로 메트릭 데이터를 분석하고 모니터링할 수 있습니다. 이를 통해 로그 데이터를 효율적으로 탐색하고, 필요한 인사이트를 도출할 수 있습니다.

Amazon Athena는 주로 Amazon S3에 저장된 데이터를 쿼리하는 데 사용됩니다. 그러나 이 시나리오에서는 CloudWatch Metrics Insights를 사용하여 CloudTrail 로그에서 생성된 메트릭을 직접 쿼리하는 것이 더 적합합니다. 따라서, CloudWatch Metrics Insights를 활용하는 옵션이 최적의 솔루션으로 판단됩니다."
https://changwhaj.github.io/exam-assets/exam/aws/DOP_C02/DOP2-Q0290.html,"정답: D

설명:
D는 **Kubernetes Horizontal Pod Autoscaler (HPA)**와 Kubernetes Cluster Autoscaler를 사용하는 솔루션입니다. 이 조합은 가장 운영적으로 효율적인 방법입니다.

HPA는 Kubernetes에서 CPU 사용률을 모니터링하고 이를 기준으로 Pod 수를 자동으로 조정합니다. HPA는 이미 설치된 Kubernetes Metrics Server를 통해 CPU 사용률을 기반으로 동작합니다.

Cluster Autoscaler는 HPA가 Pod 수를 늘리려 할 때, 클러스터에 충분한 자원이 없으면 노드를 동적으로 추가하여 자원을 확장합니다. 자동 검색(auto-discovery) 기능을 통해 필요한 노드 그룹을 자동으로 탐지하고, 필요에 따라 확장하거나 축소할 수 있습니다.

이 방식은 비용 절감과 리소스 최적화를 보장하면서, 워크로드 수준에서 먼저 확장이 이루어지고, 인프라 수준에서 확장이 필요할 때만 클러스터가 확장됩니다."
https://changwhaj.github.io/exam-assets/exam/aws/DOP_C02/DOP2-Q0291.html,"정답: C

설명:
C는 aws:PrincipalTag 조건 키를 사용하여, 사용자에 해당하는 부서 태그를 기준으로 EC2 인스턴스에 대한 액세스를 제어하는 방법입니다. IAM Identity Center에서 SAML 2.0 IdP의 부서 키를 **${path:enterprise.department}**로 매핑한 후, aws:PrincipalTag/department를 사용하여 해당 부서 태그가 부여된 EC2 인스턴스만 액세스할 수 있도록 정책을 설정할 수 있습니다. 이를 통해, 사용자가 속한 부서에 해당하는 태그를 가진 EC2 인스턴스에만 접근 권한을 부여하게 됩니다."
https://changwhaj.github.io/exam-assets/exam/aws/DOP_C02/DOP2-Q0292.html,"정답: A

설명:
A는 AWS Organizations에서 모든 조직 단위(OU)에 SCP(서비스 제어 정책)를 적용하여 cloudtrail:StopLogging 및 cloudtrail:DeleteTrail 작업을 거부하는 방식입니다. 이 방법을 사용하면 계정 내 사용자가 CloudTrail을 비활성화하는 것을 방지할 수 있습니다. SCP는 AWS Organizations에서 계정의 관리 정책을 강제로 적용할 수 있기 때문에, CloudTrail 관련 작업을 제어하는 데 가장 적합한 방법입니다.

다른 옵션들은 주로 알림을 설정하거나 자동화된 복구 방안에 중점을 두지만, 사용자가 CloudTrail을 비활성화하는 것을 근본적으로 차단하는 데는 SCP가 가장 강력하고 효율적인 방법입니다."
https://changwhaj.github.io/exam-assets/exam/aws/DOP_C02/DOP2-Q0293.html,"정답: A

설명:
A는 블루/그린 배포 방식에서 요구 사항을 충족하는 가장 적합한 방법입니다. 이 방법은 다음 단계로 구성됩니다:

그린 환경의 자동 확장 그룹에서 롤링 재시작을 시작하여 그린 환경의 EC2 인스턴스에 새 애플리케이션 버전을 배포합니다.
롤링 재시작이 완료된 후, AWS CLI 명령을 사용하여 **ALB(Application Load Balancer)**를 업데이트하고 그린 환경의 대상 그룹으로 트래픽을 전환합니다.
이 방식은 트래픽을 한 번에 블루 환경에서 그린 환경으로 전환하는 데 필요한 단계를 명확하게 제공합니다. ALB에서 대상 그룹을 변경함으로써 트래픽을 즉시 전환할 수 있습니다."
https://changwhaj.github.io/exam-assets/exam/aws/DOP_C02/DOP2-Q0294.html,"정답: C

설명:
C는 대상 추적 확장 정책을 사용하여 ApproximateNumberOfMessagesVisible SQS 대기열 속성과 GroupInServiceInstances 자동 확장 그룹 속성을 결합하여 메시지 수와 인스턴스 수를 기준으로 확장합니다. 이를 통해 대기열에 있는 메시지 수와 사용 가능한 인스턴스를 기반으로 자동으로 확장 및 축소가 이루어집니다.

이 방식은 메트릭 수학을 활용하여 확장을 보다 효율적으로 제어하고, 자동 확장 그룹과 직접적으로 통합되어 SQS 대기열의 메시지 처리 속도를 빠르게 할 수 있습니다. 이 방법은 운영 오버헤드를 최소화하면서 대기열 처리 성능을 최적화할 수 있습니다."
https://changwhaj.github.io/exam-assets/exam/aws/DOP_C02/DOP2-Q0295.html,"정답: B

설명:
B는 AWS Config를 사용하여 ec2-instance-profile-attached 관리 규칙을 배포하는 방법입니다. 이 규칙은 EC2 인스턴스에 EC2 인스턴스 프로필이 연결되어 있는지 확인하고, 프로필이 연결되지 않은 인스턴스가 발견되면 자동 수정 작업을 실행하여 기본 EC2 인스턴스 프로필을 연결합니다. 이 방법은 기존의 AWS Config와 자동 수정 기능을 활용하여 요구 사항을 충족하는 가장 효율적인 방법입니다.

A와 C는 EventBridge를 사용하여 EC2 인스턴스가 시작될 때마다 프로필을 자동으로 연결하는 방법이지만, 이를 위해 Lambda 함수를 사용하여 개별 인스턴스를 처리해야 하므로 관리가 복잡해질 수 있습니다.
D는 IAM 역할 관리에 대한 규칙을 사용하지만, EC2 인스턴스 프로필이 아니라 IAM 역할을 대상으로 하므로 요구 사항에 맞지 않습니다.
따라서 B가 가장 적합한 해결책입니다."
https://changwhaj.github.io/exam-assets/exam/aws/DOP_C02/DOP2-Q0296.html,"정답: BDF

설명:
B: IAM Identity Center는 조직 관리 계정에서 활성화되어야 하며, 새 계정을 위임된 관리자로 등록하여 IAM 팀이 Identity Center를 관리할 수 있도록 합니다.
D: IAM 팀에 IAM 사용자 및 그룹을 IAM Identity Center에서 생성하고, 그룹에 권한 집합을 할당하여 IAM 팀의 작업 범위를 제한합니다.
F: 새 AWS 계정에 권한 세트를 할당하고, IAM 팀 그룹이 이를 사용할 수 있도록 허용하여 필요한 작업을 수행할 수 있게 합니다.
이 세 가지 옵션을 통해 IAM 팀은 필요한 최소한의 권한을 가지고 IAM Identity Center를 관리하면서도, 관리 계정에 대한 불필요한 액세스를 피할 수 있습니다."
https://changwhaj.github.io/exam-assets/exam/aws/DOP_C02/DOP2-Q0297.html,"정답: C

설명:
C는 Aurora 글로벌 데이터베이스에서 보조 클러스터 중 하나를 제거하는 것입니다. 기본 클러스터와 보조 클러스터 간의 복제 성능을 개선하려면, 복제 부하를 줄이는 것이 중요합니다. 보조 클러스터를 하나 제거함으로써, 복제 지연을 줄이고 RPO(Recovery Point Objective)가 초과되는 경우 차단된 쓰기 작업의 빈도를 감소시킬 수 있습니다.

A는 추가적인 보조 클러스터를 추가하는 것으로, 복제 부하가 더 커져 오히려 성능에 영향을 미칠 수 있습니다.
B는 쓰기 전달(write forwarding)을 활성화하는 방법입니다. 이 방법은 쓰기 작업을 보조 클러스터에서 기본 클러스터로 전달하여 성능을 개선하는 방식이지만, 전체적인 데이터 일관성에 영향을 미칠 수 있습니다.
D는 동기 복제를 구성하는 방법으로, 복제 성능을 향상시키지만 성능과 비용 측면에서 단점이 있을 수 있습니다.
따라서, C는 성능을 최적화하고 차단된 쓰기 작업을 줄이는 가장 효과적인 방법입니다."
https://changwhaj.github.io/exam-assets/exam/aws/DOP_C02/DOP2-Q0298.html,"정답: ACF

설명:
A: CloudWatch 에이전트를 Kubernetes StatefulSet으로 EKS 클러스터에 배포하여 CloudWatch 메트릭 및 로그 수집을 할 수 있습니다. 이를 통해 EKS 환경의 관찰성을 설정할 수 있습니다.
C: EKS의 서비스 계정에 IAM 역할을 연결하고 CloudWatchAgentServerPolicy를 사용하여 필요한 최소 권한만 제공하여 CloudWatch 에이전트를 통해 로그 및 메트릭을 수집할 수 있습니다.
F: EKS 제어 평면 로깅을 활성화하여 EKS 클러스터의 제어 평면 로그를 CloudWatch에 기록하고, 애플리케이션 수준의 문제를 추적할 수 있도록 합니다.

이 세 가지 옵션은 EKS 클러스터에서의 관찰성을 활성화하고 문제 해결을 위한 필요한 최소 권한을 제공하는 방법입니다.

B, C, E도 좋은 선택입니다. 각 옵션을 설명드리겠습니다:
B: CloudWatch Logs를 활성화하여 CloudWatch Logs Insights에서 EKS 클러스터의 실시간 로그 검색을 가능하게 합니다. 이를 통해 로그 데이터를 분석하고, EKS 클러스터의 활동에 대한 즉각적인 통찰을 제공할 수 있습니다.
C: IAM 역할을 Kubernetes 서비스 계정에 연결하여, CloudWatch 에이전트가 EKS에서 메트릭과 로그를 수집하도록 허용합니다. 이 방식은 필요 최소 권한을 제공하면서 Kubernetes와 AWS 리소스 간의 보안 통합을 강화합니다.
E: EKS 제어 평면 로깅을 활성화하여 CloudWatch에 EKS 상태와 이벤트 로그를 기록합니다. 이는 EKS 클러스터의 전반적인 상태를 모니터링하고, 운영 효율성을 높이는 데 유용합니다.

B, C, E는 CloudWatch와의 통합을 통해 EKS 클러스터의 상태와 성능을 효율적으로 모니터링하고, 실시간 로그 분석 및 이벤트 추적을 제공하는 방법으로 효과적입니다."
https://changwhaj.github.io/exam-assets/exam/aws/DOP_C02/DOP2-Q0299.html,"정답: A

설명:
A는 Amazon CodeGuru Security를 사용하여 코드에 대한 보안 검사를 실행하는 방법입니다. CodeGuru는 코드의 취약점을 분석하고, 발견된 취약점이 있을 경우 CodeBuild 프로젝트에서 오류를 발생시켜 배포를 중단할 수 있습니다. 이 과정은 CodePipeline의 배포 단계 전에 실행되어야 하며, 이를 위해 CodeBuild를 사용하여 새로운 단계를 추가하고 CodeCommit 리포지토리에서 소스 아티팩트를 사용하도록 설정합니다.

B는 Amazon Inspector를 사용한 방법이지만, Amazon Inspector는 주로 애플리케이션 배포 후의 취약성 검사에 적합하며, 정적 코드 분석을 위해서는 CodeGuru가 더 적합합니다.
C와 D는 Amazon DevOps Guru와 관련된 내용으로, DevOps Guru는 운영 효율성과 애플리케이션 성능 모니터링에 더 적합하며, 보안 취약점 검사를 위한 솔루션으로는 CodeGuru가 더 적합합니다."
https://changwhaj.github.io/exam-assets/exam/aws/DOP_C02/DOP2-Q0300.html,"정답: C

설명:
C는 CloudWatch 상세 모니터링을 사용하여 NetworkIn 메트릭을 수집하고, CloudWatch 에이전트를 EC2 인스턴스에 설치하여 mem_used 메트릭을 수집하는 방법입니다. 이를 통해 60초 간격으로 네트워크 트래픽과 메모리 사용률 간의 관계를 모니터링할 수 있습니다. CloudWatch 상세 모니터링은 1분 간격으로 데이터를 수집할 수 있기 때문에 요구 사항을 충족하며, CloudWatch 에이전트는 메모리 사용과 관련된 더 구체적인 메트릭을 제공하여 애플리케이션의 성능을 더욱 정확하게 분석할 수 있습니다."
https://changwhaj.github.io/exam-assets/exam/aws/DOP_C02/DOP2-Q0301.html,"정답: A

설명:
A는 IAM 역할을 사용하여 Systems Manager가 EC2 인스턴스를 관리할 수 있도록 설정하는 방법입니다. 이를 위해 AmazonSSMManagedEC2InstanceDefaultPolicy 정책을 해당 역할에 연결하고, default-ec2-instance-management-role 설정을 통해 새로 생성되는 EC2 인스턴스가 자동으로 이 역할을 사용하도록 구성합니다. 이 방식은 운영 효율성을 극대화하고, 새 EC2 인스턴스가 생성될 때 자동으로 SSM 에이전트로 관리될 수 있도록 합니다.

다른 옵션들은 AWS Config나 패치 관리 도구를 사용하여 SSM 에이전트를 설치하는 방법을 제시하지만, A는 자동화된 역할 연결과 시스템 설정을 활용하여 관리 프로세스를 간소화하는 가장 효율적인 방법입니다."
https://changwhaj.github.io/exam-assets/exam/aws/DOP_C02/DOP2-Q0302.html,"정답: B

설명:
B는 Lambda 함수에 대한 리소스 정책을 생성하여 Amazon S3가 S3 버킷에서 Lambda 함수를 호출할 수 있는 권한을 부여하는 방법입니다. 이 리소스 정책을 통해 S3 이벤트 알림이 발생할 때 Lambda 함수가 트리거될 수 있도록 합니다.

Lambda 함수가 S3 이벤트를 처리하려면 S3에서 Lambda 함수를 호출할 수 있는 권한을 명시적으로 부여해야 하며, 이를 위해 Lambda의 리소스 정책을 수정해야 합니다. 이 설정이 없으면, S3 이벤트가 발생해도 Lambda 함수가 실행되지 않습니다.

따라서, B는 S3 이벤트를 통해 Lambda 함수가 실행되지 않는 문제를 해결하는 가장 적합한 솔루션입니다."
https://changwhaj.github.io/exam-assets/exam/aws/DOP_C02/DOP2-Q0303.html,"정답: CD

설명:
C는 AWSControlTowerExecution 역할을 새 AWS 계정에서 생성하고, 이 역할을 AWS Control Tower 관리자 계정이 맡을 수 있도록 설정하는 방법입니다. 이 역할은 AWS Control Tower가 계정을 관리하고, 필요한 규정 준수 및 가드레일을 적용하는 데 필수적입니다.

D는 AWS Service Catalog ProvisionProduct API를 사용하여 새 AWS 계정을 프로비저닝하는 방법입니다. 이 API 호출을 통해 AWS Control Tower는 계정을 생성하고 이를 AWS Control Tower의 거버넌스 및 관리 하에 두게 됩니다.

이 두 단계는 새 AWS 계정을 AWS Control Tower에 자동으로 등록하는 데 필요한 핵심 작업입니다."
https://changwhaj.github.io/exam-assets/exam/aws/DOP_C02/DOP2-Q0304.html,"정답: A

설명:
A는 ALB의 대상 그룹에서 크로스 존 로드 밸런싱을 비활성화하고, ALB에서 존 이동을 시작하여 영향을 받는 가용성 영역에서 트래픽을 다른 영역으로 전환하는 방법입니다. 이 방법은 운영 효율성을 가장 높게 유지하면서도, 테스트 중인 애플리케이션의 문제 발생 시 다른 가용성 영역으로 트래픽을 즉시 전환할 수 있어 서비스의 가용성과 안정성을 보장합니다.

B는 대상 그룹의 인스턴스를 수동으로 제거하는 방식으로, 이는 자동화되지 않아 운영 효율성이 떨어집니다.
C는 크로스 존 로드 밸런싱을 구성하는 방식인데, 이는 존 이동을 필요로 하지 않으며, 추가적인 설정이 필요해 효율성에서 뒤처질 수 있습니다.
D는 서브넷을 제거하는 방법으로, 이는 수동 작업을 요구하며, 가용성 영역과 관련된 복잡성을 추가할 수 있습니다.
따라서 A가 가장 효율적인 방법입니다."
https://changwhaj.github.io/exam-assets/exam/aws/DOP_C02/DOP2-Q0305.html,"정답: C

설명:
C는 DevOps 계정에서 기본 이벤트 버스의 리소스 기반 정책을 업데이트하여 다른 계정에서 이벤트를 수신할 수 있도록 하고, 각 Amazon Connect 계정에서 EventBridge 규칙을 구성하여 Amazon Connect 이벤트를 DevOps 계정의 기본 이벤트 버스로 전송하는 방법입니다.

이 방법은 여러 AWS 계정에서 발생한 Amazon Connect 이벤트를 하나의 DevOps 계정으로 집계하는 방식으로, 이벤트를 효율적으로 중앙 집중화하고 관리할 수 있습니다. EventBridge의 교차 계정 이벤트 라우팅을 활용하여 각 계정의 이벤트를 DevOps 계정으로 보내는 것이 핵심입니다."
https://changwhaj.github.io/exam-assets/exam/aws/DOP_C02/DOP2-Q0306.html,"정답: ACF

설명:
A: CloudWatch 에이전트와 Fluent Bit를 EKS 클러스터에 배포하여 메트릭과 로그를 CloudWatch로 전송합니다. EKS 클러스터는 이 작업을 수행할 수 있는 적절한 권한을 가져야 합니다. 이는 로그와 메트릭 수집을 위한 표준적인 방법입니다.

C: CloudWatch 알람을 생성하여 클러스터의 CPU, 메모리, 노드 실패 메트릭을 모니터링합니다. 설정된 임계값을 초과할 경우 SNS 이메일 알림을 DevOps 팀에 전송합니다.

F: Autoscaler 배포의 메트릭 로그 필터를 모니터링하여 오류를 확인하고, 임계값을 초과할 경우 DevOps 팀에 SNS 이메일 알림을 전송하는 CloudWatch 알람을 만듭니다.

이 세 가지 단계를 통해 메트릭과 로그 수집을 제대로 설정하고, 임계값 초과나 Autoscaler 오류가 발생할 경우 DevOps 팀이 즉시 알림을 받을 수 있게 됩니다."
https://changwhaj.github.io/exam-assets/exam/aws/DOP_C02/DOP2-Q0307.html,"정답: D

설명:
D는 FSx for ONTAP을 사용하여 DR 지역에서 SnapMirror 복제를 설정하는 방법입니다. SnapMirror 복제는 FSx for NetApp ONTAP의 기능으로, 프로덕션 리전에서 DR 리전으로 데이터를 5분 간격으로 복제할 수 있습니다. 이는 10분의 RPO(Recovery Point Objective) 요구 사항을 충족하기 위해 설정된 복제 주기입니다. SnapMirror를 사용하면 스토리지를 효율적이고 안정적으로 복제할 수 있으며, 복제 지연을 최소화할 수 있습니다.

다른 옵션들은 S3 버킷, Lambda 함수, 또는 백업 서비스와 관련된 방법들이지만, FSx for ONTAP의 SnapMirror 복제가 가장 적합한 솔루션입니다."
https://changwhaj.github.io/exam-assets/exam/aws/DOP_C02/DOP2-Q0308.html,"정답: C

설명:
C는 모든 AWS 계정에 대해 AWS Config를 활성화하고, restricted-ssh 구성 변경 트리거에서 실행할 사용자 정의 AWS Config 규칙을 설정하여 SSH 트래픽을 허용하는 비준수 보안 그룹을 탐지하고 AWS Lambda 함수를 사용하여 이를 자동으로 수정하는 방법입니다.

이 방법은 실시간 모니터링을 제공하고, 자동 수정 기능을 통해 보안 그룹이 0.0.0.0/0에서 SSH 트래픽을 허용하는 것을 빠르게 감지하고 해결할 수 있습니다. AWS Config는 규정 준수 상태를 지속적으로 모니터링할 수 있도록 도와줍니다.

A는 주기적 트리거를 사용하여 AWS Config 규칙을 활성화하는 방법입니다. 주기적 트리거는 실시간 감지에는 적합하지 않으므로, 비준수 보안 그룹을 즉시 탐지하고 수정하기에 적합하지 않습니다.
B는 각 AWS 계정에서 Lambda 함수를 사용하여 보안 그룹을 수동으로 수정하는 방법입니다. 이는 관리와 실행에서 비효율적일 수 있습니다.
D는 Systems Manager Automation을 사용하여 보안 그룹을 수정하는 방법입니다. 하지만 이 방법은 AWS Config를 활용한 자동화보다는 덜 효율적이고, 설정이 복잡할 수 있습니다.
따라서 C가 요구 사항을 가장 잘 충족하는 솔루션입니다."
https://changwhaj.github.io/exam-assets/exam/aws/DOP_C02/DOP2-Q0309.html,"정답: B

설명:
B는 **AWS Systems Manager (SSM)**을 활용하여 온프레미스 VM과 EC2 인스턴스에 소프트웨어 패키지를 설치하고, AWS Config를 사용하여 구성 드리프트를 모니터링하는 가장 효율적인 방법입니다. SSM Agent를 설치하면 패키지 설치가 중앙에서 관리되고, 구성 변경 사항을 자동으로 모니터링할 수 있습니다. 또한 Amazon SNS를 사용하여 드리프트가 발견되면 시스템 관리자에게 알림을 보낼 수 있어, 패키지가 설치되지 않은 경우 빠르게 대응할 수 있습니다.

A와 C는 스크립트 기반 방법으로, 자동화가 부족하고 수동 개입이 많아 운영 효율성이 낮습니다.
D는 각 VM에 직접 로그인하여 수동으로 작업을 수행하는 방식으로, 관리가 복잡하고 비효율적입니다.
따라서, B가 가장 높은 운영 효율성을 제공하는 솔루션입니다."
https://changwhaj.github.io/exam-assets/exam/aws/DOP_C02/DOP2-Q0310.html,"정답: CE

설명:
C는 us-east-1에 S3 버킷을 생성하고, 해당 버킷의 정책을 설정하여 CodePipeline이 읽기 및 쓰기 액세스를 할 수 있도록 구성하는 방법입니다. 이는 us-east-1 지역에서 Lambda 배포에 필요한 아티팩트를 저장하고 액세스할 수 있게 해줍니다.

E는 파이프라인을 수정하여 us-east-1 S3 버킷을 아티팩트 저장소로 추가하고, us-east-1 지역의 CloudFormation 배포 작업을 생성하여 us-east-1 아티팩트에 해당하는 CloudFormation 템플릿을 사용하도록 하는 방법입니다. 이를 통해 Lambda 함수가 us-east-1에도 배포될 수 있도록 설정합니다.

이 두 가지 방법을 사용하여 us-east-1 지역에도 Lambda 함수가 배포되도록 할 수 있습니다."
https://changwhaj.github.io/exam-assets/exam/aws/DOP_C02/DOP2-Q0311.html,"정답: B

설명:
B는 IAM 권한 경계 정책을 생성하여 AWS CDK 애플리케이션이 요구하는 최대 작업을 정의하는 방법입니다. 이후 AWS CDK 부트스트래핑을 업데이트하여 권한 경계를 사용하도록 하고, CDK 애플리케이션 구성을 업데이트하여 기본 권한 경계를 사용하도록 설정합니다. 이 방법은 개발자가 권한을 추가하는 것을 방지하며, 필요 최소한의 권한만 부여하므로 운영 오버헤드를 최소화할 수 있습니다.

다른 옵션들은 추가적인 관리 작업이 필요하거나, 권한 경계의 사용을 명확히 규정하지 않거나, 직접적인 권한 제한을 부여하는 데 효과적이지 않기 때문에 운영 효율성이 떨어집니다."
https://changwhaj.github.io/exam-assets/exam/aws/DOP_C02/DOP2-Q0312.html,"정답: A

설명:
A는 Amazon ECR에서 향상된 스캐닝을 활성화하는 방법입니다. 향상된 스캐닝은 기본적인 스캐닝보다 더 고급 기능을 제공하며, 취약성 감지 후 자세한 보고서와 자동 재스캔을 포함하여 이미지에 대한 지속적인 스캐닝을 제공합니다. 이는 소프트웨어 패키지의 취약성에 대해 정기적으로 검사할 수 있는 가장 적합한 방법입니다.

B는 기본적인 스캔만 제공하며, 이는 이미지가 푸시될 때 취약성을 감지하는 기능으로, 향상된 스캐닝의 지속적인 감지 기능에 비해 제한적입니다.
C와 D는 외부 도구나 자동화된 스크립트를 사용하여 스캐닝을 처리하지만, Amazon ECR의 기본 제공 스캐닝 기능을 활용하는 방법에 비해 더 복잡하고 관리 오버헤드가 발생할 수 있습니다.
따라서 A가 가장 적합한 솔루션입니다."
https://changwhaj.github.io/exam-assets/exam/aws/DOP_C02/DOP2-Q0313.html,"정답: BDE

설명:
B: Amazon CloudWatch를 구성하여 EventBridge와 Step Functions의 메트릭을 모니터링하고, 이상 탐지를 위한 알림을 설정합니다. 이를 통해 이벤트 패턴과 워크플로 호출의 이상을 실시간으로 감지할 수 있습니다.

D: Step Functions 실행 기록을 검토하여 실패 또는 시간 초과 패턴을 확인합니다. 이러한 기록을 통해 누락된 이벤트와 관련된 문제를 식별할 수 있습니다.

E: EventBridge 실패한 호출에 대한 메트릭을 검토하여, IAM 실행 역할에 충분한 권한이 있는지 확인합니다. 이는 이벤트가 Step Functions 워크플로를 호출할 수 있도록 필요한 권한이 설정되었는지 확인하는 데 중요합니다.

이 세 가지 방법은 누락된 이벤트 호출의 근본 원인을 파악하는 데 가장 효율적인 접근 방식입니다.

A, B, E도 유효한 선택일 수 있습니다. 아래에서 각 옵션에 대해 설명드리겠습니다.
A: IAM 역할 및 권한 문제를 확인하는 방법입니다. 만약 EventBridge와 Step Functions 간의 연결이 실패하는 이유가 권한 부족이라면, IAM 역할에서 필요한 권한이 부여되지 않았을 가능성이 있으므로 이 방법은 유효합니다. IAM 역할에 대한 세부 권한을 확인하고 누락된 권한을 추가하는 것이 중요합니다.
B: CloudWatch 메트릭 및 로그를 사용하여 EventBridge 및 Step Functions의 이상 징후를 모니터링하는 방법입니다. 이 방법은 실시간 모니터링 및 알림을 설정하여 문제를 빠르게 식별하고, 이상 패턴을 추적할 수 있습니다. 이는 디버깅 및 문제 해결에 유용한 접근법입니다.
E: EventBridge와 Step Functions 간의 IAM 권한을 검토하고, 필요한 권한이 누락되지 않았는지 확인하는 방법입니다. 권한 문제로 인해 EventBridge가 Step Functions를 호출하지 못하는 경우를 해결하는 데 중요한 부분입니다.

결론: A, B, E는 함께 사용하여 권한 문제를 해결하고, CloudWatch로 모니터링하여 이상 징후를 감지하는 방식으로 문제를 해결하는 데 도움이 될 수 있습니다. 
이 세 가지 방법은 효과적인 문제 해결 및 모니터링을 위한 전략입니다."
https://changwhaj.github.io/exam-assets/exam/aws/DOP_C02/DOP2-Q0314.html,"정답: A

설명:
A는 AWS Health의 이벤트 소스를 구성하고, 인스턴스 종료 및 은퇴와 관련된 이벤트 유형을 구성하여, **AWS Systems Manager의 자동화 런북(AWS-RestartEC2Instance)**을 대상으로 EC2 인스턴스를 다시 시작하는 방식입니다. AWS Health에서 발행된 이벤트는 자동화된 작업으로 EC2 인스턴스를 재시작하는 데 적합하며, 이는 예약된 유지 관리 기간 동안 자동으로 수행될 수 있습니다.

다른 옵션들은 복잡성을 추가하거나, Lambda 함수를 사용하여 시스템을 불필요하게 복잡하게 만드는 방식입니다. A는 AWS의 기본 통합을 사용하여 보다 간단하고 효율적인 해결책을 제공합니다."
https://changwhaj.github.io/exam-assets/exam/aws/DOP_C02/DOP2-Q0315.html,"정답: B

설명:
B는 AWS Lambda 함수를 사용하여 URL의 응답 코드 상태를 확인하고 CodePipeline에 성공 또는 실패를 보고하는 방법입니다. Lambda 함수는 응답 코드를 확인하는 데 유연하고 효율적인 방법을 제공합니다. 그런 후 CheckURL 단계에서 Lambda 함수를 호출하여 응답 코드가 200 OK인지 확인하고, 필요한 경우 파이프라인을 실패시킬 수 있습니다.

A는 CloudWatch Canary를 사용하는 방법으로, 이는 모니터링에 적합하지만 실시간 테스트에 대해서는 Lambda를 사용하는 방법이 더 직관적이고 간단합니다.
C는 AWS CodeDeploy를 사용하는 방법이지만, 이는 배포와 관련된 도구로 응답 코드 검사를 위한 Lambda 방식보다는 덜 효율적입니다.
D는 API Gateway HTTP API를 사용하는 방법이지만, Lambda를 사용한 방법이 더 간단하고 직관적입니다.
따라서 B가 가장 적합한 솔루션입니다."
https://changwhaj.github.io/exam-assets/exam/aws/DOP_C02/DOP2-Q0316.html,"정답: B

설명:
B는 CloudWatch Logs 메트릭 필터를 사용하여 응답 코드 범위와 애플리케이션 이름을 기반으로 메트릭을 생성하는 방법입니다. 이를 통해 로그 그룹에서 특정 조건에 맞는 로그를 필터링하고, 해당 조건을 만족하는 로그 이벤트에 대해 메트릭을 증가시킬 수 있습니다. 응답 코드와 애플리케이션 이름을 차원으로 설정하여 CloudWatch 메트릭을 정확하게 추적할 수 있습니다.

다른 옵션들은 메트릭 필터와 같은 기능을 제공하지만, B가 요구된 조건에 가장 적합한 솔루션입니다."
https://changwhaj.github.io/exam-assets/exam/aws/DOP_C02/DOP2-Q0317.html,"정답: B

설명:
B는 EBS CSI 드라이버에 필요한 IAM 역할을 생성하고, EBS CSI 드라이버 애드온에 해당 역할을 연결하는 방법입니다. 이 문제의 핵심은 EBS CSI 드라이버가 EC2에서 EBS 볼륨을 생성할 수 있는 IAM 권한을 가지고 있지 않다는 것입니다. IAM 역할을 추가하고 이를 EBS CSI 드라이버에 연결함으로써 이 문제를 해결할 수 있습니다.

A는 Kubernetes 클러스터 역할을 설정하는 방법으로, 이는 스토리지 관련 권한을 관리할 수 있지만, EBS CSI 드라이버와 관련된 EC2 권한 문제를 해결하지 않습니다.
C는 PVC 객체에 ebs.csi.aws.com/volumeType:gp3 주석을 추가하는 방법이지만, 이 방법은 권한 문제를 해결하지 않으며, 올바른 해결책이 아닙니다.
D는 스토리지 클래스 객체를 생성하는 방법이지만, IAM 권한 부족 문제를 해결하는 데는 적합하지 않습니다.
따라서 B가 가장 적합한 해결책입니다."
https://changwhaj.github.io/exam-assets/exam/aws/DOP_C02/DOP2-Q0318.html,"정답: CDE

설명:
C: VPC Flow Logs에서 흐름 로그를 생성하여 VPC의 네트워크 트래픽을 캡처합니다. RDP 세션을 확인하려면 기본적으로 TCP 포트 3389를 필터링하여 해당 트래픽을 추적할 수 있습니다.

D: 생성된 VPC Flow Logs를 CloudWatch Logs 로그 그룹에 전달하여 로그를 중앙에서 저장하고 분석할 수 있도록 합니다. 이 방식은 데이터를 쉽게 쿼리할 수 있게 해줍니다.

E: 로그 그룹 메트릭 필터를 사용하여 CloudWatch Logs에 저장된 VPC Flow Logs에서 특정 메트릭을 추출합니다. 여기서는 RDP 세션에 사용되는 포트 3389를 기준으로 메트릭을 생성하여, RDP 세션 수를 추적하고 측정할 수 있습니다.

이 세 가지 단계를 통해 RDP 세션 수를 정확히 추적하고 메트릭을 수집하는 효율적인 방법을 구현할 수 있습니다."
https://changwhaj.github.io/exam-assets/exam/aws/DOP_C02/DOP2-Q0319.html,"정답: B

설명:
B는 EKS Pod Identity Agent 애드온을 추가하고 이를 구성하여 EKS 클러스터의 포드가 IAM 역할을 사용할 수 있게 만드는 방법입니다. 이 솔루션은 Pod Identity를 사용하여 IAM 역할을 Kubernetes 서비스 계정에 연결할 수 있도록 하며, EKS 클러스터에서 실행 중인 포드가 AWS 리소스에 접근할 수 있도록 해줍니다. 이를 통해 포드 ID 액세스를 설정할 수 있습니다.

A는 OIDC 공급자 설정을 통한 IRSA (IAM Roles for Service Accounts) 구성 방법인데, Pod Identity를 사용하는 것에는 적합하지 않으며, EKS Pod Identity Agent가 이 요구 사항을 더 잘 해결합니다."
https://changwhaj.github.io/exam-assets/exam/aws/DOP_C02/DOP2-Q0320.html,"정답: A

설명:
A는 AWS CloudTrail을 사용하여 조직 트레일을 생성하고, CloudWatch Logs로 로그 이벤트를 전송한 후, CloudWatch Contributor Insights에서 userIdentity.arn 필드를 기준으로 규칙을 만들어 상위 사용자와 역할을 식별하는 방법입니다. 이 방법은 운영 효율성을 고려할 때 가장 적합한 방식으로, 모든 계정에서 사용 중인 상위 사용자와 역할을 실시간으로 확인할 수 있습니다.
B는 IAM Access Analyzer를 사용하여 사용되지 않은 액세스를 분석하는 방법으로, 요구 사항을 충족할 수 있지만, 상위 사용자와 역할을 식별하는 데는 직접적이지 않으며, 운영 효율성이 떨어질 수 있습니다.
C는 Athena를 사용하여 CloudTrail 데이터를 쿼리하는 방법으로, 데이터 쿼리에는 효율적일 수 있지만, 운영 효율성을 고려할 때 CloudWatch와 Contributor Insights 방식보다 복잡합니다.
D는 서비스 액세스 보고서를 사용하여 마지막 액세스 날짜를 기반으로 상위 사용자와 역할을 찾는 방법이지만, 실시간 분석에는 제한적이며, 다른 옵션보다 덜 효율적입니다.

따라서 A가 가장 효율적이며 운영 측면에서도 유리합니다.

C도 유효한 선택일 수 있습니다. 이 옵션은 Athena를 사용하여 CloudTrail 로그 데이터를 쿼리하는 방법입니다. Amazon Athena는 S3에 저장된 데이터를 SQL 쿼리를 통해 쉽게 분석할 수 있게 해주며, CloudTrail 로그의 분석에 매우 유용합니다.

C의 장점:
CloudTrail 로그 데이터를 분석할 때, Athena를 사용하여 쿼리할 수 있으며, 이를 통해 특정 사용자의 활동이나 액세스 패턴을 정확하게 추적할 수 있습니다.
필요한 데이터를 SQL 쿼리를 사용하여 정확하게 필터링하고, 상위 사용자나 역할을 추출할 수 있습니다.
그러나 단점:
실시간으로 상위 사용자와 역할을 추적하는 데는 CloudWatch Contributor Insights나 CloudTrail Insights와 같은 실시간 분석 도구가 더 효과적일 수 있습니다. Athena는 로그 데이터를 수집한 후 쿼리하는 방식이기 때문에 실시간 모니터링에는 다소 비효율적일 수 있습니다.
결론적으로, C는 정밀한 분석을 원하는 경우 유효하지만, 실시간 모니터링을 원하는 경우에는 A가 더 적합할 수 있습니다."
https://changwhaj.github.io/exam-assets/exam/aws/DOP_C02/DOP2-Q0321.html,"정답: A

설명:
A는 CloudFormation StackSets와 CloudFormation Hook을 사용하여 EBS 볼륨과 SQS 대기열에 서버 측 암호화를 적용하는 방법입니다. CloudFormation StackSets는 여러 계정에 CloudFormation 템플릿을 배포할 수 있는 기능을 제공하며, CloudFormation Hook을 사용하면 스택 작업 전에 특정 정책이나 검사를 시행할 수 있습니다. 이를 통해 EBS와 SQS에 대해 서버 측 암호화를 강제로 적용하고, 조직의 보안 요구 사항을 충족시킬 수 있습니다.

이 방식은 AWS 계정 및 지역 전반에 정책을 일관되게 적용할 수 있게 해 주며, 스택 작업 중에 서버 측 암호화가 활성화되지 않은 리소스를 방지할 수 있습니다."
https://changwhaj.github.io/exam-assets/exam/aws/DOP_C02/DOP2-Q0322.html,"정답: CEF

설명:
이 시나리오에서는 인터넷 연결을 제거한 후 ECS 클러스터가 퍼블릭 및 프라이빗 ECR 리포지토리에서 이미지를 다운로드할 수 있어야 합니다. 또한, 퍼블릭 이미지는 최신 상태로 유지되어야 하며, 새 버전의 이미지는 24시간 이내에 ECS 클러스터에서 사용할 수 있어야 합니다.

C는 Amazon ECR 풀스루 캐시 규칙을 사용하여 퍼블릭 ECR 이미지를 VPC 내 캐시에 저장하고, ECS 클러스터에서 이를 참조하는 방식입니다. 이 방식은 인터넷 접근 없이 이미지를 사용할 수 있게 해 주며, 퍼블릭 이미지를 자동으로 업데이트합니다.
E는 프라이빗 ECR 저장소에 대한 Amazon ECR 인터페이스 VPC 엔드포인트를 생성하여, VPC 내에서 프라이빗 ECR에 안전하게 접근할 수 있게 합니다.
F는 Amazon S3 게이트웨이 엔드포인트를 생성하여 S3와의 연결을 유지하는 방식으로, ECR에서 이미지를 다운로드하는 데 필요할 수 있는 S3 리소스 접근을 제공합니다.
이 세 가지 조합은 운영 오버헤드를 최소화하고, 인터넷 연결 없이 요구 사항을 충족하는 효율적인 방법입니다."
https://changwhaj.github.io/exam-assets/exam/aws/DOP_C02/DOP2-Q0323.html,"정답: AB

설명:
A: Amazon ECR에 대한 Amazon Inspector 강화된 스캐닝을 활성화하고, 이를 지속적인 스캐닝으로 설정하여 이미지를 자동으로 스캔하고, 취약점을 실시간으로 탐지합니다. 또한, SNS 토픽을 설정하여 취약점 발생 시 보안 팀에 자동 알림을 보낼 수 있습니다. 이 방법은 운영 오버헤드를 최소화하고, 빠르게 취약점을 탐지하고 알릴 수 있습니다.

B: Amazon Inspector 결과에 대한 EventBridge 규칙을 생성하여, 취약점이 탐지되면 SNS 주제를 트리거하는 방식입니다. 이 방법은 자동화된 알림을 통해 보안 팀에게 취약점을 신속하게 전달하는 방법으로 매우 효과적입니다.

이 두 가지 방법은 최소한의 운영 오버헤드로 취약점을 신속하게 식별하고 알리는 시스템을 구축할 수 있습니다."
https://changwhaj.github.io/exam-assets/exam/aws/DOP_C02/DOP2-Q0324.html,"정답: A

설명:
A는 **Amazon Elastic Container Registry (Amazon ECR)**에서 리포지토리를 만들고, 수명 주기 정책을 사용하여 특정 태그가 있는 이미지를 15일 후에 자동으로 삭제하는 방법입니다. ECR은 컨테이너 이미지 관리에 최적화되어 있으며, 수명 주기 정책을 사용하여 이미지 삭제 작업을 자동화할 수 있습니다. 이 방법은 최소한의 운영 오버헤드로 요구 사항을 충족할 수 있는 효율적인 방법입니다.

B는 AWS CodeArtifact에서 리포지토리를 만들고, 해당 리포지토리에 대해 수명 주기 정책을 설정하는 방법이지만, CodeArtifact는 주로 소프트웨어 패키지 관리에 사용되므로 컨테이너 이미지 관리에는 적합하지 않습니다.
C는 Amazon S3를 사용한 방법으로, S3는 객체 저장에 적합하지만, ECR보다 컨테이너 이미지 관리에 특화되지 않았습니다.
D는 EC2 Image Builder를 사용하여 이미지 빌드를 관리하는 방법으로, 컨테이너 이미지 수명 주기 관리에 비효율적일 수 있습니다.
따라서 A가 가장 적합한 해결책입니다."
https://changwhaj.github.io/exam-assets/exam/aws/DOP_C02/DOP2-Q0325.html,"정답: CD

설명:
C는 Redshift 클러스터에서 감사 로깅을 설정하여 사용자 활동 로그를 포함하는 방법입니다. 이 방법은 사용자가 수행하는 쿼리와 관련된 정보를 캡처하여 CloudWatch로 전달할 수 있습니다.

D는 CloudWatch 대시보드에서 로그 위젯을 사용하여 Redshift 로그에서 사용자 세부 정보를 표시하는 방법입니다. 이렇게 하면 CloudWatch 대시보드에서 사용자 활동과 쿼리 로그를 실시간으로 시각화할 수 있습니다.

이 두 방법을 사용하면 Redshift 사용자 활동 및 쿼리 변경 사항을 모니터링하고 대시보드에서 실시간으로 볼 수 있습니다."
https://changwhaj.github.io/exam-assets/exam/aws/DOP_C02/DOP2-Q0326.html,"정답: A

설명:
A는 **SCP (서비스 제어 정책)**를 사용하여 CostCenter 태그 키가 없는 EC2 인스턴스 생성을 방지하고, 태그 정책을 사용하여 CostCenter 태그 값이 알려진 비용 센터 목록에서 나온 값이어야 한다고 요구합니다. 이 정책을 OU에 연결하여 조직 내 모든 EC2 인스턴스에서 요구 사항을 강제합니다. 또한, 스크립트를 업데이트하여 태그 키와 태그 값을 검사하고, 비준수 리소스를 기본 승인된 태그 값으로 업데이트하는 방식으로 규정 준수를 보장할 수 있습니다.

이 방법은 EC2 인스턴스 생성 시 CostCenter 태그가 없거나 잘못된 값이 지정된 경우를 모두 처리하는 포괄적인 해결책을 제공합니다."
https://changwhaj.github.io/exam-assets/exam/aws/DOP_C02/DOP2-Q0327.html,"정답: BD

설명:
B: CloudFormation 템플릿에서 BucketName이라는 출력을 추가하고, S3 버킷을 참조하는 값을 출력합니다. 이 출력 값을 사용하여 CloudFormation 작업의 네임스페이스를 StackVariables로 설정하면, 이후 작업에서 이 값을 사용할 수 있습니다.

D: 빌드 작업의 빌드 아티팩트를 S3 배포 작업의 입력으로 설정하고, StackVariables.BucketName 변수를 사용하여 배포 작업에서 동적으로 S3 버킷을 지정하는 방법입니다. 이를 통해 CloudFormation 템플릿에서 생성된 버킷을 사용하여 아티팩트를 배포할 수 있습니다.

이 두 방법은 AWS CodePipeline에서 CloudFormation과 S3 배포 작업을 연결하는 데 가장 적합한 해결책입니다."
https://changwhaj.github.io/exam-assets/exam/aws/DOP_C02/DOP2-Q0328.html,"정답: D

설명:
D는 웹 애플리케이션, 데이터베이스 및 Redis 캐시를 분리하여 성능과 가용성을 개선하는 가장 적합한 솔루션입니다.

웹 애플리케이션에는 Application Load Balancer와 Auto Scaling 그룹을 사용하여 웹 애플리케이션의 요청을 여러 EC2 인스턴스로 분산시키고, 자동 확장을 통해 트래픽 증가에 대응합니다.

데이터베이스는 Amazon Aurora에 Multi-AZ 배포를 설정하여 높은 가용성과 내결함성을 제공합니다.

Redis 캐시는 Amazon ElastiCache (Redis OSS) 클러스터를 사용하여 성능을 최적화하고, 이를 통해 빠른 데이터 접근이 가능합니다.

이 방법은 웹 애플리케이션과 백엔드 컴포넌트들을 분리하여 각 구성 요소의 성능을 최적화하고 가용성을 높이는 데 이상적입니다."
https://changwhaj.github.io/exam-assets/exam/aws/DOP_C02/DOP2-Q0329.html,"정답: D

설명:
D는 AWS Organizations를 사용하여 리전과 승인된 서비스를 **서비스 제어 정책(SCP)**을 통해 제한하고, AWS CloudFormation StackSets를 사용하여 IAM 역할을 프로비저닝하여 각 직무에 대한 권한을 설정하는 방법입니다. 각 계정에서 IAM 신뢰 정책을 포함하여 IAM ID 공급자 인증을 처리할 수 있습니다.

이 방법은 요구 사항에 따라 리전과 서비스 제어, 직무별 권한 관리, 그리고 Active Directory 인증을 포함하는 포괄적인 거버넌스 전략을 제공합니다. SCP를 사용하여 리전과 서비스에 대한 액세스를 제한하고, StackSets를 통해 여러 계정에서 역할을 일관되게 관리할 수 있습니다."
https://changwhaj.github.io/exam-assets/exam/aws/DOP_C02/DOP2-Q0330.html,"정답: A

설명:
A는 AWS CloudTrail을 사용하여 관리 이벤트를 CloudWatch Logs로 전송하고, CloudWatch Logs 메트릭 필터를 사용하여 ConsoleLogin 실패 이벤트를 감지합니다. 이를 통해 CloudWatch 알람을 생성하고, 알람이 발생하면 SNS 토픽으로 메시지를 보내는 방식입니다. 이 방법은 최소한의 운영 노력으로 빠르고 효율적으로 로그인 실패 알림을 제공하는 최적의 솔루션입니다.

다른 옵션들은 더 복잡한 구성을 요구하거나, S3를 사용한 접근법이므로 운영 오버헤드가 더 크고 관리가 복잡할 수 있습니다. A는 간단하고 효율적입니다."
https://changwhaj.github.io/exam-assets/exam/aws/DOP_C02/DOP2-Q0331.html,"정답: A

설명:
A는 API Gateway 리소스 정책을 사용하여 특정 VPC에서만 액세스할 수 있도록 설정하는 방법입니다. API Gateway는 VPC ID에 기반하여 액세스 제어를 할 수 있는 리소스 정책을 지원합니다. 이 리소스 정책을 사용하면, 특정 VPC ID만 허용하여 기밀 데이터에 대한 액세스를 제한할 수 있습니다.

B는 보안 그룹을 사용하여 API Gateway에 인바운드 규칙을 설정하려고 하지만, API Gateway는 보안 그룹을 사용하여 직접적으로 액세스를 제어할 수 없습니다.
C는 IAM 역할을 사용하여 API Gateway의 액세스를 제어하는 방식이지만, API Gateway에서는 리소스 정책을 사용하는 것이 더 적합합니다.
D는 ACL을 사용하여 아웃바운드 규칙을 설정하려고 하지만, API Gateway의 액세스를 제한하는 데 적합하지 않습니다.
따라서 A가 요구 사항을 충족하는 가장 효율적인 방법입니다."
https://changwhaj.github.io/exam-assets/exam/aws/DOP_C02/DOP2-Q0332.html,"정답: B

설명:
B는 ALB 상태 검사 유예 기간을 늘리는 것입니다. 새 컨테이너 이미지로 작업을 업데이트한 후, ECS 작업이 시작되는 데 시간이 더 걸릴 수 있습니다. ALB 상태 검사는 애플리케이션이 정상적으로 응답할 준비가 되지 않으면 실패할 수 있습니다. 상태 검사 유예 기간을 늘리면 ALB가 작업을 정상적으로 시작하고 응답할 수 있는 충분한 시간을 주어, 상태 검사를 통과할 수 있게 됩니다.

A는 보안 그룹에 대한 설정을 언급하지만, 질문에서 새 이미지를 사용한 작업 정의 업데이트로 인한 문제이므로 보안 그룹은 이 문제의 원인이 아닙니다.
C는 서비스의 최소 건강 비율 설정을 증가시키는 방법인데, 이는 새 작업 정의에 대한 변경과 관련된 문제를 해결하지 못합니다.
D는 ALB 상태 점검 간격을 줄이는 방법으로, 상태 점검이 너무 자주 발생하면 오히려 문제가 더 심각해질 수 있습니다.
따라서 B가 문제를 해결하는 가장 적합한 방법입니다."
https://changwhaj.github.io/exam-assets/exam/aws/DOP_C02/DOP2-Q0333.html,"정답: A

설명:
A는 AWS Systems Manager를 사용하여 기본 운영 체제 리포지토리와 사용자 정의 리포지토리를 포함하는 새 사용자 정의 패치 기준선을 만들고, AWS-RunPatchBaseline 문서를 실행하여 패치를 확인하고 설치하는 방법입니다. 이 방법은 최소한의 노력으로 운영 체제 패치와 애플리케이션 패치를 모두 관리할 수 있도록 합니다. BaselineOverride API를 사용하여 기본 패치 기준선을 사용자 정의 기준선으로 재정의할 수 있습니다. 이는 자동화된 패치 관리를 가능하게 하며, 패치 배포 프로세스를 간소화합니다.

B는 AWS Direct Connect를 사용하여 사용자 정의 리포지토리를 EC2 인스턴스와 연결하고 EventBridge 이벤트로 패치를 배포하는 방법인데, 이는 직접적인 패치 관리보다는 네트워크와 이벤트 기반 처리가 추가된 방법입니다.
C는 yum-config-manager 명령어를 사용하여 수동으로 리포지토리를 추가하는 방법으로, 자동화된 관리보다는 수동적인 방법에 의존합니다.
D는 두 개의 별도 패치 기준선을 생성하는 방법으로, 운영 오버헤드가 증가할 수 있고, 하나의 기준선으로 관리하는 것이 더 효율적입니다.
따라서 A가 가장 적합한 솔루션입니다."
https://changwhaj.github.io/exam-assets/exam/aws/DOP_C02/DOP2-Q0334.html,"정답: CEF

설명:
C: AWS Control Tower 관리 계정에서 Amazon EventBridge 규칙을 구성하여 조직의 OU가 등록되거나 재등록될 때 AWS Lambda 함수를 호출하는 방법입니다. 이를 통해 AWS Control Tower에 등록된 계정에 대한 구성을 자동화할 수 있습니다.
E: AWS Lambda 함수가 맡을 수 있는 IAM 역할을 생성하고, AWSControlTowerExecution IAM 역할을 맡을 수 있도록 필요한 권한을 부여합니다. 이 방법을 통해 Lambda 함수가 각 계정의 AWS Config 구성 레코더에 대한 사용자 지정을 적용할 수 있습니다.
F: AWS Control Tower 관리 계정에서 Amazon EventBridge 규칙을 구성하여 계정 등록, 업데이트 또는 랜딩 존 변경 시 AWS Lambda 함수를 호출하는 방법입니다. 이 방법은 새 계정 또는 업데이트된 계정이 자동으로 사용자 지정을 받도록 하며, 조직의 각 OU를 다시 등록하는 작업을 포함합니다.

이 세 가지 옵션은 AWS Control Tower와 AWS Config 설정을 사용자화하고 관리하는 데 필요한 방법을 제공합니다.

C: EventBridge를 사용하여 AWS Control Tower 관리 계정에서 Organizations OU가 등록되거나 재등록될 때 Lambda 함수를 호출하도록 설정합니다. 이 방법은 새 계정 등록 시 자동으로 구성을 적용하도록 합니다.
E: AWS Control Tower 관리 계정에서 Lambda 함수가 맡을 수 있는 IAM 역할을 만들고, 이 IAM 역할을 통해 AWSControlTowerExecution IAM 역할을 맡을 수 있도록 설정합니다. 이를 통해 Lambda 함수가 각 계정에 대한 구성 적용을 수행할 수 있습니다.
F: EventBridge 규칙을 설정하여 AWS 계정 등록, 업데이트 또는 랜딩 존 업데이트 시 Lambda 함수를 호출하도록 설정하여, 각 OU의 등록을 트리거하는 방법입니다.

이 세 가지 방법은 새 계정 및 기존 계정에 대한 AWS Config 구성 레코더의 사용자 지정을 자동으로 적용하는 데 필요한 설정을 제공합니다."
https://changwhaj.github.io/exam-assets/exam/aws/DOP_C02/DOP2-Q0335.html,"정답: B

설명:
B는 AWS Fargate와 Amazon Aurora Serverless v2를 사용하여 가장 적은 변경으로 서버리스 아키텍처를 구현하는 방법입니다.

AWS Fargate를 사용하면 EC2 인스턴스와 Docker 컨테이너를 서버리스 방식으로 실행할 수 있으며, Amazon Aurora Serverless v2는 MySQL과 호환되는 데이터베이스로, 자동으로 확장되고 수동으로 관리할 필요가 없는 구조를 제공합니다.
이 방법은 기존의 Docker 컨테이너와 MySQL 데이터베이스를 거의 변경 없이 서버리스 아키텍처로 전환할 수 있게 해줍니다.
다른 옵션들은 NoSQL 데이터베이스로의 전환이나 Lambda로의 이동을 요구하는데, 이는 상당한 코드 변경을 필요로 하므로 가장 적은 변경으로 요구사항을 만족하는 방법은 B입니다."
https://changwhaj.github.io/exam-assets/exam/aws/DOP_C02/DOP2-Q0336.html,"정답: A

설명:
A는 서비스 관리 권한을 가진 CloudFormation StackSet을 생성하고, 루트 OU를 배포 대상으로 설정하는 방법입니다. 서비스 관리 권한을 사용하면 AWS가 StackSet을 배포하는 데 필요한 권한을 자동으로 관리하므로 배포 과정이 간소화됩니다. 루트 **조직 단위(OU)**를 설정하면, 해당 OU에 포함된 모든 계정에 IAM 역할을 자동으로 배포할 수 있습니다. 이 방법은 운영 오버헤드를 최소화하고, 자동화된 배포를 가능하게 합니다.

B는 StackSet이 관리 계정에 배포되지 않음을 고려할 때 적합하지 않습니다. A는 최소한의 수동 개입으로 빠르고 효율적인 해결책을 제공합니다."
https://changwhaj.github.io/exam-assets/exam/aws/DOP_C02/DOP2-Q0337.html,"정답: AD

설명:
A는 표준 AWS Step Functions 워크플로를 사용하여 **병렬 상태(parallel state)**를 정의하고, 여러 처리 작업을 동시에 실행하는 방법입니다. 이는 대규모 처리 작업에 적합하고, 장기 실행이 필요한 경우 표준 워크플로를 사용하여 비동기 방식으로 작업을 처리할 수 있습니다.

D는 Amazon EventBridge 규칙을 사용하여 S3 객체 생성 이벤트를 감지하고, 이를 트리거로 사용하여 Step Functions 워크플로를 시작하는 방법입니다. EventBridge 규칙을 설정하면 새로운 S3 객체가 생성될 때마다 자동으로 처리 작업이 실행됩니다.

이 조합은 최소한의 운영 오버헤드로 S3에 대한 객체 업로드를 감지하고 병렬 처리 작업을 실행할 수 있도록 합니다."
https://changwhaj.github.io/exam-assets/exam/aws/DOP_C02/DOP2-Q0338.html,"정답: AD

설명:
A는 CodeDeployDefault.ECSCanary10Percent5Minutes 구성을 사용하여 카나리 배포를 설정하고, 트래픽의 일부만 새 버전으로 전환하여 애플리케이션의 성능을 모니터링합니다. 이 방법은 새 버전의 성능 문제를 초기에 감지할 수 있어 빠른 롤백이 가능합니다.

D는 CloudWatch 알람을 설정하여 TargetResponseTime 메트릭을 모니터링하고, 응답 시간이 비정상적으로 길어질 경우 알람을 발생시키고 롤백을 트리거하는 방식입니다. 이 방법은 응답 시간 문제를 빠르게 감지하고 롤백할 수 있게 해줍니다.

따라서 카나리 배포와 응답 시간 모니터링을 결합하여 배포 전략을 효율적으로 관리하고, 성능 문제를 신속하게 해결할 수 있습니다."
https://changwhaj.github.io/exam-assets/exam/aws/DOP_C02/DOP2-Q0339.html,"정답: C

설명:
C는 AWS Config를 구성하여 구성 변경 기록을 활성화하고, ssh-restricted AWS Config 관리 규칙을 배포하여 보안 그룹이 0.0.0.0/0에서 포트 22로 트래픽을 허용하는지 모니터링하는 방법입니다. 이 규칙은 EC2 인스턴스에서 무제한 SSH 접근을 차단하는 데 필요한 설정을 제공합니다. AWS Config와 SNS를 결합하여 보안 그룹 변경 시 알림을 받을 수 있습니다.

A는 vpc-sg-port-restriction-check 규칙을 사용하지만, 이는 SSH에만 국한되지 않기 때문에 요구 사항에 더 적합하지 않습니다.
B는 vpc-sg-open-only-to-authorized-ports 규칙을 사용하지만, SSH 제한에 대한 요구 사항을 충족하지 않습니다.
D는 Lambda 함수를 사용한 방법이지만, AWS Config를 사용하여 직접적인 모니터링을 구현하는 방법이 더 효율적입니다.
따라서, C가 요구 사항에 맞는 가장 적합한 방법입니다."
https://changwhaj.github.io/exam-assets/exam/aws/DOP_C02/DOP2-Q0340.html,"정답: D

설명:
D는 AWS WAF를 사용하여 회사 사무실 IP 주소 범위만 CloudFront 배포에 액세스할 수 있도록 설정하는 방법입니다.

IP 주소 집합을 만들어 회사 사무실의 IP 주소 범위를 정의하고,
기존의 웹 ACL에 기본 동작을 차단으로 설정하여, 허용된 IP 주소에서만 트래픽을 허용합니다.
우선순위 0 규칙을 추가하여, 회사 사무실에서 오는 트래픽이 차단되지 않도록 보장합니다.
이 방법은 기존 웹 ACL을 재사용하며, 최소한의 변경으로 요구 사항을 충족할 수 있어 운영 오버헤드가 최소화됩니다."
https://changwhaj.github.io/exam-assets/exam/aws/DOP_C02/DOP2-Q0341.html,"정답: A

설명:
A는 CloudWatch 메트릭 스트림을 구성하여 애플리케이션 및 CloudWatch 네임스페이스의 메트릭을 포함시키고, 이를 Amazon Data Firehose로 전달하여 AWS Lambda 함수를 사용해 데이터를 변환한 후, 변환된 데이터를 S3 버킷으로 전송하는 방법입니다. 이 방법은 새로 추가된 메트릭을 자동으로 수집할 수 있으며, 최소한의 운영 오버헤드로 요구 사항을 충족할 수 있습니다.

B는 기본적으로 CloudWatch 메트릭 스트림을 설정하지만, 메트릭을 전송하기 전에 필터링할 수 있는 방법을 제공하지 않기 때문에 일부 요구 사항을 충족하기 어렵습니다."
https://changwhaj.github.io/exam-assets/exam/aws/DOP_C02/DOP2-Q0342.html,"정답: D

설명:
D는 요구 사항을 최소한의 운영 노력으로 충족하는 가장 적합한 솔루션입니다. 이 방법은 다음을 포함합니다:

AWS Signer를 사용하여 이미지를 서명합니다.
서명 키는 자동으로 순환됩니다.
CloudTrail을 사용하여 서명한 사람을 추적합니다.
이미지를 생성하는 데 CodeBuild를 사용하여 자동화된 빌드 및 서명을 제공합니다.
이 방식은 서명 생성과 키 관리에 대해 자동화된 솔루션을 제공하며, 운영 오버헤드를 최소화할 수 있습니다."
https://changwhaj.github.io/exam-assets/exam/aws/DOP_C02/DOP2-Q0343.html,"정답: D

설명:
D는 EC2 인스턴스에 IAM 역할을 포함하는 인스턴스 프로필을 생성하여 이를 EC2 인스턴스에 연결하는 방법입니다. 그런 후 EC2 인스턴스에서 aws codeartifact login CLI 명령을 사용하여 CodeArtifact 리포지토리와 상호작용할 수 있게 됩니다.

이 방법은 EC2 인스턴스에 필요한 권한을 부여하고, CodeArtifact에 로그인하여 Python 패키지를 다운로드하고 사용할 수 있도록 하여 문제를 해결합니다. IAM 역할을 사용하여 CodeArtifact에 대한 액세스를 제어하는 것이 올바른 접근 방식입니다."
https://changwhaj.github.io/exam-assets/exam/aws/DOP_C02/DOP2-Q0344.html,"정답: A

설명:
A는 AWS Systems Manager State Manager를 사용하여 매일 지정된 시간에 Automation 문서를 자동으로 호출하고, 삭제 스크립트를 순차적으로 실행하는 방식입니다. 또한, Amazon EventBridge를 사용하여 실패 알림을 Amazon SNS를 통해 발송합니다. 이 방법은 최소한의 개발 노력으로 요구 사항을 충족시키며, 실패 시 자동으로 이메일 알림을 받을 수 있습니다.

B는 조건문을 추가하여 오류를 확인하지만, Amazon SNS 대신 Amazon SES를 사용하는 점에서 구성의 복잡성이 증가합니다.
C와 D는 Lambda 함수를 사용하지만, Lambda를 활용하는 방식은 개발과 관리가 더 복잡할 수 있습니다.
따라서 A는 가장 효율적이고 간단한 방법으로 요구 사항을 해결할 수 있습니다."
https://changwhaj.github.io/exam-assets/exam/aws/DOP_C02/DOP2-Q0345.html,"정답: D

설명:
D는 ec2:MetadataHttpTokens 조건 키를 사용하여 IMDSv2를 활성화하지 않은 인스턴스에서의 AWS API 호출을 차단하는 SCP를 생성하는 방법입니다. 이 조건은 EC2 인스턴스가 IMDSv2를 사용하도록 강제하는 중요한 조건으로, SCP를 조직 루트에 연결하여 모든 계정에서 EC2 인스턴스에 대한 정책을 일관되게 적용할 수 있습니다.

A는 새로운 EC2 인스턴스를 생성할 때 IMDSv2를 강제하지만, 이미 실행 중인 EC2 인스턴스에는 적용되지 않아서 기존 인스턴스에서의 API 호출을 차단할 수 없습니다.
B와 C는 조건이 IMDSv2와 관련이 없거나 잘못된 조건을 사용하므로 요구 사항을 충족하지 않습니다.
따라서 D는 IMDSv2가 활성화되지 않은 EC2 인스턴스에 대한 API 호출을 차단하는 가장 효과적인 방법입니다."
https://changwhaj.github.io/exam-assets/exam/aws/DOP_C02/DOP2-Q0346.html,"정답: AD

설명:
A는 CloudWatch Contributor Insights 규칙을 만들어 EC2 인스턴스 ID와 오류를 기준으로 CloudWatch 애플리케이션 로그를 그룹화하는 방법입니다. 이 방법은 많은 오류를 반환하는 인스턴스를 추적하고 알림을 받을 수 있는 자동화된 솔루션을 제공합니다.

D는 INSIGHT_RULE_METRIC 함수를 사용하여 EC2 인스턴스에서 발생한 오류의 절반 이상을 담당하는 인스턴스를 감지하고, 이를 CloudWatch 알람으로 설정하여 알림을 보내는 방법입니다. 이 방법은 대상 인스턴스가 많은 오류를 초래한 경우 신속하게 알림을 받을 수 있도록 합니다.

두 방법은 최소한의 수동 개입과 운영 오버헤드로 요구 사항을 효율적으로 충족시킵니다."
https://changwhaj.github.io/exam-assets/exam/aws/DOP_C02/DOP2-Q0347.html,"정답: A

설명:
A는 CloudFormation 드리프트 감지 기능을 활용하여 수동 변경을 감지하는 방법입니다. 이를 위해 AWS Config 관리 규칙을 사용하여 CloudFormation 스택에 대해 드리프트 감지를 활성화하고, 변경 사항이 감지되면 EventBridge를 통해 SNS 토픽으로 알림을 전송합니다. SNS는 DevOps 리드에게 이메일을 통해 알림을 보냅니다.

이 방법은 최소한의 운영 노력으로 요구 사항을 충족할 수 있습니다. CLOUDFORMATION_STACK_DRIFT_DETECTION_CHECK 규칙은 수동 변경 사항을 실시간으로 감지하고, 이를 자동화된 방식으로 알림을 보낼 수 있는 방법을 제공합니다."
https://changwhaj.github.io/exam-assets/exam/aws/DOP_C02/DOP2-Q0348.html,"정답: C

설명:
C는 AWS Control Tower 가드레일을 자동화하는 가장 효율적인 방법입니다. 이 방법은 다음을 포함합니다:

AWS CloudFormation 템플릿을 사용하여 가드레일을 정의하고, 이를 AWS CodeCommit에 저장하여 버전 관리를 할 수 있습니다.
각 조직의 **OU(조직 단위)**에 대해 AWS::ControlTower::EnableControl 리소스를 생성합니다.
Amazon EventBridge 규칙을 사용하여 CodeCommit에서 발생한 변경 사항을 AWS CodePipeline에 트리거하고, 이를 통해 보안 팀이 승인한 새로운 가드레일만 배포됩니다.
이 방법은 버전 제어, 검토 및 롤백 요구 사항을 충족하며, 최소한의 운영 오버헤드로 가드레일을 자동화하고 관리할 수 있습니다."
https://changwhaj.github.io/exam-assets/exam/aws/DOP_C02/DOP2-Q0349.html,"정답: A

설명:
A는 CloudWatch Logs 메트릭 필터를 사용하여 차단된 요청에 대해 사용자 지정 메트릭을 생성하고, 이를 CloudWatch 이상 탐지와 결합하여 차단된 트래픽의 갑작스러운 변화를 감지하는 방법입니다. 이 방법은 AWS WAF 로그 동작에서 예상치 못한 변화를 감지하고, 이를 SNS를 통해 DevOps 엔지니어에게 알림을 보낼 수 있게 해줍니다.

B는 이상 탐지를 사용하지만, 요구 사항에서 다른 WAF 로그 동작의 변화에는 알림을 원하지 않기 때문에 적합하지 않습니다.
C와 D는 정적 임계값을 사용하여 알림을 설정하지만, 변화 감지와 동적 알림에는 이상 탐지가 더 적합합니다.
따라서 A는 가장 적합한 해결책입니다."
https://changwhaj.github.io/exam-assets/exam/aws/DOP_C02/DOP2-Q0350.html,"정답: B

설명:
B는 CloudFront Functions를 사용하여 권한 부여 토큰 확인을 구현하는 방법입니다. CloudFront Functions는 CloudFront의 엣지 위치에서 실행되며, 간단하고 빠른 JavaScript 코드로 최적화되어 있습니다. 또한, CloudWatch 로깅을 활성화하여 권한 부여 확인 활동을 기록하고, CloudFront 지속적 배포를 통해 롤링 업데이트를 구현할 수 있습니다.

이 방법은 최소한의 운영 오버헤드로 요구 사항을 충족하며, 낮은 지연 시간과 고성능을 제공합니다. Lambda@Edge보다 경량화되어 권한 부여 확인과 같은 간단한 작업에 적합합니다.

A는 Lambda@Edge를 사용하는 방법으로 더 복잡한 처리와 더 많은 리소스를 요구할 수 있습니다.
C와 D는 EC2 인스턴스를 사용하거나 여러 CloudFront 배포를 요구하는 방법으로, 관리가 더 복잡하고 운영 오버헤드가 증가할 수 있습니다.
따라서 B가 최소한의 운영 오버헤드로 요구 사항을 충족하는 가장 적합한 방법입니다."
https://changwhaj.github.io/exam-assets/exam/aws/DOP_C02/DOP2-Q0351.html,"정답: CE

설명:
C는 각 계정 내에서 PermissionBoundaries라는 이름의 IAM 권한 정책을 생성하고, 이를 개발자가 새 IAM 사용자에게 부여할 수 있는 최대 권한을 정의하는 데 사용합니다. 이 정책은 개발자가 권한을 제한하는 방식으로, 과도한 권한 부여를 방지하는 데 유효합니다.

E는 DeveloperBoundary라는 이름의 IAM 권한 정책을 생성하고, 이를 사용하여 개발자가 새 IAM 사용자를 생성할 때 PermissionBoundaries를 권한 경계로 사용하도록 강제합니다. 이 방법은 개발자가 적절한 권한만을 부여할 수 있도록 하여, 과도한 권한을 방지할 수 있습니다.

이 두 가지 방법을 결합하여 개발자에게 IAM 사용자 생성 권한을 부여하면서도 권한의 범위를 제한할 수 있습니다."
https://changwhaj.github.io/exam-assets/exam/aws/DOP_C02/DOP2-Q0352.html,"정답: C

설명:
C는 AWS CDK 태깅을 사용하여 CloudFormation StackSets에서 비용 할당 태그를 적용하는 방법입니다. CDK는 코드 재사용을 촉진하고, SQS 대기열의 구성을 표준화하는 데 유용합니다. CDK 스택을 사용하여 개발 팀이 SQS 대기열을 정의하고, 이를 CDK 스택을 통해 배포하도록 지시하면, 일관된 구성을 유지할 수 있습니다.

이 방법은 CloudFormation StackSets와 AWS CDK를 결합하여 태그 적용과 코드 재사용을 강제하는 동시에, 애플리케이션 표준화를 유지할 수 있게 해줍니다."
https://changwhaj.github.io/exam-assets/exam/aws/DOP_C02/DOP2-Q0353.html,"정답: A

설명:
A는 AWS Config 규칙을 사용하여 리소스 구성 변경 사항을 감지하고, AWS Systems Manager Automation 문서를 사용하여 구성 변경 사항을 자동으로 되돌리는 해결책입니다. 이를 통해 특정 리소스 변경을 자동으로 되돌리는 프로세스를 설정할 수 있습니다. 이 방법은 완전 자동화된 솔루션을 제공하여 요구 사항을 충족합니다.

B는 CloudWatch 알람을 사용하여 구성 변경 사항을 수동으로 되돌리도록 알리는 방법으로, 자동화된 솔루션을 제공하지 않기 때문에 요구 사항을 충족하지 않습니다.
C는 CloudFormation을 사용하여 구성 변경을 롤백하는 방법으로, 자동으로 되돌리는 과정보다는 수동 업데이트가 필요합니다.
D는 AWS Trusted Advisor를 사용하여 비준수 구성을 확인하지만, 변경 사항을 수동으로 적용하는 방식으로 자동화된 리버트가 되지 않으므로 이 방법은 적합하지 않습니다.
따라서 A가 가장 적합한 솔루션입니다."
