1	84973	839758	2025-12-12 6:56	/discussions/amazon/view/84973-exam-aws-certified-solutions-architect-associate-saa-c03/
2	84848	839759	2025-09-16 10:39	/discussions/amazon/view/84848-exam-aws-certified-solutions-architect-associate-saa-c03/
3	84838	839760	2025-11-10 9:49	/discussions/amazon/view/84838-exam-aws-certified-solutions-architect-associate-saa-c03/
4	84980	839761	2025-08-29 8:50	/discussions/amazon/view/84980-exam-aws-certified-solutions-architect-associate-saa-c03/
5	84981	839762	2025-09-05 16:09	/discussions/amazon/view/84981-exam-aws-certified-solutions-architect-associate-saa-c03/
6	84875	839763	2025-09-07 13:45	/discussions/amazon/view/84875-exam-aws-certified-solutions-architect-associate-saa-c03/
7	84721	839764	2025-12-10 11:05	/discussions/amazon/view/84721-exam-aws-certified-solutions-architect-associate-saa-c03/
8	84679	839765	2025-09-05 16:25	/discussions/amazon/view/84679-exam-aws-certified-solutions-architect-associate-saa-c03/
9	84680	839766	2025-09-05 16:30	/discussions/amazon/view/84680-exam-aws-certified-solutions-architect-associate-saa-c03/
10	84681	839767	2025-08-18 19:37	/discussions/amazon/view/84681-exam-aws-certified-solutions-architect-associate-saa-c03/
11	84682	839768	2025-07-02 15:18	/discussions/amazon/view/84682-exam-aws-certified-solutions-architect-associate-saa-c03/
12	85010	839769	2025-12-14 18:54	/discussions/amazon/view/85010-exam-aws-certified-solutions-architect-associate-saa-c03/
13	84728	839770	2025-07-08 1:16	/discussions/amazon/view/84728-exam-aws-certified-solutions-architect-associate-saa-c03/
14	85019	839771	2025-11-22 16:10	/discussions/amazon/view/85019-exam-aws-certified-solutions-architect-associate-saa-c03/
15	84731	839772	2025-07-02 15:28	/discussions/amazon/view/84731-exam-aws-certified-solutions-architect-associate-saa-c03/
16	84732	839773	2025-07-02 15:30	/discussions/amazon/view/84732-exam-aws-certified-solutions-architect-associate-saa-c03/
17	85032	839774	2025-07-02 15:31	/discussions/amazon/view/85032-exam-aws-certified-solutions-architect-associate-saa-c03/
18	85033	839775	2025-07-02 15:34	/discussions/amazon/view/85033-exam-aws-certified-solutions-architect-associate-saa-c03/
19	84727	839776	2025-07-08 1:55	/discussions/amazon/view/84727-exam-aws-certified-solutions-architect-associate-saa-c03/
20	85226	839777	2025-07-17 9:25	/discussions/amazon/view/85226-exam-aws-certified-solutions-architect-associate-saa-c03/
21	85195	839778	2025-11-10 9:45	/discussions/amazon/view/85195-exam-aws-certified-solutions-architect-associate-saa-c03/
22	84943	839779	2025-11-18 17:53	/discussions/amazon/view/84943-exam-aws-certified-solutions-architect-associate-saa-c03/
23	85092	839780	2025-09-05 2:43	/discussions/amazon/view/85092-exam-aws-certified-solutions-architect-associate-saa-c03/
24	85038	839781	2025-09-05 2:45	/discussions/amazon/view/85038-exam-aws-certified-solutions-architect-associate-saa-c03/
25	85197	839782	2025-09-05 2:52	/discussions/amazon/view/85197-exam-aws-certified-solutions-architect-associate-saa-c03/
26	84940	839783	2025-12-06 5:22	/discussions/amazon/view/84940-exam-aws-certified-solutions-architect-associate-saa-c03/
27	85227	839784	2025-07-02 16:03	/discussions/amazon/view/85227-exam-aws-certified-solutions-architect-associate-saa-c03/
28	85231	839785	2025-10-08 22:10	/discussions/amazon/view/85231-exam-aws-certified-solutions-architect-associate-saa-c03/
29	85029	839786	2025-09-13 19:51	/discussions/amazon/view/85029-exam-aws-certified-solutions-architect-associate-saa-c03/
30	85030	839787	2025-12-19 8:14	/discussions/amazon/view/85030-exam-aws-certified-solutions-architect-associate-saa-c03/
31	85198	839788	2025-07-02 16:17	/discussions/amazon/view/85198-exam-aws-certified-solutions-architect-associate-saa-c03/
32	85199	839789	2025-07-02 16:39	/discussions/amazon/view/85199-exam-aws-certified-solutions-architect-associate-saa-c03/
33	85201	839790	2025-07-02 16:43	/discussions/amazon/view/85201-exam-aws-certified-solutions-architect-associate-saa-c03/
34	85202	839791	2025-07-02 16:47	/discussions/amazon/view/85202-exam-aws-certified-solutions-architect-associate-saa-c03/
35	85203	839792	2025-07-02 16:49	/discussions/amazon/view/85203-exam-aws-certified-solutions-architect-associate-saa-c03/
36	84747	839793	2025-08-08 9:51	/discussions/amazon/view/84747-exam-aws-certified-solutions-architect-associate-saa-c03/
37	85037	839794	2025-07-02 16:54	/discussions/amazon/view/85037-exam-aws-certified-solutions-architect-associate-saa-c03/
38	85238	839795	2025-07-02 16:56	/discussions/amazon/view/85238-exam-aws-certified-solutions-architect-associate-saa-c03/
39	84748	839796	2025-07-02 16:58	/discussions/amazon/view/84748-exam-aws-certified-solutions-architect-associate-saa-c03/
40	85204	839797	2025-07-02 17:02	/discussions/amazon/view/85204-exam-aws-certified-solutions-architect-associate-saa-c03/
41	85446	839798	2025-07-02 17:10	/discussions/amazon/view/85446-exam-aws-certified-solutions-architect-associate-saa-c03/
42	85205	839799	2025-07-02 17:14	/discussions/amazon/view/85205-exam-aws-certified-solutions-architect-associate-saa-c03/
43	85206	839800	2025-07-02 17:16	/discussions/amazon/view/85206-exam-aws-certified-solutions-architect-associate-saa-c03/
44	84750	839801	2025-07-02 17:17	/discussions/amazon/view/84750-exam-aws-certified-solutions-architect-associate-saa-c03/
45	85408	839802	2025-07-02 17:51	/discussions/amazon/view/85408-exam-aws-certified-solutions-architect-associate-saa-c03/
46	85264	839803	2025-07-02 17:54	/discussions/amazon/view/85264-exam-aws-certified-solutions-architect-associate-saa-c03/
47	85529	839804	2025-07-02 17:56	/discussions/amazon/view/85529-exam-aws-certified-solutions-architect-associate-saa-c03/
48	85119	839805	2025-07-02 17:57	/discussions/amazon/view/85119-exam-aws-certified-solutions-architect-associate-saa-c03/
49	85211	839806	2025-09-01 12:50	/discussions/amazon/view/85211-exam-aws-certified-solutions-architect-associate-saa-c03/
50	85026	839807	2025-07-02 18:01	/discussions/amazon/view/85026-exam-aws-certified-solutions-architect-associate-saa-c03/
51	85557	839808	2024-11-08 17:03	/discussions/amazon/view/85557-exam-aws-certified-solutions-architect-associate-saa-c03/
52	85265	839809	2025-07-07 9:17	/discussions/amazon/view/85265-exam-aws-certified-solutions-architect-associate-saa-c03/
53	85532	839810	2025-07-07 9:19	/discussions/amazon/view/85532-exam-aws-certified-solutions-architect-associate-saa-c03/
54	85574	839811	2025-07-07 9:21	/discussions/amazon/view/85574-exam-aws-certified-solutions-architect-associate-saa-c03/
55	85409	839812	2024-09-11 14:08	/discussions/amazon/view/85409-exam-aws-certified-solutions-architect-associate-saa-c03/
56	85266	839813	2025-01-28 11:59	/discussions/amazon/view/85266-exam-aws-certified-solutions-architect-associate-saa-c03/
57	85452	839814	2025-01-01 17:13	/discussions/amazon/view/85452-exam-aws-certified-solutions-architect-associate-saa-c03/
58	85453	839815	2024-09-11 14:23	/discussions/amazon/view/85453-exam-aws-certified-solutions-architect-associate-saa-c03/
59	85793	839816	2025-01-01 17:55	/discussions/amazon/view/85793-exam-aws-certified-solutions-architect-associate-saa-c03/
60	85121	839817	2025-07-07 9:40	/discussions/amazon/view/85121-exam-aws-certified-solutions-architect-associate-saa-c03/
61	85580	839818	2025-07-07 9:43	/discussions/amazon/view/85580-exam-aws-certified-solutions-architect-associate-saa-c03/
62	85524	839819	2025-07-07 9:45	/discussions/amazon/view/85524-exam-aws-certified-solutions-architect-associate-saa-c03/
63	85795	839820	2025-07-07 9:47	/discussions/amazon/view/85795-exam-aws-certified-solutions-architect-associate-saa-c03/
64	85173	839821	2025-07-07 9:50	/discussions/amazon/view/85173-exam-aws-certified-solutions-architect-associate-saa-c03/
65	85367	839822	2025-07-07 9:52	/discussions/amazon/view/85367-exam-aws-certified-solutions-architect-associate-saa-c03/
66	85310	839823	2025-07-07 10:09	/discussions/amazon/view/85310-exam-aws-certified-solutions-architect-associate-saa-c03/
67	85583	839824	2025-07-07 10:13	/discussions/amazon/view/85583-exam-aws-certified-solutions-architect-associate-saa-c03/
68	85593	839825	2025-07-07 10:15	/discussions/amazon/view/85593-exam-aws-certified-solutions-architect-associate-saa-c03/
69	85594	839826	2025-07-07 10:17	/discussions/amazon/view/85594-exam-aws-certified-solutions-architect-associate-saa-c03/
70	85734	839827	2025-07-07 10:19	/discussions/amazon/view/85734-exam-aws-certified-solutions-architect-associate-saa-c03/
71	85603	839828	2025-01-03 15:37	/discussions/amazon/view/85603-exam-aws-certified-solutions-architect-associate-saa-c03/
72	85604	839829	2024-11-07 20:34	/discussions/amazon/view/85604-exam-aws-certified-solutions-architect-associate-saa-c03/
73	85613	839830	2024-09-15 12:27	/discussions/amazon/view/85613-exam-aws-certified-solutions-architect-associate-saa-c03/
74	85346	839831	2025-01-28 22:45	/discussions/amazon/view/85346-exam-aws-certified-solutions-architect-associate-saa-c03/
75	86120	839832	2025-03-11 7:41	/discussions/amazon/view/86120-exam-aws-certified-solutions-architect-associate-saa-c03/
76	85801	839833	2025-01-03 16:05	/discussions/amazon/view/85801-exam-aws-certified-solutions-architect-associate-saa-c03/
77	85740	839834	2024-09-15 13:06	/discussions/amazon/view/85740-exam-aws-certified-solutions-architect-associate-saa-c03/
78	85742	839835	2025-03-21 17:20	/discussions/amazon/view/85742-exam-aws-certified-solutions-architect-associate-saa-c03/
79	85743	839836	2025-03-11 7:38	/discussions/amazon/view/85743-exam-aws-certified-solutions-architect-associate-saa-c03/
80	85606	839837	2025-03-21 17:33	/discussions/amazon/view/85606-exam-aws-certified-solutions-architect-associate-saa-c03/
81	86621	839838	2024-09-15 14:01	/discussions/amazon/view/86621-exam-aws-certified-solutions-architect-associate-saa-c03/
82	85615	839839	2025-08-16 13:41	/discussions/amazon/view/85615-exam-aws-certified-solutions-architect-associate-saa-c03/
83	85902	839840	2025-08-02 19:13	/discussions/amazon/view/85902-exam-aws-certified-solutions-architect-associate-saa-c03/
84	85665	839841	2025-01-15 0:27	/discussions/amazon/view/85665-exam-aws-certified-solutions-architect-associate-saa-c03/
85	85751	839842	2025-01-04 18:07	/discussions/amazon/view/85751-exam-aws-certified-solutions-architect-associate-saa-c03/
86	85753	839843	2025-03-20 7:57	/discussions/amazon/view/85753-exam-aws-certified-solutions-architect-associate-saa-c03/
87	85319	839844	2025-05-18 0:01	/discussions/amazon/view/85319-exam-aws-certified-solutions-architect-associate-saa-c03/
88	85738	839845	2025-08-16 13:55	/discussions/amazon/view/85738-exam-aws-certified-solutions-architect-associate-saa-c03/
89	85808	839846	2025-01-04 18:23	/discussions/amazon/view/85808-exam-aws-certified-solutions-architect-associate-saa-c03/
90	85339	839847	2025-01-04 18:29	/discussions/amazon/view/85339-exam-aws-certified-solutions-architect-associate-saa-c03/
91	85667	839848	2024-09-15 15:23	/discussions/amazon/view/85667-exam-aws-certified-solutions-architect-associate-saa-c03/
92	85903	839849	2025-01-05 13:35	/discussions/amazon/view/85903-exam-aws-certified-solutions-architect-associate-saa-c03/
93	85729	839850	2025-01-12 16:48	/discussions/amazon/view/85729-exam-aws-certified-solutions-architect-associate-saa-c03/
94	86676	839851	2025-01-29 20:05	/discussions/amazon/view/86676-exam-aws-certified-solutions-architect-associate-saa-c03/
95	85906	839852	2025-01-29 20:07	/discussions/amazon/view/85906-exam-aws-certified-solutions-architect-associate-saa-c03/
96	86460	839853	2025-05-16 10:38	/discussions/amazon/view/86460-exam-aws-certified-solutions-architect-associate-saa-c03/
97	86626	839854	2025-01-29 20:16	/discussions/amazon/view/86626-exam-aws-certified-solutions-architect-associate-saa-c03/
98	85185	839855	2025-08-28 0:04	/discussions/amazon/view/85185-exam-aws-certified-solutions-architect-associate-saa-c03/
99	85811	839856	2025-01-29 20:23	/discussions/amazon/view/85811-exam-aws-certified-solutions-architect-associate-saa-c03/
100	85186	839857	2025-03-22 17:11	/discussions/amazon/view/85186-exam-aws-certified-solutions-architect-associate-saa-c03/
101	86019	839858	2025-08-16 5:01	/discussions/amazon/view/86019-exam-aws-certified-solutions-architect-associate-saa-c03/
102	85814	839859	2025-08-28 0:12	/discussions/amazon/view/85814-exam-aws-certified-solutions-architect-associate-saa-c03/
103	85781	839860	2024-01-15 21:43	/discussions/amazon/view/85781-exam-aws-certified-solutions-architect-associate-saa-c03/
104	85342	839861	2025-01-07 10:37	/discussions/amazon/view/85342-exam-aws-certified-solutions-architect-associate-saa-c03/
105	85816	839862	2024-09-05 13:28	/discussions/amazon/view/85816-exam-aws-certified-solutions-architect-associate-saa-c03/
106	85817	839863	2025-01-07 10:43	/discussions/amazon/view/85817-exam-aws-certified-solutions-architect-associate-saa-c03/
107	85212	839864	2025-04-15 19:54	/discussions/amazon/view/85212-exam-aws-certified-solutions-architect-associate-saa-c03/
108	85427	839865	2025-12-06 17:02	/discussions/amazon/view/85427-exam-aws-certified-solutions-architect-associate-saa-c03/
109	85634	839866	2025-07-06 13:04	/discussions/amazon/view/85634-exam-aws-certified-solutions-architect-associate-saa-c03/
110	86471	839867	2025-08-03 21:03	/discussions/amazon/view/86471-exam-aws-certified-solutions-architect-associate-saa-c03/
111	85910	839868	2025-01-07 15:38	/discussions/amazon/view/85910-exam-aws-certified-solutions-architect-associate-saa-c03/
112	85913	839869	2025-01-07 15:54	/discussions/amazon/view/85913-exam-aws-certified-solutions-architect-associate-saa-c03/
113	85912	839870	2025-07-21 8:32	/discussions/amazon/view/85912-exam-aws-certified-solutions-architect-associate-saa-c03/
114	85189	839871	2024-12-30 18:02	/discussions/amazon/view/85189-exam-aws-certified-solutions-architect-associate-saa-c03/
115	86031	839872	2025-02-19 13:28	/discussions/amazon/view/86031-exam-aws-certified-solutions-architect-associate-saa-c03/
116	85996	839873	2024-07-22 23:12	/discussions/amazon/view/85996-exam-aws-certified-solutions-architect-associate-saa-c03/
117	85802	839874	2025-08-16 15:49	/discussions/amazon/view/85802-exam-aws-certified-solutions-architect-associate-saa-c03/
118	86512	839875	2024-09-16 15:56	/discussions/amazon/view/86512-exam-aws-certified-solutions-architect-associate-saa-c03/
119	86450	839876	2025-08-16 16:10	/discussions/amazon/view/86450-exam-aws-certified-solutions-architect-associate-saa-c03/
120	85807	839877	2025-08-04 1:55	/discussions/amazon/view/85807-exam-aws-certified-solutions-architect-associate-saa-c03/
121	85941	839878	2024-12-17 11:43	/discussions/amazon/view/85941-exam-aws-certified-solutions-architect-associate-saa-c03/
122	85942	839879	2024-09-18 13:38	/discussions/amazon/view/85942-exam-aws-certified-solutions-architect-associate-saa-c03/
123	85943	839880	2025-07-21 9:35	/discussions/amazon/view/85943-exam-aws-certified-solutions-architect-associate-saa-c03/
124	86038	839881	2025-12-06 19:40	/discussions/amazon/view/86038-exam-aws-certified-solutions-architect-associate-saa-c03/
125	85221	839882	2025-04-29 10:15	/discussions/amazon/view/85221-exam-aws-certified-solutions-architect-associate-saa-c03/
126	86731	839883	2025-01-08 12:37	/discussions/amazon/view/86731-exam-aws-certified-solutions-architect-associate-saa-c03/
127	85432	839884	2025-09-06 18:32	/discussions/amazon/view/85432-exam-aws-certified-solutions-architect-associate-saa-c03/
128	85404	839885	2025-06-10 12:55	/discussions/amazon/view/85404-exam-aws-certified-solutions-architect-associate-saa-c03/
129	86658	839886	2025-04-11 9:40	/discussions/amazon/view/86658-exam-aws-certified-solutions-architect-associate-saa-c03/
130	86659	839887	2025-01-14 17:49	/discussions/amazon/view/86659-exam-aws-certified-solutions-architect-associate-saa-c03/
131	85992	839888	2025-01-08 13:16	/discussions/amazon/view/85992-exam-aws-certified-solutions-architect-associate-saa-c03/
132	86654	839889	2025-04-11 9:56	/discussions/amazon/view/86654-exam-aws-certified-solutions-architect-associate-saa-c03/
133	85423	839890	2025-04-05 16:31	/discussions/amazon/view/85423-exam-aws-certified-solutions-architect-associate-saa-c03/
134	85993	839891	2025-07-30 20:40	/discussions/amazon/view/85993-exam-aws-certified-solutions-architect-associate-saa-c03/
135	85994	839892	2024-09-18 15:19	/discussions/amazon/view/85994-exam-aws-certified-solutions-architect-associate-saa-c03/
136	85438	839893	2024-11-22 1:54	/discussions/amazon/view/85438-exam-aws-certified-solutions-architect-associate-saa-c03/
137	85997	839894	2025-03-04 1:54	/discussions/amazon/view/85997-exam-aws-certified-solutions-architect-associate-saa-c03/
138	85999	839895	2024-11-28 13:12	/discussions/amazon/view/85999-exam-aws-certified-solutions-architect-associate-saa-c03/
139	85872	839896	2025-08-28 0:56	/discussions/amazon/view/85872-exam-aws-certified-solutions-architect-associate-saa-c03/
140	86083	839897	2025-06-28 15:49	/discussions/amazon/view/86083-exam-aws-certified-solutions-architect-associate-saa-c03/
141	85439	839898	2025-11-28 14:03	/discussions/amazon/view/85439-exam-aws-certified-solutions-architect-associate-saa-c03/
142	86667	839899	2025-02-06 18:18	/discussions/amazon/view/86667-exam-aws-certified-solutions-architect-associate-saa-c03/
143	86473	839900	2025-08-04 16:42	/discussions/amazon/view/86473-exam-aws-certified-solutions-architect-associate-saa-c03/
144	86781	839901	2025-02-06 18:26	/discussions/amazon/view/86781-exam-aws-certified-solutions-architect-associate-saa-c03/
145	86474	839902	2025-04-15 10:56	/discussions/amazon/view/86474-exam-aws-certified-solutions-architect-associate-saa-c03/
146	86750	839903	2025-05-13 17:38	/discussions/amazon/view/86750-exam-aws-certified-solutions-architect-associate-saa-c03/
147	86864	839904	2025-01-31 18:26	/discussions/amazon/view/86864-exam-aws-certified-solutions-architect-associate-saa-c03/
148	85424	839905	2025-01-31 18:29	/discussions/amazon/view/85424-exam-aws-certified-solutions-architect-associate-saa-c03/
149	86784	839906	2025-02-06 18:38	/discussions/amazon/view/86784-exam-aws-certified-solutions-architect-associate-saa-c03/
150	86034	839907	2025-03-02 18:55	/discussions/amazon/view/86034-exam-aws-certified-solutions-architect-associate-saa-c03/
151	86475	839908	2025-07-08 17:06	/discussions/amazon/view/86475-exam-aws-certified-solutions-architect-associate-saa-c03/
152	86046	839909	2025-02-01 6:01	/discussions/amazon/view/86046-exam-aws-certified-solutions-architect-associate-saa-c03/
153	86933	839910	2025-05-19 11:26	/discussions/amazon/view/86933-exam-aws-certified-solutions-architect-associate-saa-c03/
154	86359	839911	2025-02-01 6:09	/discussions/amazon/view/86359-exam-aws-certified-solutions-architect-associate-saa-c03/
155	86795	839912	2025-02-01 6:11	/discussions/amazon/view/86795-exam-aws-certified-solutions-architect-associate-saa-c03/
156	85770	839913	2025-02-06 19:04	/discussions/amazon/view/85770-exam-aws-certified-solutions-architect-associate-saa-c03/
157	87629	846984	2025-07-08 17:20	/discussions/amazon/view/87629-exam-aws-certified-solutions-architect-associate-saa-c03/
158	87514	846985	2025-05-26 17:24	/discussions/amazon/view/87514-exam-aws-certified-solutions-architect-associate-saa-c03/
159	87516	846986	2025-08-04 19:34	/discussions/amazon/view/87516-exam-aws-certified-solutions-architect-associate-saa-c03/
160	87632	846987	2025-02-01 6:25	/discussions/amazon/view/87632-exam-aws-certified-solutions-architect-associate-saa-c03/
161	87633	846988	2025-02-08 16:16	/discussions/amazon/view/87633-exam-aws-certified-solutions-architect-associate-saa-c03/
162	87634	846989	2025-02-08 16:30	/discussions/amazon/view/87634-exam-aws-certified-solutions-architect-associate-saa-c03/
163	87509	846990	2025-02-08 16:33	/discussions/amazon/view/87509-exam-aws-certified-solutions-architect-associate-saa-c03/
164	87523	846991	2025-02-08 17:51	/discussions/amazon/view/87523-exam-aws-certified-solutions-architect-associate-saa-c03/
165	87524	846992	2025-02-20 19:13	/discussions/amazon/view/87524-exam-aws-certified-solutions-architect-associate-saa-c03/
166	87522	846993	2025-02-08 17:57	/discussions/amazon/view/87522-exam-aws-certified-solutions-architect-associate-saa-c03/
167	87510	846994	2025-10-31 3:51	/discussions/amazon/view/87510-exam-aws-certified-solutions-architect-associate-saa-c03/
168	87512	846995	2025-02-08 18:02	/discussions/amazon/view/87512-exam-aws-certified-solutions-architect-associate-saa-c03/
169	87526	846996	2025-02-08 18:03	/discussions/amazon/view/87526-exam-aws-certified-solutions-architect-associate-saa-c03/
170	87528	846997	2025-02-06 19:52	/discussions/amazon/view/87528-exam-aws-certified-solutions-architect-associate-saa-c03/
171	87529	846998	2025-02-08 18:07	/discussions/amazon/view/87529-exam-aws-certified-solutions-architect-associate-saa-c03/
172	87517	846999	2024-07-07 6:27	/discussions/amazon/view/87517-exam-aws-certified-solutions-architect-associate-saa-c03/
173	87530	847000	2024-01-16 21:03	/discussions/amazon/view/87530-exam-aws-certified-solutions-architect-associate-saa-c03/
174	87531	847001	2025-02-08 18:16	/discussions/amazon/view/87531-exam-aws-certified-solutions-architect-associate-saa-c03/
175	87533	847002	2025-02-08 18:19	/discussions/amazon/view/87533-exam-aws-certified-solutions-architect-associate-saa-c03/
176	87532	847003	2025-09-15 17:20	/discussions/amazon/view/87532-exam-aws-certified-solutions-architect-associate-saa-c03/
177	87572	847004	2025-06-08 4:12	/discussions/amazon/view/87572-exam-aws-certified-solutions-architect-associate-saa-c03/
178	87639	847005	2025-02-08 18:30	/discussions/amazon/view/87639-exam-aws-certified-solutions-architect-associate-saa-c03/
179	87582	847006	2024-05-28 12:59	/discussions/amazon/view/87582-exam-aws-certified-solutions-architect-associate-saa-c03/
180	87640	847007	2025-02-08 18:36	/discussions/amazon/view/87640-exam-aws-certified-solutions-architect-associate-saa-c03/
181	87647	847008	2025-03-24 8:27	/discussions/amazon/view/87647-exam-aws-certified-solutions-architect-associate-saa-c03/
182	87641	847009	2025-02-08 18:43	/discussions/amazon/view/87641-exam-aws-certified-solutions-architect-associate-saa-c03/
183	87570	847010	2025-02-08 18:45	/discussions/amazon/view/87570-exam-aws-certified-solutions-architect-associate-saa-c03/
184	87534	847011	2025-08-05 14:50	/discussions/amazon/view/87534-exam-aws-certified-solutions-architect-associate-saa-c03/
185	87648	847012	2023-09-12 21:28	/discussions/amazon/view/87648-exam-aws-certified-solutions-architect-associate-saa-c03/
186	87650	847013	2025-02-08 18:56	/discussions/amazon/view/87650-exam-aws-certified-solutions-architect-associate-saa-c03/
187	87695	847014	2025-02-08 18:58	/discussions/amazon/view/87695-exam-aws-certified-solutions-architect-associate-saa-c03/
188	87566	847015	2025-02-08 19:00	/discussions/amazon/view/87566-exam-aws-certified-solutions-architect-associate-saa-c03/
189	87535	847016	2025-04-10 20:35	/discussions/amazon/view/87535-exam-aws-certified-solutions-architect-associate-saa-c03/
190	87536	847017	2025-02-08 19:06	/discussions/amazon/view/87536-exam-aws-certified-solutions-architect-associate-saa-c03/
191	89077	850794	2024-09-22 20:12	/discussions/amazon/view/89077-exam-aws-certified-solutions-architect-associate-saa-c03/
192	89133	850795	2025-02-15 16:54	/discussions/amazon/view/89133-exam-aws-certified-solutions-architect-associate-saa-c03/
193	89134	850796	2025-12-26 8:05	/discussions/amazon/view/89134-exam-aws-certified-solutions-architect-associate-saa-c03/
194	89136	850797	2025-04-29 16:40	/discussions/amazon/view/89136-exam-aws-certified-solutions-architect-associate-saa-c03/
195	89138	850798	2025-02-15 17:01	/discussions/amazon/view/89138-exam-aws-certified-solutions-architect-associate-saa-c03/
196	89140	850799	2025-02-15 17:02	/discussions/amazon/view/89140-exam-aws-certified-solutions-architect-associate-saa-c03/
197	89068	850800	2024-08-30 6:31	/discussions/amazon/view/89068-exam-aws-certified-solutions-architect-associate-saa-c03/
198	89078	850801	2024-04-13 21:01	/discussions/amazon/view/89078-exam-aws-certified-solutions-architect-associate-saa-c03/
199	89141	850802	2025-06-15 6:02	/discussions/amazon/view/89141-exam-aws-certified-solutions-architect-associate-saa-c03/
200	89142	850803	2025-06-15 6:35	/discussions/amazon/view/89142-exam-aws-certified-solutions-architect-associate-saa-c03/
201	89080	850804	2025-02-01 7:30	/discussions/amazon/view/89080-exam-aws-certified-solutions-architect-associate-saa-c03/
202	89081	850805	2025-09-03 7:00	/discussions/amazon/view/89081-exam-aws-certified-solutions-architect-associate-saa-c03/
203	89082	850806	2024-02-21 18:54	/discussions/amazon/view/89082-exam-aws-certified-solutions-architect-associate-saa-c03/
204	89083	850807	2024-06-23 5:25	/discussions/amazon/view/89083-exam-aws-certified-solutions-architect-associate-saa-c03/
205	89085	850808	2024-11-13 8:24	/discussions/amazon/view/89085-exam-aws-certified-solutions-architect-associate-saa-c03/
206	89086	850809	2024-11-18 14:17	/discussions/amazon/view/89086-exam-aws-certified-solutions-architect-associate-saa-c03/
207	89087	850810	2024-05-28 14:47	/discussions/amazon/view/89087-exam-aws-certified-solutions-architect-associate-saa-c03/
208	89088	850811	2025-08-29 18:29	/discussions/amazon/view/89088-exam-aws-certified-solutions-architect-associate-saa-c03/
209	89089	850812	2024-04-28 11:41	/discussions/amazon/view/89089-exam-aws-certified-solutions-architect-associate-saa-c03/
210	94992	861634	2025-03-25 4:44	/discussions/amazon/view/94992-exam-aws-certified-solutions-architect-associate-saa-c03/
211	95145	861635	2025-02-17 16:22	/discussions/amazon/view/95145-exam-aws-certified-solutions-architect-associate-saa-c03/
212	95300	861636	2025-02-17 16:24	/discussions/amazon/view/95300-exam-aws-certified-solutions-architect-associate-saa-c03/
213	95301	861637	2025-02-17 16:26	/discussions/amazon/view/95301-exam-aws-certified-solutions-architect-associate-saa-c03/
214	95154	861638	2025-02-17 16:28	/discussions/amazon/view/95154-exam-aws-certified-solutions-architect-associate-saa-c03/
215	94983	861639	2025-03-14 22:06	/discussions/amazon/view/94983-exam-aws-certified-solutions-architect-associate-saa-c03/
216	95040	861640	2025-01-26 21:25	/discussions/amazon/view/95040-exam-aws-certified-solutions-architect-associate-saa-c03/
217	95015	861641	2025-05-08 11:48	/discussions/amazon/view/95015-exam-aws-certified-solutions-architect-associate-saa-c03/
218	95056	861642	2025-05-08 11:59	/discussions/amazon/view/95056-exam-aws-certified-solutions-architect-associate-saa-c03/
219	95162	861643	2025-02-16 15:11	/discussions/amazon/view/95162-exam-aws-certified-solutions-architect-associate-saa-c03/
220	95306	861644	2024-11-18 15:21	/discussions/amazon/view/95306-exam-aws-certified-solutions-architect-associate-saa-c03/
221	95307	861645	2025-02-18 12:01	/discussions/amazon/view/95307-exam-aws-certified-solutions-architect-associate-saa-c03/
222	95160	861646	2025-02-18 12:08	/discussions/amazon/view/95160-exam-aws-certified-solutions-architect-associate-saa-c03/
223	95310	861647	2025-01-26 17:43	/discussions/amazon/view/95310-exam-aws-certified-solutions-architect-associate-saa-c03/
224	95311	861648	2025-02-18 12:20	/discussions/amazon/view/95311-exam-aws-certified-solutions-architect-associate-saa-c03/
225	94985	861649	2025-10-31 18:23	/discussions/amazon/view/94985-exam-aws-certified-solutions-architect-associate-saa-c03/
226	95312	861650	2024-09-13 12:40	/discussions/amazon/view/95312-exam-aws-certified-solutions-architect-associate-saa-c03/
227	95314	861651	2023-12-28 6:05	/discussions/amazon/view/95314-exam-aws-certified-solutions-architect-associate-saa-c03/
228	95318	861652	2024-08-23 1:49	/discussions/amazon/view/95318-exam-aws-certified-solutions-architect-associate-saa-c03/
229	95319	861653	2025-02-18 13:03	/discussions/amazon/view/95319-exam-aws-certified-solutions-architect-associate-saa-c03/
230	95322	861654	2025-05-08 12:43	/discussions/amazon/view/95322-exam-aws-certified-solutions-architect-associate-saa-c03/
231	95323	861655	2025-01-21 5:32	/discussions/amazon/view/95323-exam-aws-certified-solutions-architect-associate-saa-c03/
232	95324	861656	2024-06-05 10:39	/discussions/amazon/view/95324-exam-aws-certified-solutions-architect-associate-saa-c03/
233	95084	861657	2024-01-01 17:00	/discussions/amazon/view/95084-exam-aws-certified-solutions-architect-associate-saa-c03/
234	95325	861658	2024-04-09 17:59	/discussions/amazon/view/95325-exam-aws-certified-solutions-architect-associate-saa-c03/
235	95326	861659	2024-02-21 12:24	/discussions/amazon/view/95326-exam-aws-certified-solutions-architect-associate-saa-c03/
236	94990	861660	2025-03-22 19:02	/discussions/amazon/view/94990-exam-aws-certified-solutions-architect-associate-saa-c03/
237	95144	861661	2025-02-19 12:16	/discussions/amazon/view/95144-exam-aws-certified-solutions-architect-associate-saa-c03/
238	94996	861662	2025-02-19 12:20	/discussions/amazon/view/94996-exam-aws-certified-solutions-architect-associate-saa-c03/
239	95365	861663	2025-07-10 9:49	/discussions/amazon/view/95365-exam-aws-certified-solutions-architect-associate-saa-c03/
240	94998	861664	2024-11-23 6:50	/discussions/amazon/view/94998-exam-aws-certified-solutions-architect-associate-saa-c03/
241	95000	861665	2024-11-27 17:59	/discussions/amazon/view/95000-exam-aws-certified-solutions-architect-associate-saa-c03/
242	95001	861666	2024-01-01 17:47	/discussions/amazon/view/95001-exam-aws-certified-solutions-architect-associate-saa-c03/
243	95002	861667	2025-02-20 15:57	/discussions/amazon/view/95002-exam-aws-certified-solutions-architect-associate-saa-c03/
244	95336	861668	2025-02-20 15:59	/discussions/amazon/view/95336-exam-aws-certified-solutions-architect-associate-saa-c03/
245	95337	861669	2025-04-15 2:01	/discussions/amazon/view/95337-exam-aws-certified-solutions-architect-associate-saa-c03/
246	95003	861670	2024-04-04 20:50	/discussions/amazon/view/95003-exam-aws-certified-solutions-architect-associate-saa-c03/
247	95004	861671	2025-08-01 2:53	/discussions/amazon/view/95004-exam-aws-certified-solutions-architect-associate-saa-c03/
248	95329	861672	2024-04-17 12:28	/discussions/amazon/view/95329-exam-aws-certified-solutions-architect-associate-saa-c03/
249	95006	861673	2025-03-04 9:05	/discussions/amazon/view/95006-exam-aws-certified-solutions-architect-associate-saa-c03/
250	95007	861674	2025-03-26 14:46	/discussions/amazon/view/95007-exam-aws-certified-solutions-architect-associate-saa-c03/
251	95023	861675	2024-03-27 13:23	/discussions/amazon/view/95023-exam-aws-certified-solutions-architect-associate-saa-c03/
252	95024	861676	2025-08-01 11:20	/discussions/amazon/view/95024-exam-aws-certified-solutions-architect-associate-saa-c03/
253	95008	861677	2025-01-26 7:08	/discussions/amazon/view/95008-exam-aws-certified-solutions-architect-associate-saa-c03/
254	95009	861678	2024-01-22 2:05	/discussions/amazon/view/95009-exam-aws-certified-solutions-architect-associate-saa-c03/
255	95026	861679	2023-12-28 13:42	/discussions/amazon/view/95026-exam-aws-certified-solutions-architect-associate-saa-c03/
256	95460	861680	2024-01-24 11:03	/discussions/amazon/view/95460-exam-aws-certified-solutions-architect-associate-saa-c03/
257	95027	861681	2024-10-09 10:32	/discussions/amazon/view/95027-exam-aws-certified-solutions-architect-associate-saa-c03/
258	95028	861682	2024-11-19 14:38	/discussions/amazon/view/95028-exam-aws-certified-solutions-architect-associate-saa-c03/
259	95030	861683	2024-11-19 14:40	/discussions/amazon/view/95030-exam-aws-certified-solutions-architect-associate-saa-c03/
260	95343	861684	2025-01-13 2:33	/discussions/amazon/view/95343-exam-aws-certified-solutions-architect-associate-saa-c03/
261	95011	861685	2023-12-28 15:48	/discussions/amazon/view/95011-exam-aws-certified-solutions-architect-associate-saa-c03/
262	95463	861686	2023-11-13 9:30	/discussions/amazon/view/95463-exam-aws-certified-solutions-architect-associate-saa-c03/
263	95012	861687	2024-11-19 14:53	/discussions/amazon/view/95012-exam-aws-certified-solutions-architect-associate-saa-c03/
264	95345	861688	2024-11-25 7:51	/discussions/amazon/view/95345-exam-aws-certified-solutions-architect-associate-saa-c03/
265	95013	861689	2024-11-19 15:04	/discussions/amazon/view/95013-exam-aws-certified-solutions-architect-associate-saa-c03/
266	95014	861690	2023-12-28 16:57	/discussions/amazon/view/95014-exam-aws-certified-solutions-architect-associate-saa-c03/
267	95347	861691	2024-01-28 5:56	/discussions/amazon/view/95347-exam-aws-certified-solutions-architect-associate-saa-c03/
268	95016	861692	2025-06-22 6:16	/discussions/amazon/view/95016-exam-aws-certified-solutions-architect-associate-saa-c03/
269	95032	861693	2023-11-13 10:49	/discussions/amazon/view/95032-exam-aws-certified-solutions-architect-associate-saa-c03/
270	95031	861694	2025-11-01 6:03	/discussions/amazon/view/95031-exam-aws-certified-solutions-architect-associate-saa-c03/
271	95018	861695	2023-09-06 20:27	/discussions/amazon/view/95018-exam-aws-certified-solutions-architect-associate-saa-c03/
272	99865	868743	2024-06-12 22:58	/discussions/amazon/view/99865-exam-aws-certified-solutions-architect-associate-saa-c03/
273	99505	868744	2023-12-29 8:17	/discussions/amazon/view/99505-exam-aws-certified-solutions-architect-associate-saa-c03/
274	99459	868745	2024-11-19 15:36	/discussions/amazon/view/99459-exam-aws-certified-solutions-architect-associate-saa-c03/
275	99584	868746	2025-11-01 6:21	/discussions/amazon/view/99584-exam-aws-certified-solutions-architect-associate-saa-c03/
276	99739	868747	2025-07-06 18:12	/discussions/amazon/view/99739-exam-aws-certified-solutions-architect-associate-saa-c03/
277	99509	868748	2025-09-03 23:25	/discussions/amazon/view/99509-exam-aws-certified-solutions-architect-associate-saa-c03/
278	99940	868749	2025-06-28 18:31	/discussions/amazon/view/99940-exam-aws-certified-solutions-architect-associate-saa-c03/
279	99793	868750	2024-07-07 2:06	/discussions/amazon/view/99793-exam-aws-certified-solutions-architect-associate-saa-c03/
280	99508	868751	2024-01-29 10:40	/discussions/amazon/view/99508-exam-aws-certified-solutions-architect-associate-saa-c03/
281	99511	868752	2025-01-20 16:18	/discussions/amazon/view/99511-exam-aws-certified-solutions-architect-associate-saa-c03/
282	99660	868753	2025-01-20 16:18	/discussions/amazon/view/99660-exam-aws-certified-solutions-architect-associate-saa-c03/
283	99512	868754	2024-11-19 16:09	/discussions/amazon/view/99512-exam-aws-certified-solutions-architect-associate-saa-c03/
284	99513	868755	2024-11-19 16:11	/discussions/amazon/view/99513-exam-aws-certified-solutions-architect-associate-saa-c03/
285	99680	868756	2023-12-29 12:26	/discussions/amazon/view/99680-exam-aws-certified-solutions-architect-associate-saa-c03/
286	99669	868757	2024-07-13 1:23	/discussions/amazon/view/99669-exam-aws-certified-solutions-architect-associate-saa-c03/
287	99670	868758	2024-11-19 16:17	/discussions/amazon/view/99670-exam-aws-certified-solutions-architect-associate-saa-c03/
288	99671	868759	2024-11-19 16:19	/discussions/amazon/view/99671-exam-aws-certified-solutions-architect-associate-saa-c03/
289	99756	868760	2024-01-19 4:42	/discussions/amazon/view/99756-exam-aws-certified-solutions-architect-associate-saa-c03/
290	100006	868761	2024-08-28 3:34	/discussions/amazon/view/100006-exam-aws-certified-solutions-architect-associate-saa-c03/
291	99831	868762	2025-06-15 7:03	/discussions/amazon/view/99831-exam-aws-certified-solutions-architect-associate-saa-c03/
292	99834	868763	2023-12-30 3:42	/discussions/amazon/view/99834-exam-aws-certified-solutions-architect-associate-saa-c03/
293	99692	868764	2025-02-14 12:09	/discussions/amazon/view/99692-exam-aws-certified-solutions-architect-associate-saa-c03/
294	99954	868765	2023-10-03 8:54	/discussions/amazon/view/99954-exam-aws-certified-solutions-architect-associate-saa-c03/
295	99956	868766	2025-01-20 18:56	/discussions/amazon/view/99956-exam-aws-certified-solutions-architect-associate-saa-c03/
296	99651	868767	2025-04-30 14:51	/discussions/amazon/view/99651-exam-aws-certified-solutions-architect-associate-saa-c03/
297	99652	868768	2023-12-29 13:08	/discussions/amazon/view/99652-exam-aws-certified-solutions-architect-associate-saa-c03/
298	99653	868769	2024-02-05 16:27	/discussions/amazon/view/99653-exam-aws-certified-solutions-architect-associate-saa-c03/
299	99676	868770	2024-02-27 12:54	/discussions/amazon/view/99676-exam-aws-certified-solutions-architect-associate-saa-c03/
300	99948	868771	2025-02-03 4:06	/discussions/amazon/view/99948-exam-aws-certified-solutions-architect-associate-saa-c03/
301	99659	868772	2024-11-20 6:19	/discussions/amazon/view/99659-exam-aws-certified-solutions-architect-associate-saa-c03/
302	99693	868773	2025-09-12 10:27	/discussions/amazon/view/99693-exam-aws-certified-solutions-architect-associate-saa-c03/
303	99813	868774	2025-01-18 10:25	/discussions/amazon/view/99813-exam-aws-certified-solutions-architect-associate-saa-c03/
304	99949	868775	2024-12-13 21:04	/discussions/amazon/view/99949-exam-aws-certified-solutions-architect-associate-saa-c03/
305	99809	868776	2024-12-31 13:01	/discussions/amazon/view/99809-exam-aws-certified-solutions-architect-associate-saa-c03/
306	99807	868777	2024-01-18 12:40	/discussions/amazon/view/99807-exam-aws-certified-solutions-architect-associate-saa-c03/
307	99611	868778	2024-10-05 9:03	/discussions/amazon/view/99611-exam-aws-certified-solutions-architect-associate-saa-c03/
308	99936	868779	2025-08-19 0:10	/discussions/amazon/view/99936-exam-aws-certified-solutions-architect-associate-saa-c03/
309	99803	868780	2024-09-10 6:37	/discussions/amazon/view/99803-exam-aws-certified-solutions-architect-associate-saa-c03/
310	99697	868781	2024-01-18 13:09	/discussions/amazon/view/99697-exam-aws-certified-solutions-architect-associate-saa-c03/
311	99627	868782	2024-07-26 16:28	/discussions/amazon/view/99627-exam-aws-certified-solutions-architect-associate-saa-c03/
312	99785	868783	2024-01-18 13:40	/discussions/amazon/view/99785-exam-aws-certified-solutions-architect-associate-saa-c03/
313	100130	868784	2024-02-07 19:46	/discussions/amazon/view/100130-exam-aws-certified-solutions-architect-associate-saa-c03/
314	99769	868785	2024-01-18 13:50	/discussions/amazon/view/99769-exam-aws-certified-solutions-architect-associate-saa-c03/
315	99808	868786	2025-01-21 9:57	/discussions/amazon/view/99808-exam-aws-certified-solutions-architect-associate-saa-c03/
316	99698	868787	2024-06-23 19:07	/discussions/amazon/view/99698-exam-aws-certified-solutions-architect-associate-saa-c03/
317	99817	868788	2024-01-18 13:57	/discussions/amazon/view/99817-exam-aws-certified-solutions-architect-associate-saa-c03/
318	99804	868789	2025-02-03 5:04	/discussions/amazon/view/99804-exam-aws-certified-solutions-architect-associate-saa-c03/
319	99628	868790	2023-12-29 15:22	/discussions/amazon/view/99628-exam-aws-certified-solutions-architect-associate-saa-c03/
320	99752	868791	2025-05-13 20:06	/discussions/amazon/view/99752-exam-aws-certified-solutions-architect-associate-saa-c03/
321	99685	868792	2024-01-03 18:09	/discussions/amazon/view/99685-exam-aws-certified-solutions-architect-associate-saa-c03/
322	99753	868793	2025-05-30 23:13	/discussions/amazon/view/99753-exam-aws-certified-solutions-architect-associate-saa-c03/
323	99699	868794	2023-10-11 6:12	/discussions/amazon/view/99699-exam-aws-certified-solutions-architect-associate-saa-c03/
324	99711	868795	2024-06-19 6:32	/discussions/amazon/view/99711-exam-aws-certified-solutions-architect-associate-saa-c03/
325	99754	868796	2024-12-09 17:40	/discussions/amazon/view/99754-exam-aws-certified-solutions-architect-associate-saa-c03/
326	99755	868797	2024-11-29 8:06	/discussions/amazon/view/99755-exam-aws-certified-solutions-architect-associate-saa-c03/
327	99795	868798	2024-02-26 22:01	/discussions/amazon/view/99795-exam-aws-certified-solutions-architect-associate-saa-c03/
328	99704	868799	2025-04-10 22:12	/discussions/amazon/view/99704-exam-aws-certified-solutions-architect-associate-saa-c03/
329	99796	868800	2024-01-03 18:57	/discussions/amazon/view/99796-exam-aws-certified-solutions-architect-associate-saa-c03/
330	99702	868801	2024-01-18 15:29	/discussions/amazon/view/99702-exam-aws-certified-solutions-architect-associate-saa-c03/
331	99603	868802	2024-01-03 19:03	/discussions/amazon/view/99603-exam-aws-certified-solutions-architect-associate-saa-c03/
332	99792	868803	2024-11-20 15:52	/discussions/amazon/view/99792-exam-aws-certified-solutions-architect-associate-saa-c03/
333	99791	868804	2023-10-12 5:30	/discussions/amazon/view/99791-exam-aws-certified-solutions-architect-associate-saa-c03/
334	99703	868805	2024-11-20 15:56	/discussions/amazon/view/99703-exam-aws-certified-solutions-architect-associate-saa-c03/
335	99686	868806	2024-11-29 8:52	/discussions/amazon/view/99686-exam-aws-certified-solutions-architect-associate-saa-c03/
336	99790	868807	2024-12-24 23:52	/discussions/amazon/view/99790-exam-aws-certified-solutions-architect-associate-saa-c03/
337	99871	868808	2024-11-20 16:03	/discussions/amazon/view/99871-exam-aws-certified-solutions-architect-associate-saa-c03/
338	99758	868809	2025-07-15 8:11	/discussions/amazon/view/99758-exam-aws-certified-solutions-architect-associate-saa-c03/
339	99705	868810	2024-11-20 16:12	/discussions/amazon/view/99705-exam-aws-certified-solutions-architect-associate-saa-c03/
340	99708	868811	2023-10-17 11:55	/discussions/amazon/view/99708-exam-aws-certified-solutions-architect-associate-saa-c03/
341	99710	868812	2025-06-25 5:28	/discussions/amazon/view/99710-exam-aws-certified-solutions-architect-associate-saa-c03/
342	100204	869471	2025-09-10 22:07	/discussions/amazon/view/100204-exam-aws-certified-solutions-architect-associate-saa-c03/
343	100302	869472	2023-12-25 17:09	/discussions/amazon/view/100302-exam-aws-certified-solutions-architect-associate-saa-c03/
344	100202	869473	2024-10-19 19:07	/discussions/amazon/view/100202-exam-aws-certified-solutions-architect-associate-saa-c03/
345	100341	869474	2024-12-08 5:36	/discussions/amazon/view/100341-exam-aws-certified-solutions-architect-associate-saa-c03/
346	100220	869475	2023-12-30 6:40	/discussions/amazon/view/100220-exam-aws-certified-solutions-architect-associate-saa-c03/
347	100221	869476	2024-06-01 5:01	/discussions/amazon/view/100221-exam-aws-certified-solutions-architect-associate-saa-c03/
348	100222	869477	2025-07-15 8:50	/discussions/amazon/view/100222-exam-aws-certified-solutions-architect-associate-saa-c03/
349	100299	869478	2024-11-20 16:37	/discussions/amazon/view/100299-exam-aws-certified-solutions-architect-associate-saa-c03/
350	100300	869479	2024-11-10 3:01	/discussions/amazon/view/100300-exam-aws-certified-solutions-architect-associate-saa-c03/
351	100371	869480	2024-03-21 9:36	/discussions/amazon/view/100371-exam-aws-certified-solutions-architect-associate-saa-c03/
352	100197	869481	2024-11-08 21:34	/discussions/amazon/view/100197-exam-aws-certified-solutions-architect-associate-saa-c03/
353	100225	869482	2024-12-18 11:23	/discussions/amazon/view/100225-exam-aws-certified-solutions-architect-associate-saa-c03/
354	100198	869483	2024-11-20 16:53	/discussions/amazon/view/100198-exam-aws-certified-solutions-architect-associate-saa-c03/
355	100227	869484	2025-08-08 17:06	/discussions/amazon/view/100227-exam-aws-certified-solutions-architect-associate-saa-c03/
356	100229	869485	2024-11-08 22:24	/discussions/amazon/view/100229-exam-aws-certified-solutions-architect-associate-saa-c03/
357	100230	869486	2024-11-08 22:34	/discussions/amazon/view/100230-exam-aws-certified-solutions-architect-associate-saa-c03/
358	100231	869487	2023-12-30 12:10	/discussions/amazon/view/100231-exam-aws-certified-solutions-architect-associate-saa-c03/
359	100232	869488	2023-12-30 12:13	/discussions/amazon/view/100232-exam-aws-certified-solutions-architect-associate-saa-c03/
360	100238	869489	2025-02-04 1:31	/discussions/amazon/view/100238-exam-aws-certified-solutions-architect-associate-saa-c03/
361	102119	873732	2025-09-20 23:05	/discussions/amazon/view/102119-exam-aws-certified-solutions-architect-associate-saa-c03/
362	102121	873733	2025-04-16 9:43	/discussions/amazon/view/102121-exam-aws-certified-solutions-architect-associate-saa-c03/
363	102124	873734	2024-12-02 1:59	/discussions/amazon/view/102124-exam-aws-certified-solutions-architect-associate-saa-c03/
364	102125	873735	2025-09-03 10:38	/discussions/amazon/view/102125-exam-aws-certified-solutions-architect-associate-saa-c03/
365	102127	873736	2024-03-03 17:56	/discussions/amazon/view/102127-exam-aws-certified-solutions-architect-associate-saa-c03/
366	102128	873737	2025-01-22 16:53	/discussions/amazon/view/102128-exam-aws-certified-solutions-architect-associate-saa-c03/
367	102131	873738	2024-11-20 17:37	/discussions/amazon/view/102131-exam-aws-certified-solutions-architect-associate-saa-c03/
368	102132	873739	2025-01-22 17:13	/discussions/amazon/view/102132-exam-aws-certified-solutions-architect-associate-saa-c03/
369	102133	873740	2025-04-16 10:10	/discussions/amazon/view/102133-exam-aws-certified-solutions-architect-associate-saa-c03/
370	102134	873741	2024-05-09 9:42	/discussions/amazon/view/102134-exam-aws-certified-solutions-architect-associate-saa-c03/
371	102135	873742	2025-09-13 22:03	/discussions/amazon/view/102135-exam-aws-certified-solutions-architect-associate-saa-c03/
372	102136	873743	2024-12-18 13:44	/discussions/amazon/view/102136-exam-aws-certified-solutions-architect-associate-saa-c03/
373	102137	873744	2025-07-15 12:57	/discussions/amazon/view/102137-exam-aws-certified-solutions-architect-associate-saa-c03/
374	102138	873745	2024-01-24 15:57	/discussions/amazon/view/102138-exam-aws-certified-solutions-architect-associate-saa-c03/
375	102139	873746	2023-10-18 6:08	/discussions/amazon/view/102139-exam-aws-certified-solutions-architect-associate-saa-c03/
376	102140	873747	2023-10-18 6:11	/discussions/amazon/view/102140-exam-aws-certified-solutions-architect-associate-saa-c03/
377	102142	873748	2024-11-30 6:30	/discussions/amazon/view/102142-exam-aws-certified-solutions-architect-associate-saa-c03/
378	102143	873749	2025-09-22 16:46	/discussions/amazon/view/102143-exam-aws-certified-solutions-architect-associate-saa-c03/
379	102144	873750	2023-10-18 6:23	/discussions/amazon/view/102144-exam-aws-certified-solutions-architect-associate-saa-c03/
380	102145	873751	2024-08-04 17:46	/discussions/amazon/view/102145-exam-aws-certified-solutions-architect-associate-saa-c03/
381	102147	873752	2025-11-06 17:30	/discussions/amazon/view/102147-exam-aws-certified-solutions-architect-associate-saa-c03/
382	102149	873753	2023-10-19 5:32	/discussions/amazon/view/102149-exam-aws-certified-solutions-architect-associate-saa-c03/
383	102150	873754	2024-11-21 5:12	/discussions/amazon/view/102150-exam-aws-certified-solutions-architect-associate-saa-c03/
384	102152	873755	2024-11-12 23:11	/discussions/amazon/view/102152-exam-aws-certified-solutions-architect-associate-saa-c03/
385	102153	873756	2024-02-27 13:26	/discussions/amazon/view/102153-exam-aws-certified-solutions-architect-associate-saa-c03/
386	102154	873757	2025-04-16 13:16	/discussions/amazon/view/102154-exam-aws-certified-solutions-architect-associate-saa-c03/
387	102155	873758	2024-01-22 15:19	/discussions/amazon/view/102155-exam-aws-certified-solutions-architect-associate-saa-c03/
388	102156	873759	2024-03-25 16:16	/discussions/amazon/view/102156-exam-aws-certified-solutions-architect-associate-saa-c03/
389	102157	873760	2024-01-04 15:06	/discussions/amazon/view/102157-exam-aws-certified-solutions-architect-associate-saa-c03/
390	102213	873761	2025-11-26 17:16	/discussions/amazon/view/102213-exam-aws-certified-solutions-architect-associate-saa-c03/
391	102212	873762	2025-09-15 18:03	/discussions/amazon/view/102212-exam-aws-certified-solutions-architect-associate-saa-c03/
392	102160	873763	2025-05-09 17:40	/discussions/amazon/view/102160-exam-aws-certified-solutions-architect-associate-saa-c03/
393	102322	873764	2023-10-23 5:47	/discussions/amazon/view/102322-exam-aws-certified-solutions-architect-associate-saa-c03/
394	102161	873765	2025-09-04 13:07	/discussions/amazon/view/102161-exam-aws-certified-solutions-architect-associate-saa-c03/
395	102162	873766	2025-04-16 13:43	/discussions/amazon/view/102162-exam-aws-certified-solutions-architect-associate-saa-c03/
396	102164	873767	2024-01-18 21:55	/discussions/amazon/view/102164-exam-aws-certified-solutions-architect-associate-saa-c03/
397	102165	873768	2024-01-05 23:01	/discussions/amazon/view/102165-exam-aws-certified-solutions-architect-associate-saa-c03/
398	102166	873769	2023-08-30 16:48	/discussions/amazon/view/102166-exam-aws-certified-solutions-architect-associate-saa-c03/
399	102167	873770	2023-08-30 14:28	/discussions/amazon/view/102167-exam-aws-certified-solutions-architect-associate-saa-c03/
400	102169	873771	2025-04-16 13:53	/discussions/amazon/view/102169-exam-aws-certified-solutions-architect-associate-saa-c03/
401	102170	873772	2023-12-31 8:29	/discussions/amazon/view/102170-exam-aws-certified-solutions-architect-associate-saa-c03/
402	102175	873773	2025-07-22 18:41	/discussions/amazon/view/102175-exam-aws-certified-solutions-architect-associate-saa-c03/
403	102178	873774	2024-08-28 14:55	/discussions/amazon/view/102178-exam-aws-certified-solutions-architect-associate-saa-c03/
404	102180	873775	2024-11-21 6:38	/discussions/amazon/view/102180-exam-aws-certified-solutions-architect-associate-saa-c03/
405	102181	873776	2025-05-01 7:54	/discussions/amazon/view/102181-exam-aws-certified-solutions-architect-associate-saa-c03/
406	102183	873777	2025-02-20 22:31	/discussions/amazon/view/102183-exam-aws-certified-solutions-architect-associate-saa-c03/
407	102184	873778	2025-04-24 7:17	/discussions/amazon/view/102184-exam-aws-certified-solutions-architect-associate-saa-c03/
408	102185	873779	2024-04-15 14:59	/discussions/amazon/view/102185-exam-aws-certified-solutions-architect-associate-saa-c03/
409	102186	873780	2025-04-24 7:28	/discussions/amazon/view/102186-exam-aws-certified-solutions-architect-associate-saa-c03/
410	102187	873781	2023-10-28 16:42	/discussions/amazon/view/102187-exam-aws-certified-solutions-architect-associate-saa-c03/
411	102188	873782	2023-12-31 10:30	/discussions/amazon/view/102188-exam-aws-certified-solutions-architect-associate-saa-c03/
412	102189	873783	2024-11-21 6:53	/discussions/amazon/view/102189-exam-aws-certified-solutions-architect-associate-saa-c03/
413	102190	873784	2024-04-13 21:48	/discussions/amazon/view/102190-exam-aws-certified-solutions-architect-associate-saa-c03/
414	103452	875392	2025-01-20 2:14	/discussions/amazon/view/103452-exam-aws-certified-solutions-architect-associate-saa-c03/
415	103404	875393	2023-08-28 14:35	/discussions/amazon/view/103404-exam-aws-certified-solutions-architect-associate-saa-c03/
416	103423	875394	2025-12-23 20:14	/discussions/amazon/view/103423-exam-aws-certified-solutions-architect-associate-saa-c03/
417	103598	875395	2024-09-12 8:55	/discussions/amazon/view/103598-exam-aws-certified-solutions-architect-associate-saa-c03/
418	103585	875396	2025-03-27 16:23	/discussions/amazon/view/103585-exam-aws-certified-solutions-architect-associate-saa-c03/
419	109268	883553	2025-04-21 4:15	/discussions/amazon/view/109268-exam-aws-certified-solutions-architect-associate-saa-c03/
420	109269	883554	2024-09-12 9:07	/discussions/amazon/view/109269-exam-aws-certified-solutions-architect-associate-saa-c03/
421	109270	883555	2025-05-23 9:57	/discussions/amazon/view/109270-exam-aws-certified-solutions-architect-associate-saa-c03/
422	109280	883556	2024-06-01 3:22	/discussions/amazon/view/109280-exam-aws-certified-solutions-architect-associate-saa-c03/
423	109281	883557	2024-03-07 11:07	/discussions/amazon/view/109281-exam-aws-certified-solutions-architect-associate-saa-c03/
424	109283	883558	2025-11-07 19:50	/discussions/amazon/view/109283-exam-aws-certified-solutions-architect-associate-saa-c03/
425	109282	883559	2024-12-03 9:28	/discussions/amazon/view/109282-exam-aws-certified-solutions-architect-associate-saa-c03/
426	109278	883560	2025-01-04 2:19	/discussions/amazon/view/109278-exam-aws-certified-solutions-architect-associate-saa-c03/
427	109279	883561	2024-06-16 7:19	/discussions/amazon/view/109279-exam-aws-certified-solutions-architect-associate-saa-c03/
428	109285	883562	2024-06-16 7:22	/discussions/amazon/view/109285-exam-aws-certified-solutions-architect-associate-saa-c03/
429	109286	883563	2024-06-16 7:30	/discussions/amazon/view/109286-exam-aws-certified-solutions-architect-associate-saa-c03/
430	109288	883564	2024-01-18 23:56	/discussions/amazon/view/109288-exam-aws-certified-solutions-architect-associate-saa-c03/
431	109274	883565	2024-01-07 12:38	/discussions/amazon/view/109274-exam-aws-certified-solutions-architect-associate-saa-c03/
432	109291	883566	2025-01-19 15:05	/discussions/amazon/view/109291-exam-aws-certified-solutions-architect-associate-saa-c03/
433	109384	883567	2024-01-07 14:01	/discussions/amazon/view/109384-exam-aws-certified-solutions-architect-associate-saa-c03/
434	109294	883568	2025-06-29 5:43	/discussions/amazon/view/109294-exam-aws-certified-solutions-architect-associate-saa-c03/
435	109377	883569	2024-04-22 14:39	/discussions/amazon/view/109377-exam-aws-certified-solutions-architect-associate-saa-c03/
436	109277	883570	2025-01-19 0:56	/discussions/amazon/view/109277-exam-aws-certified-solutions-architect-associate-saa-c03/
437	109378	883571	2025-01-19 15:12	/discussions/amazon/view/109378-exam-aws-certified-solutions-architect-associate-saa-c03/
438	109398	883572	2024-12-03 10:46	/discussions/amazon/view/109398-exam-aws-certified-solutions-architect-associate-saa-c03/
439	109400	883573	2025-02-21 0:51	/discussions/amazon/view/109400-exam-aws-certified-solutions-architect-associate-saa-c03/
440	109297	883574	2025-05-01 12:28	/discussions/amazon/view/109297-exam-aws-certified-solutions-architect-associate-saa-c03/
441	109423	883575	2024-01-07 15:07	/discussions/amazon/view/109423-exam-aws-certified-solutions-architect-associate-saa-c03/
442	109647	883576	2024-06-01 21:36	/discussions/amazon/view/109647-exam-aws-certified-solutions-architect-associate-saa-c03/
443	109424	883577	2025-11-07 16:30	/discussions/amazon/view/109424-exam-aws-certified-solutions-architect-associate-saa-c03/
444	109426	883578	2024-04-17 0:06	/discussions/amazon/view/109426-exam-aws-certified-solutions-architect-associate-saa-c03/
445	109403	883579	2025-02-03 11:47	/discussions/amazon/view/109403-exam-aws-certified-solutions-architect-associate-saa-c03/
446	109404	883580	2025-08-10 15:43	/discussions/amazon/view/109404-exam-aws-certified-solutions-architect-associate-saa-c03/
447	109405	883581	2024-09-13 8:22	/discussions/amazon/view/109405-exam-aws-certified-solutions-architect-associate-saa-c03/
448	109499	883582	2025-02-08 0:09	/discussions/amazon/view/109499-exam-aws-certified-solutions-architect-associate-saa-c03/
449	109432	883583	2024-01-07 16:43	/discussions/amazon/view/109432-exam-aws-certified-solutions-architect-associate-saa-c03/
450	109406	883584	2025-04-20 23:39	/discussions/amazon/view/109406-exam-aws-certified-solutions-architect-associate-saa-c03/
451	109408	883585	2024-01-19 9:46	/discussions/amazon/view/109408-exam-aws-certified-solutions-architect-associate-saa-c03/
452	109521	883586	2024-11-22 15:24	/discussions/amazon/view/109521-exam-aws-certified-solutions-architect-associate-saa-c03/
453	109410	883587	2024-11-07 23:26	/discussions/amazon/view/109410-exam-aws-certified-solutions-architect-associate-saa-c03/
454	109433	883588	2024-11-07 23:37	/discussions/amazon/view/109433-exam-aws-certified-solutions-architect-associate-saa-c03/
455	109522	883589	2024-12-08 2:56	/discussions/amazon/view/109522-exam-aws-certified-solutions-architect-associate-saa-c03/
456	109523	883590	2024-11-06 14:30	/discussions/amazon/view/109523-exam-aws-certified-solutions-architect-associate-saa-c03/
457	109524	883591	2024-11-07 23:49	/discussions/amazon/view/109524-exam-aws-certified-solutions-architect-associate-saa-c03/
458	109435	883592	2025-07-05 0:51	/discussions/amazon/view/109435-exam-aws-certified-solutions-architect-associate-saa-c03/
459	109440	883593	2024-01-07 22:17	/discussions/amazon/view/109440-exam-aws-certified-solutions-architect-associate-saa-c03/
460	109525	883594	2024-08-05 17:55	/discussions/amazon/view/109525-exam-aws-certified-solutions-architect-associate-saa-c03/
461	109446	883595	2024-04-17 10:58	/discussions/amazon/view/109446-exam-aws-certified-solutions-architect-associate-saa-c03/
462	109653	883596	2024-01-16 23:26	/discussions/amazon/view/109653-exam-aws-certified-solutions-architect-associate-saa-c03/
463	109501	883597	2025-07-05 1:10	/discussions/amazon/view/109501-exam-aws-certified-solutions-architect-associate-saa-c03/
464	109449	883598	2023-08-23 20:41	/discussions/amazon/view/109449-exam-aws-certified-solutions-architect-associate-saa-c03/
465	109655	883599	2025-07-16 16:42	/discussions/amazon/view/109655-exam-aws-certified-solutions-architect-associate-saa-c03/
466	109450	883600	2023-08-23 20:28	/discussions/amazon/view/109450-exam-aws-certified-solutions-architect-associate-saa-c03/
467	109485	883601	2024-10-17 13:31	/discussions/amazon/view/109485-exam-aws-certified-solutions-architect-associate-saa-c03/
468	109451	883602	2024-09-14 1:37	/discussions/amazon/view/109451-exam-aws-certified-solutions-architect-associate-saa-c03/
469	109452	883603	2025-08-10 23:46	/discussions/amazon/view/109452-exam-aws-certified-solutions-architect-associate-saa-c03/
470	109334	883604	2024-09-14 1:42	/discussions/amazon/view/109334-exam-aws-certified-solutions-architect-associate-saa-c03/
471	109453	883605	2024-03-07 17:56	/discussions/amazon/view/109453-exam-aws-certified-solutions-architect-associate-saa-c03/
472	109454	883606	2024-04-20 22:15	/discussions/amazon/view/109454-exam-aws-certified-solutions-architect-associate-saa-c03/
473	109455	883607	2023-08-23 19:50	/discussions/amazon/view/109455-exam-aws-certified-solutions-architect-associate-saa-c03/
474	109659	883608	2023-11-05 20:42	/discussions/amazon/view/109659-exam-aws-certified-solutions-architect-associate-saa-c03/
475	109456	883609	2024-04-20 22:47	/discussions/amazon/view/109456-exam-aws-certified-solutions-architect-associate-saa-c03/
476	109458	883610	2024-09-14 2:04	/discussions/amazon/view/109458-exam-aws-certified-solutions-architect-associate-saa-c03/
477	109459	883611	2024-05-23 8:27	/discussions/amazon/view/109459-exam-aws-certified-solutions-architect-associate-saa-c03/
478	109725	883612	2025-06-06 2:16	/discussions/amazon/view/109725-exam-aws-certified-solutions-architect-associate-saa-c03/
479	109461	883613	2024-09-14 2:24	/discussions/amazon/view/109461-exam-aws-certified-solutions-architect-associate-saa-c03/
480	109663	883614	2025-02-21 1:55	/discussions/amazon/view/109663-exam-aws-certified-solutions-architect-associate-saa-c03/
481	109462	883615	2024-04-08 7:34	/discussions/amazon/view/109462-exam-aws-certified-solutions-architect-associate-saa-c03/
482	109490	883616	2025-09-17 22:01	/discussions/amazon/view/109490-exam-aws-certified-solutions-architect-associate-saa-c03/
483	109463	883617	2025-05-01 13:47	/discussions/amazon/view/109463-exam-aws-certified-solutions-architect-associate-saa-c03/
484	109467	883618	2023-08-23 17:52	/discussions/amazon/view/109467-exam-aws-certified-solutions-architect-associate-saa-c03/
485	109470	883619	2024-02-26 19:45	/discussions/amazon/view/109470-exam-aws-certified-solutions-architect-associate-saa-c03/
486	109664	883620	2023-12-07 12:56	/discussions/amazon/view/109664-exam-aws-certified-solutions-architect-associate-saa-c03/
487	109665	883621	2024-12-24 8:50	/discussions/amazon/view/109665-exam-aws-certified-solutions-architect-associate-saa-c03/
488	109509	883622	2023-11-05 21:26	/discussions/amazon/view/109509-exam-aws-certified-solutions-architect-associate-saa-c03/
489	109637	883623	2024-01-16 4:11	/discussions/amazon/view/109637-exam-aws-certified-solutions-architect-associate-saa-c03/
490	109577	883624	2025-07-18 12:02	/discussions/amazon/view/109577-exam-aws-certified-solutions-architect-associate-saa-c03/
491	109513	883625	2025-08-20 20:04	/discussions/amazon/view/109513-exam-aws-certified-solutions-architect-associate-saa-c03/
492	109638	883626	2024-01-16 23:29	/discussions/amazon/view/109638-exam-aws-certified-solutions-architect-associate-saa-c03/
493	109639	883627	2023-10-29 10:37	/discussions/amazon/view/109639-exam-aws-certified-solutions-architect-associate-saa-c03/
494	109727	883628	2024-12-06 9:30	/discussions/amazon/view/109727-exam-aws-certified-solutions-architect-associate-saa-c03/
495	109666	883629	2023-08-23 16:40	/discussions/amazon/view/109666-exam-aws-certified-solutions-architect-associate-saa-c03/
496	109552	883630	2024-04-25 14:58	/discussions/amazon/view/109552-exam-aws-certified-solutions-architect-associate-saa-c03/
497	109667	883631	2023-08-23 15:07	/discussions/amazon/view/109667-exam-aws-certified-solutions-architect-associate-saa-c03/
498	109668	883632	2023-08-23 15:04	/discussions/amazon/view/109668-exam-aws-certified-solutions-architect-associate-saa-c03/
499	109515	883633	2024-02-26 20:52	/discussions/amazon/view/109515-exam-aws-certified-solutions-architect-associate-saa-c03/
500	109689	883634	2024-01-01 9:20	/discussions/amazon/view/109689-exam-aws-certified-solutions-architect-associate-saa-c03/
501	109421	883635	2025-08-20 21:28	/discussions/amazon/view/109421-exam-aws-certified-solutions-architect-associate-saa-c03/
502	109420	883636	2025-08-11 9:52	/discussions/amazon/view/109420-exam-aws-certified-solutions-architect-associate-saa-c03/
503	109595	883637	2024-01-10 14:06	/discussions/amazon/view/109595-exam-aws-certified-solutions-architect-associate-saa-c03/
504	109690	883638	2023-11-09 7:30	/discussions/amazon/view/109690-exam-aws-certified-solutions-architect-associate-saa-c03/
505	109691	883639	2024-04-18 19:37	/discussions/amazon/view/109691-exam-aws-certified-solutions-architect-associate-saa-c03/
506	109692	883640	2024-03-28 0:25	/discussions/amazon/view/109692-exam-aws-certified-solutions-architect-associate-saa-c03/
507	109608	883641	2025-09-18 21:57	/discussions/amazon/view/109608-exam-aws-certified-solutions-architect-associate-saa-c03/
508	109530	883642	2023-10-03 9:41	/discussions/amazon/view/109530-exam-aws-certified-solutions-architect-associate-saa-c03/
509	109531	883643	2025-02-06 9:04	/discussions/amazon/view/109531-exam-aws-certified-solutions-architect-associate-saa-c03/
510	109708	883644	2025-08-20 22:13	/discussions/amazon/view/109708-exam-aws-certified-solutions-architect-associate-saa-c03/
511	109532	883645	2025-01-22 3:58	/discussions/amazon/view/109532-exam-aws-certified-solutions-architect-associate-saa-c03/
512	109709	883646	2024-06-25 4:48	/discussions/amazon/view/109709-exam-aws-certified-solutions-architect-associate-saa-c03/
513	109713	883647	2025-02-05 14:32	/discussions/amazon/view/109713-exam-aws-certified-solutions-architect-associate-saa-c03/
514	109534	883648	2025-05-02 12:00	/discussions/amazon/view/109534-exam-aws-certified-solutions-architect-associate-saa-c03/
515	109535	883649	2025-05-24 19:22	/discussions/amazon/view/109535-exam-aws-certified-solutions-architect-associate-saa-c03/
516	109719	883650	2024-12-07 4:15	/discussions/amazon/view/109719-exam-aws-certified-solutions-architect-associate-saa-c03/
517	109536	883651	2024-08-04 20:05	/discussions/amazon/view/109536-exam-aws-certified-solutions-architect-associate-saa-c03/
518	109721	883652	2024-06-25 4:57	/discussions/amazon/view/109721-exam-aws-certified-solutions-architect-associate-saa-c03/
519	109722	883653	2024-11-23 6:00	/discussions/amazon/view/109722-exam-aws-certified-solutions-architect-associate-saa-c03/
520	109539	883654	2024-12-25 11:08	/discussions/amazon/view/109539-exam-aws-certified-solutions-architect-associate-saa-c03/
521	109703	883655	2024-06-16 21:52	/discussions/amazon/view/109703-exam-aws-certified-solutions-architect-associate-saa-c03/
522	109702	883656	2023-10-29 14:05	/discussions/amazon/view/109702-exam-aws-certified-solutions-architect-associate-saa-c03/
523	109701	883657	2025-07-23 20:22	/discussions/amazon/view/109701-exam-aws-certified-solutions-architect-associate-saa-c03/
524	111425	885795	2025-07-19 21:21	/discussions/amazon/view/111425-exam-aws-certified-solutions-architect-associate-saa-c03/
525	111278	885796	2024-01-10 22:24	/discussions/amazon/view/111278-exam-aws-certified-solutions-architect-associate-saa-c03/
526	111245	885797	2025-05-02 12:34	/discussions/amazon/view/111245-exam-aws-certified-solutions-architect-associate-saa-c03/
527	111428	885798	2024-11-23 6:20	/discussions/amazon/view/111428-exam-aws-certified-solutions-architect-associate-saa-c03/
528	111317	885799	2024-04-30 13:20	/discussions/amazon/view/111317-exam-aws-certified-solutions-architect-associate-saa-c03/
529	111246	885800	2025-08-11 21:39	/discussions/amazon/view/111246-exam-aws-certified-solutions-architect-associate-saa-c03/
530	111271	885801	2024-01-10 22:42	/discussions/amazon/view/111271-exam-aws-certified-solutions-architect-associate-saa-c03/
531	111430	885802	2024-06-29 14:38	/discussions/amazon/view/111430-exam-aws-certified-solutions-architect-associate-saa-c03/
532	111382	885803	2024-12-07 14:09	/discussions/amazon/view/111382-exam-aws-certified-solutions-architect-associate-saa-c03/
533	111432	885804	2024-12-07 14:12	/discussions/amazon/view/111432-exam-aws-certified-solutions-architect-associate-saa-c03/
534	111434	885805	2024-12-07 14:29	/discussions/amazon/view/111434-exam-aws-certified-solutions-architect-associate-saa-c03/
535	111385	885806	2025-01-23 1:02	/discussions/amazon/view/111385-exam-aws-certified-solutions-architect-associate-saa-c03/
536	111435	885807	2025-12-21 11:55	/discussions/amazon/view/111435-exam-aws-certified-solutions-architect-associate-saa-c03/
537	111386	885808	2025-02-07 1:28	/discussions/amazon/view/111386-exam-aws-certified-solutions-architect-associate-saa-c03/
538	111387	885809	2024-01-10 23:18	/discussions/amazon/view/111387-exam-aws-certified-solutions-architect-associate-saa-c03/
539	111301	885810	2025-07-20 22:54	/discussions/amazon/view/111301-exam-aws-certified-solutions-architect-associate-saa-c03/
540	111439	885811	2024-12-08 5:07	/discussions/amazon/view/111439-exam-aws-certified-solutions-architect-associate-saa-c03/
541	111440	885812	2024-06-25 5:18	/discussions/amazon/view/111440-exam-aws-certified-solutions-architect-associate-saa-c03/
542	111441	885813	2024-02-20 17:49	/discussions/amazon/view/111441-exam-aws-certified-solutions-architect-associate-saa-c03/
543	111442	885814	2025-08-21 19:18	/discussions/amazon/view/111442-exam-aws-certified-solutions-architect-associate-saa-c03/
544	111450	885815	2025-07-13 3:59	/discussions/amazon/view/111450-exam-aws-certified-solutions-architect-associate-saa-c03/
545	116974	892824	2024-11-10 21:23	/discussions/amazon/view/116974-exam-aws-certified-solutions-architect-associate-saa-c03/
546	116975	892825	2024-01-10 23:58	/discussions/amazon/view/116975-exam-aws-certified-solutions-architect-associate-saa-c03/
547	116976	892826	2024-06-29 23:06	/discussions/amazon/view/116976-exam-aws-certified-solutions-architect-associate-saa-c03/
548	116977	892827	2025-02-07 5:01	/discussions/amazon/view/116977-exam-aws-certified-solutions-architect-associate-saa-c03/
549	116978	892828	2024-01-11 0:07	/discussions/amazon/view/116978-exam-aws-certified-solutions-architect-associate-saa-c03/
550	116979	892829	2024-05-01 21:07	/discussions/amazon/view/116979-exam-aws-certified-solutions-architect-associate-saa-c03/
551	116896	892830	2025-04-24 18:06	/discussions/amazon/view/116896-exam-aws-certified-solutions-architect-associate-saa-c03/
552	116897	892831	2023-11-20 8:06	/discussions/amazon/view/116897-exam-aws-certified-solutions-architect-associate-saa-c03/
553	117206	892832	2024-01-11 19:27	/discussions/amazon/view/117206-exam-aws-certified-solutions-architect-associate-saa-c03/
554	117442	892833	2024-12-08 6:23	/discussions/amazon/view/117442-exam-aws-certified-solutions-architect-associate-saa-c03/
555	116983	892834	2024-01-11 19:36	/discussions/amazon/view/116983-exam-aws-certified-solutions-architect-associate-saa-c03/
556	117434	892835	2024-01-24 16:04	/discussions/amazon/view/117434-exam-aws-certified-solutions-architect-associate-saa-c03/
557	117344	892836	2024-01-24 17:00	/discussions/amazon/view/117344-exam-aws-certified-solutions-architect-associate-saa-c03/
558	117053	892837	2023-11-20 8:46	/discussions/amazon/view/117053-exam-aws-certified-solutions-architect-associate-saa-c03/
559	117403	892838	2024-10-31 1:23	/discussions/amazon/view/117403-exam-aws-certified-solutions-architect-associate-saa-c03/
560	117021	892839	2025-08-21 20:08	/discussions/amazon/view/117021-exam-aws-certified-solutions-architect-associate-saa-c03/
561	117022	892840	2024-04-19 18:44	/discussions/amazon/view/117022-exam-aws-certified-solutions-architect-associate-saa-c03/
562	117251	892841	2025-08-12 12:06	/discussions/amazon/view/117251-exam-aws-certified-solutions-architect-associate-saa-c03/
563	117023	892842	2024-11-10 17:23	/discussions/amazon/view/117023-exam-aws-certified-solutions-architect-associate-saa-c03/
564	117024	892843	2025-08-12 12:40	/discussions/amazon/view/117024-exam-aws-certified-solutions-architect-associate-saa-c03/
565	117025	892844	2024-01-11 22:29	/discussions/amazon/view/117025-exam-aws-certified-solutions-architect-associate-saa-c03/
566	116902	892845	2024-08-07 10:51	/discussions/amazon/view/116902-exam-aws-certified-solutions-architect-associate-saa-c03/
567	117026	892846	2024-08-29 5:55	/discussions/amazon/view/117026-exam-aws-certified-solutions-architect-associate-saa-c03/
568	117027	892847	2024-06-27 2:58	/discussions/amazon/view/117027-exam-aws-certified-solutions-architect-associate-saa-c03/
569	117377	892848	2024-01-11 22:40	/discussions/amazon/view/117377-exam-aws-certified-solutions-architect-associate-saa-c03/
570	116903	892849	2024-05-02 16:49	/discussions/amazon/view/116903-exam-aws-certified-solutions-architect-associate-saa-c03/
571	116904	892850	2024-06-30 1:37	/discussions/amazon/view/116904-exam-aws-certified-solutions-architect-associate-saa-c03/
572	117029	892851	2024-06-30 1:43	/discussions/amazon/view/117029-exam-aws-certified-solutions-architect-associate-saa-c03/
573	116925	892852	2024-01-11 23:07	/discussions/amazon/view/116925-exam-aws-certified-solutions-architect-associate-saa-c03/
574	117272	892853	2024-12-09 10:27	/discussions/amazon/view/117272-exam-aws-certified-solutions-architect-associate-saa-c03/
575	116969	892854	2024-09-16 7:54	/discussions/amazon/view/116969-exam-aws-certified-solutions-architect-associate-saa-c03/
576	116906	892855	2023-11-22 11:48	/discussions/amazon/view/116906-exam-aws-certified-solutions-architect-associate-saa-c03/
577	117037	892856	2024-01-11 23:17	/discussions/amazon/view/117037-exam-aws-certified-solutions-architect-associate-saa-c03/
578	117038	892857	2024-09-16 8:01	/discussions/amazon/view/117038-exam-aws-certified-solutions-architect-associate-saa-c03/
579	116924	892858	2024-01-02 8:18	/discussions/amazon/view/116924-exam-aws-certified-solutions-architect-associate-saa-c03/
580	117663	892859	2023-11-22 11:59	/discussions/amazon/view/117663-exam-aws-certified-solutions-architect-associate-saa-c03/
581	116968	892860	2025-05-02 16:09	/discussions/amazon/view/116968-exam-aws-certified-solutions-architect-associate-saa-c03/
582	118597	892861	2024-01-11 23:33	/discussions/amazon/view/118597-exam-aws-certified-solutions-architect-associate-saa-c03/
583	117215	892862	2024-11-23 17:09	/discussions/amazon/view/117215-exam-aws-certified-solutions-architect-associate-saa-c03/
584	119485	894667	2024-06-30 2:22	/discussions/amazon/view/119485-exam-aws-certified-solutions-architect-associate-saa-c03/
585	119642	894668	2024-12-20 9:10	/discussions/amazon/view/119642-exam-aws-certified-solutions-architect-associate-saa-c03/
586	119645	894669	2024-06-30 2:29	/discussions/amazon/view/119645-exam-aws-certified-solutions-architect-associate-saa-c03/
587	119576	894670	2025-01-23 3:49	/discussions/amazon/view/119576-exam-aws-certified-solutions-architect-associate-saa-c03/
588	119718	894671	2024-09-16 8:52	/discussions/amazon/view/119718-exam-aws-certified-solutions-architect-associate-saa-c03/
589	119487	894672	2024-06-30 2:45	/discussions/amazon/view/119487-exam-aws-certified-solutions-architect-associate-saa-c03/
590	119719	894673	2023-11-24 8:40	/discussions/amazon/view/119719-exam-aws-certified-solutions-architect-associate-saa-c03/
591	119574	894674	2024-06-30 2:51	/discussions/amazon/view/119574-exam-aws-certified-solutions-architect-associate-saa-c03/
592	119573	894675	2023-11-24 8:58	/discussions/amazon/view/119573-exam-aws-certified-solutions-architect-associate-saa-c03/
593	119572	894676	2025-12-18 10:21	/discussions/amazon/view/119572-exam-aws-certified-solutions-architect-associate-saa-c03/
594	119570	894677	2024-01-12 0:12	/discussions/amazon/view/119570-exam-aws-certified-solutions-architect-associate-saa-c03/
595	119569	894678	2023-11-24 9:24	/discussions/amazon/view/119569-exam-aws-certified-solutions-architect-associate-saa-c03/
596	119590	894679	2024-01-02 10:41	/discussions/amazon/view/119590-exam-aws-certified-solutions-architect-associate-saa-c03/
597	119465	894680	2024-06-30 3:04	/discussions/amazon/view/119465-exam-aws-certified-solutions-architect-associate-saa-c03/
598	119563	894681	2024-11-23 17:52	/discussions/amazon/view/119563-exam-aws-certified-solutions-architect-associate-saa-c03/
599	119530	894682	2025-01-23 4:31	/discussions/amazon/view/119530-exam-aws-certified-solutions-architect-associate-saa-c03/
600	121205	896151	2024-01-12 0:32	/discussions/amazon/view/121205-exam-aws-certified-solutions-architect-associate-saa-c03/
601	121210	896152	2024-11-23 18:02	/discussions/amazon/view/121210-exam-aws-certified-solutions-architect-associate-saa-c03/
602	121212	896153	2024-12-10 9:29	/discussions/amazon/view/121212-exam-aws-certified-solutions-architect-associate-saa-c03/
603	121211	896154	2025-01-23 4:46	/discussions/amazon/view/121211-exam-aws-certified-solutions-architect-associate-saa-c03/
604	121186	896155	2024-08-19 13:03	/discussions/amazon/view/121186-exam-aws-certified-solutions-architect-associate-saa-c03/
605	121170	896156	2024-01-12 10:16	/discussions/amazon/view/121170-exam-aws-certified-solutions-architect-associate-saa-c03/
606	121214	896157	2024-09-16 18:45	/discussions/amazon/view/121214-exam-aws-certified-solutions-architect-associate-saa-c03/
607	121215	896158	2024-01-20 4:35	/discussions/amazon/view/121215-exam-aws-certified-solutions-architect-associate-saa-c03/
608	121216	896159	2024-04-10 8:28	/discussions/amazon/view/121216-exam-aws-certified-solutions-architect-associate-saa-c03/
609	121162	896160	2024-06-30 3:49	/discussions/amazon/view/121162-exam-aws-certified-solutions-architect-associate-saa-c03/
610	121217	896161	2025-02-08 6:09	/discussions/amazon/view/121217-exam-aws-certified-solutions-architect-associate-saa-c03/
611	121218	896162	2025-02-08 6:35	/discussions/amazon/view/121218-exam-aws-certified-solutions-architect-associate-saa-c03/
612	121159	896163	2024-01-20 4:47	/discussions/amazon/view/121159-exam-aws-certified-solutions-architect-associate-saa-c03/
613	121158	896164	2024-06-17 1:27	/discussions/amazon/view/121158-exam-aws-certified-solutions-architect-associate-saa-c03/
614	121157	896165	2025-05-22 23:27	/discussions/amazon/view/121157-exam-aws-certified-solutions-architect-associate-saa-c03/
615	121154	896166	2024-01-12 13:26	/discussions/amazon/view/121154-exam-aws-certified-solutions-architect-associate-saa-c03/
616	121177	896167	2024-09-16 21:11	/discussions/amazon/view/121177-exam-aws-certified-solutions-architect-associate-saa-c03/
617	121176	896168	2024-01-12 13:32	/discussions/amazon/view/121176-exam-aws-certified-solutions-architect-associate-saa-c03/
618	121219	896169	2024-06-17 2:34	/discussions/amazon/view/121219-exam-aws-certified-solutions-architect-associate-saa-c03/
619	121220	896170	2024-12-12 10:25	/discussions/amazon/view/121220-exam-aws-certified-solutions-architect-associate-saa-c03/
620	121221	896171	2024-01-12 14:30	/discussions/amazon/view/121221-exam-aws-certified-solutions-architect-associate-saa-c03/
621	121222	896172	2024-09-17 0:59	/discussions/amazon/view/121222-exam-aws-certified-solutions-architect-associate-saa-c03/
622	121223	896173	2025-07-24 0:58	/discussions/amazon/view/121223-exam-aws-certified-solutions-architect-associate-saa-c03/
623	121172	896174	2025-03-28 9:28	/discussions/amazon/view/121172-exam-aws-certified-solutions-architect-associate-saa-c03/
624	125336	900334	2024-12-27 22:26	/discussions/amazon/view/125336-exam-aws-certified-solutions-architect-associate-saa-c03/
625	125337	900335	2024-12-27 22:38	/discussions/amazon/view/125337-exam-aws-certified-solutions-architect-associate-saa-c03/
626	125338	900336	2024-06-17 2:48	/discussions/amazon/view/125338-exam-aws-certified-solutions-architect-associate-saa-c03/
627	125541	900337	2024-01-12 15:25	/discussions/amazon/view/125541-exam-aws-certified-solutions-architect-associate-saa-c03/
628	125459	900338	2024-01-12 15:30	/discussions/amazon/view/125459-exam-aws-certified-solutions-architect-associate-saa-c03/
629	125460	900339	2024-06-12 22:11	/discussions/amazon/view/125460-exam-aws-certified-solutions-architect-associate-saa-c03/
630	125542	900340	2024-06-17 3:00	/discussions/amazon/view/125542-exam-aws-certified-solutions-architect-associate-saa-c03/
631	125113	900341	2025-02-01 5:46	/discussions/amazon/view/125113-exam-aws-certified-solutions-architect-associate-saa-c03/
632	125114	900342	2024-12-28 10:57	/discussions/amazon/view/125114-exam-aws-certified-solutions-architect-associate-saa-c03/
633	125513	900343	2023-11-30 12:11	/discussions/amazon/view/125513-exam-aws-certified-solutions-architect-associate-saa-c03/
634	125544	900344	2025-07-24 19:52	/discussions/amazon/view/125544-exam-aws-certified-solutions-architect-associate-saa-c03/
635	125545	900345	2024-06-17 3:13	/discussions/amazon/view/125545-exam-aws-certified-solutions-architect-associate-saa-c03/
636	125546	900346	2024-06-17 3:14	/discussions/amazon/view/125546-exam-aws-certified-solutions-architect-associate-saa-c03/
637	125547	900347	2024-11-25 6:07	/discussions/amazon/view/125547-exam-aws-certified-solutions-architect-associate-saa-c03/
638	125574	900348	2025-07-24 20:49	/discussions/amazon/view/125574-exam-aws-certified-solutions-architect-associate-saa-c03/
639	125575	900349	2025-07-24 21:07	/discussions/amazon/view/125575-exam-aws-certified-solutions-architect-associate-saa-c03/
640	125579	900350	2025-07-24 21:15	/discussions/amazon/view/125579-exam-aws-certified-solutions-architect-associate-saa-c03/
641	125580	900351	2024-12-13 8:02	/discussions/amazon/view/125580-exam-aws-certified-solutions-architect-associate-saa-c03/
642	125215	900352	2024-06-17 3:26	/discussions/amazon/view/125215-exam-aws-certified-solutions-architect-associate-saa-c03/
643	125581	900353	2025-01-21 11:46	/discussions/amazon/view/125581-exam-aws-certified-solutions-architect-associate-saa-c03/
644	125582	900354	2023-12-20 15:19	/discussions/amazon/view/125582-exam-aws-certified-solutions-architect-associate-saa-c03/
645	125583	900355	2024-01-03 6:46	/discussions/amazon/view/125583-exam-aws-certified-solutions-architect-associate-saa-c03/
646	125584	900356	2024-06-17 3:34	/discussions/amazon/view/125584-exam-aws-certified-solutions-architect-associate-saa-c03/
647	125212	900357	2024-06-17 3:35	/discussions/amazon/view/125212-exam-aws-certified-solutions-architect-associate-saa-c03/
648	125586	900358	2025-02-02 0:08	/discussions/amazon/view/125586-exam-aws-certified-solutions-architect-associate-saa-c03/
649	125588	900359	2023-12-05 9:04	/discussions/amazon/view/125588-exam-aws-certified-solutions-architect-associate-saa-c03/
650	125589	900360	2024-01-19 18:37	/discussions/amazon/view/125589-exam-aws-certified-solutions-architect-associate-saa-c03/
651	125244	900361	2025-08-13 9:35	/discussions/amazon/view/125244-exam-aws-certified-solutions-architect-associate-saa-c03/
652	125591	900362	2024-12-21 4:10	/discussions/amazon/view/125591-exam-aws-certified-solutions-architect-associate-saa-c03/
653	126867	903008	2025-07-25 16:51	/discussions/amazon/view/126867-exam-aws-certified-solutions-architect-associate-saa-c03/
654	128008	903009	2024-01-21 11:50	/discussions/amazon/view/128008-exam-aws-certified-solutions-architect-associate-saa-c03/
655	128009	903010	2024-12-13 14:30	/discussions/amazon/view/128009-exam-aws-certified-solutions-architect-associate-saa-c03/
656	127135	903011	2024-08-05 12:57	/discussions/amazon/view/127135-exam-aws-certified-solutions-architect-associate-saa-c03/
657	127524	903012	2024-07-04 2:57	/discussions/amazon/view/127524-exam-aws-certified-solutions-architect-associate-saa-c03/
658	126797	903013	2024-09-17 8:44	/discussions/amazon/view/126797-exam-aws-certified-solutions-architect-associate-saa-c03/
659	128067	903014	2024-11-25 7:17	/discussions/amazon/view/128067-exam-aws-certified-solutions-architect-associate-saa-c03/
660	126994	903015	2024-01-13 16:13	/discussions/amazon/view/126994-exam-aws-certified-solutions-architect-associate-saa-c03/
661	127729	903016	2024-01-13 16:17	/discussions/amazon/view/127729-exam-aws-certified-solutions-architect-associate-saa-c03/
662	126865	903017	2024-11-27 2:01	/discussions/amazon/view/126865-exam-aws-certified-solutions-architect-associate-saa-c03/
663	126798	903018	2025-11-10 20:37	/discussions/amazon/view/126798-exam-aws-certified-solutions-architect-associate-saa-c03/
664	126800	903019	2025-12-07 20:41	/discussions/amazon/view/126800-exam-aws-certified-solutions-architect-associate-saa-c03/
665	128070	903020	2024-07-04 3:15	/discussions/amazon/view/128070-exam-aws-certified-solutions-architect-associate-saa-c03/
666	128269	903021	2024-05-01 16:19	/discussions/amazon/view/128269-exam-aws-certified-solutions-architect-associate-saa-c03/
667	126802	903022	2025-05-20 16:28	/discussions/amazon/view/126802-exam-aws-certified-solutions-architect-associate-saa-c03/
668	127661	903023	2024-01-03 11:59	/discussions/amazon/view/127661-exam-aws-certified-solutions-architect-associate-saa-c03/
669	127660	903024	2024-01-03 12:01	/discussions/amazon/view/127660-exam-aws-certified-solutions-architect-associate-saa-c03/
670	129711	907450	2025-11-26 20:40	/discussions/amazon/view/129711-exam-aws-certified-solutions-architect-associate-saa-c03/
671	129712	907451	2024-01-03 12:16	/discussions/amazon/view/129712-exam-aws-certified-solutions-architect-associate-saa-c03/
672	129713	907452	2024-11-27 2:50	/discussions/amazon/view/129713-exam-aws-certified-solutions-architect-associate-saa-c03/
673	129714	907453	2024-03-01 1:44	/discussions/amazon/view/129714-exam-aws-certified-solutions-architect-associate-saa-c03/
674	129716	907454	2024-03-23 15:12	/discussions/amazon/view/129716-exam-aws-certified-solutions-architect-associate-saa-c03/
675	129717	907455	2025-08-22 20:39	/discussions/amazon/view/129717-exam-aws-certified-solutions-architect-associate-saa-c03/
676	129718	907456	2025-06-07 15:54	/discussions/amazon/view/129718-exam-aws-certified-solutions-architect-associate-saa-c03/
677	129827	907457	2025-07-25 23:48	/discussions/amazon/view/129827-exam-aws-certified-solutions-architect-associate-saa-c03/
678	129719	907458	2024-09-17 19:30	/discussions/amazon/view/129719-exam-aws-certified-solutions-architect-associate-saa-c03/
679	129721	907459	2025-08-07 12:24	/discussions/amazon/view/129721-exam-aws-certified-solutions-architect-associate-saa-c03/
680	129722	907460	2024-03-28 4:44	/discussions/amazon/view/129722-exam-aws-certified-solutions-architect-associate-saa-c03/
681	129723	907461	2025-02-15 12:00	/discussions/amazon/view/129723-exam-aws-certified-solutions-architect-associate-saa-c03/
682	129724	907462	2024-12-15 5:27	/discussions/amazon/view/129724-exam-aws-certified-solutions-architect-associate-saa-c03/
683	129725	907463	2024-01-03 15:41	/discussions/amazon/view/129725-exam-aws-certified-solutions-architect-associate-saa-c03/
684	129726	907464	2024-02-29 5:23	/discussions/amazon/view/129726-exam-aws-certified-solutions-architect-associate-saa-c03/
685	133297	910360	2024-03-19 10:18	/discussions/amazon/view/133297-exam-aws-certified-solutions-architect-associate-saa-c03/
686	132844	910361	2025-02-22 0:47	/discussions/amazon/view/132844-exam-aws-certified-solutions-architect-associate-saa-c03/
687	132845	910362	2025-08-22 23:54	/discussions/amazon/view/132845-exam-aws-certified-solutions-architect-associate-saa-c03/
688	132847	910363	2024-12-15 6:51	/discussions/amazon/view/132847-exam-aws-certified-solutions-architect-associate-saa-c03/
689	132849	910364	2024-09-17 21:28	/discussions/amazon/view/132849-exam-aws-certified-solutions-architect-associate-saa-c03/
690	132852	910365	2024-11-21 13:56	/discussions/amazon/view/132852-exam-aws-certified-solutions-architect-associate-saa-c03/
691	132853	910366	2024-12-30 10:26	/discussions/amazon/view/132853-exam-aws-certified-solutions-architect-associate-saa-c03/
692	132854	910367	2025-07-27 0:55	/discussions/amazon/view/132854-exam-aws-certified-solutions-architect-associate-saa-c03/
693	132855	910368	2024-12-15 7:10	/discussions/amazon/view/132855-exam-aws-certified-solutions-architect-associate-saa-c03/
694	132857	910369	2024-12-15 7:13	/discussions/amazon/view/132857-exam-aws-certified-solutions-architect-associate-saa-c03/
695	132858	910370	2024-12-15 7:18	/discussions/amazon/view/132858-exam-aws-certified-solutions-architect-associate-saa-c03/
696	132859	910371	2024-12-15 7:30	/discussions/amazon/view/132859-exam-aws-certified-solutions-architect-associate-saa-c03/
697	132860	910372	2025-01-12 21:07	/discussions/amazon/view/132860-exam-aws-certified-solutions-architect-associate-saa-c03/
698	132861	910373	2024-04-11 20:20	/discussions/amazon/view/132861-exam-aws-certified-solutions-architect-associate-saa-c03/
699	132862	910374	2024-09-17 23:20	/discussions/amazon/view/132862-exam-aws-certified-solutions-architect-associate-saa-c03/
700	132863	910375	2025-03-06 11:15	/discussions/amazon/view/132863-exam-aws-certified-solutions-architect-associate-saa-c03/
701	132865	910376	2024-07-01 11:23	/discussions/amazon/view/132865-exam-aws-certified-solutions-architect-associate-saa-c03/
702	132866	910377	2025-02-10 14:45	/discussions/amazon/view/132866-exam-aws-certified-solutions-architect-associate-saa-c03/
703	132867	910378	2024-07-01 11:27	/discussions/amazon/view/132867-exam-aws-certified-solutions-architect-associate-saa-c03/
704	132868	910379	2024-11-17 15:52	/discussions/amazon/view/132868-exam-aws-certified-solutions-architect-associate-saa-c03/
705	132870	910380	2024-08-07 15:35	/discussions/amazon/view/132870-exam-aws-certified-solutions-architect-associate-saa-c03/
706	133216	910381	2024-07-01 11:35	/discussions/amazon/view/133216-exam-aws-certified-solutions-architect-associate-saa-c03/
707	132874	910382	2024-12-30 13:01	/discussions/amazon/view/132874-exam-aws-certified-solutions-architect-associate-saa-c03/
708	132875	910383	2024-03-19 15:40	/discussions/amazon/view/132875-exam-aws-certified-solutions-architect-associate-saa-c03/
709	132876	910384	2025-05-23 3:26	/discussions/amazon/view/132876-exam-aws-certified-solutions-architect-associate-saa-c03/
710	133462	910385	2024-04-25 16:50	/discussions/amazon/view/133462-exam-aws-certified-solutions-architect-associate-saa-c03/
711	132882	910386	2025-02-26 15:32	/discussions/amazon/view/132882-exam-aws-certified-solutions-architect-associate-saa-c03/
712	132883	910387	2025-01-14 7:28	/discussions/amazon/view/132883-exam-aws-certified-solutions-architect-associate-saa-c03/
713	132885	910388	2024-06-27 15:24	/discussions/amazon/view/132885-exam-aws-certified-solutions-architect-associate-saa-c03/
714	132887	910389	2025-04-17 15:12	/discussions/amazon/view/132887-exam-aws-certified-solutions-architect-associate-saa-c03/
715	132888	910390	2025-02-26 15:48	/discussions/amazon/view/132888-exam-aws-certified-solutions-architect-associate-saa-c03/
716	132889	910391	2025-02-17 21:44	/discussions/amazon/view/132889-exam-aws-certified-solutions-architect-associate-saa-c03/
717	132890	910392	2025-05-20 6:42	/discussions/amazon/view/132890-exam-aws-certified-solutions-architect-associate-saa-c03/
718	132891	910393	2024-07-16 11:24	/discussions/amazon/view/132891-exam-aws-certified-solutions-architect-associate-saa-c03/
719	132892	910394	2025-01-23 9:50	/discussions/amazon/view/132892-exam-aws-certified-solutions-architect-associate-saa-c03/
720	132893	910395	2024-09-18 3:00	/discussions/amazon/view/132893-exam-aws-certified-solutions-architect-associate-saa-c03/
721	132894	910396	2025-08-23 0:29	/discussions/amazon/view/132894-exam-aws-certified-solutions-architect-associate-saa-c03/
722	132895	910397	2025-02-09 13:10	/discussions/amazon/view/132895-exam-aws-certified-solutions-architect-associate-saa-c03/
723	132900	910398	2025-11-07 6:28	/discussions/amazon/view/132900-exam-aws-certified-solutions-architect-associate-saa-c03/
724	132902	910399	2025-01-02 4:17	/discussions/amazon/view/132902-exam-aws-certified-solutions-architect-associate-saa-c03/
725	132904	910400	2024-09-18 5:50	/discussions/amazon/view/132904-exam-aws-certified-solutions-architect-associate-saa-c03/
726	132906	910401	2025-02-18 0:36	/discussions/amazon/view/132906-exam-aws-certified-solutions-architect-associate-saa-c03/
727	132907	910402	2024-02-16 15:11	/discussions/amazon/view/132907-exam-aws-certified-solutions-architect-associate-saa-c03/
728	132910	910403	2025-07-29 19:38	/discussions/amazon/view/132910-exam-aws-certified-solutions-architect-associate-saa-c03/
729	132911	910404	2024-04-26 8:57	/discussions/amazon/view/132911-exam-aws-certified-solutions-architect-associate-saa-c03/
730	132913	910405	2024-09-18 6:17	/discussions/amazon/view/132913-exam-aws-certified-solutions-architect-associate-saa-c03/
731	132914	910406	2024-03-22 19:01	/discussions/amazon/view/132914-exam-aws-certified-solutions-architect-associate-saa-c03/
732	132915	910407	2024-04-22 22:17	/discussions/amazon/view/132915-exam-aws-certified-solutions-architect-associate-saa-c03/
733	132916	910408	2024-06-26 10:06	/discussions/amazon/view/132916-exam-aws-certified-solutions-architect-associate-saa-c03/
734	132920	910409	2024-11-29 15:43	/discussions/amazon/view/132920-exam-aws-certified-solutions-architect-associate-saa-c03/
735	132922	910410	2024-06-26 10:19	/discussions/amazon/view/132922-exam-aws-certified-solutions-architect-associate-saa-c03/
736	132923	910411	2025-02-11 1:39	/discussions/amazon/view/132923-exam-aws-certified-solutions-architect-associate-saa-c03/
737	132924	910412	2025-12-17 14:08	/discussions/amazon/view/132924-exam-aws-certified-solutions-architect-associate-saa-c03/
738	132925	910413	2024-12-30 22:01	/discussions/amazon/view/132925-exam-aws-certified-solutions-architect-associate-saa-c03/
739	132929	910414	2025-07-29 22:08	/discussions/amazon/view/132929-exam-aws-certified-solutions-architect-associate-saa-c03/
740	132930	910415	2025-02-26 18:51	/discussions/amazon/view/132930-exam-aws-certified-solutions-architect-associate-saa-c03/
741	132931	910416	2024-08-26 20:11	/discussions/amazon/view/132931-exam-aws-certified-solutions-architect-associate-saa-c03/
742	132932	910417	2024-04-02 12:57	/discussions/amazon/view/132932-exam-aws-certified-solutions-architect-associate-saa-c03/
743	132933	910418	2024-11-30 2:19	/discussions/amazon/view/132933-exam-aws-certified-solutions-architect-associate-saa-c03/
744	132934	910419	2025-05-20 12:17	/discussions/amazon/view/132934-exam-aws-certified-solutions-architect-associate-saa-c03/
745	132935	910420	2024-04-16 18:33	/discussions/amazon/view/132935-exam-aws-certified-solutions-architect-associate-saa-c03/
746	132936	910421	2025-01-03 0:09	/discussions/amazon/view/132936-exam-aws-certified-solutions-architect-associate-saa-c03/
747	132938	910422	2024-06-25 16:42	/discussions/amazon/view/132938-exam-aws-certified-solutions-architect-associate-saa-c03/
748	132939	910423	2024-09-18 22:17	/discussions/amazon/view/132939-exam-aws-certified-solutions-architect-associate-saa-c03/
749	132940	910424	2025-01-03 0:37	/discussions/amazon/view/132940-exam-aws-certified-solutions-architect-associate-saa-c03/
750	132941	910425	2024-02-18 9:28	/discussions/amazon/view/132941-exam-aws-certified-solutions-architect-associate-saa-c03/
751	133081	910426	2024-06-25 9:22	/discussions/amazon/view/133081-exam-aws-certified-solutions-architect-associate-saa-c03/
752	133405	910427	2024-12-23 2:12	/discussions/amazon/view/133405-exam-aws-certified-solutions-architect-associate-saa-c03/
753	132944	910428	2025-02-11 4:29	/discussions/amazon/view/132944-exam-aws-certified-solutions-architect-associate-saa-c03/
754	132945	910429	2025-07-30 19:13	/discussions/amazon/view/132945-exam-aws-certified-solutions-architect-associate-saa-c03/
755	132946	910430	2024-02-18 4:21	/discussions/amazon/view/132946-exam-aws-certified-solutions-architect-associate-saa-c03/
756	132947	910431	2024-12-24 7:09	/discussions/amazon/view/132947-exam-aws-certified-solutions-architect-associate-saa-c03/
757	133082	910432	2025-09-24 8:09	/discussions/amazon/view/133082-exam-aws-certified-solutions-architect-associate-saa-c03/
758	132948	910433	2024-09-09 16:57	/discussions/amazon/view/132948-exam-aws-certified-solutions-architect-associate-saa-c03/
759	132949	910434	2025-10-03 20:12	/discussions/amazon/view/132949-exam-aws-certified-solutions-architect-associate-saa-c03/
760	132950	910435	2024-12-24 7:29	/discussions/amazon/view/132950-exam-aws-certified-solutions-architect-associate-saa-c03/
761	133326	910436	2025-08-14 7:47	/discussions/amazon/view/133326-exam-aws-certified-solutions-architect-associate-saa-c03/
762	132951	910437	2024-03-23 13:07	/discussions/amazon/view/132951-exam-aws-certified-solutions-architect-associate-saa-c03/
763	132952	910438	2024-06-22 17:19	/discussions/amazon/view/132952-exam-aws-certified-solutions-architect-associate-saa-c03/
764	132954	910439	2025-08-23 23:00	/discussions/amazon/view/132954-exam-aws-certified-solutions-architect-associate-saa-c03/
765	132956	910440	2025-01-03 4:15	/discussions/amazon/view/132956-exam-aws-certified-solutions-architect-associate-saa-c03/
766	132957	910441	2024-12-24 8:19	/discussions/amazon/view/132957-exam-aws-certified-solutions-architect-associate-saa-c03/
767	132996	910442	2025-12-10 18:36	/discussions/amazon/view/132996-exam-aws-certified-solutions-architect-associate-saa-c03/
768	132960	910443	2024-06-24 16:44	/discussions/amazon/view/132960-exam-aws-certified-solutions-architect-associate-saa-c03/
769	132997	910444	2024-06-29 15:59	/discussions/amazon/view/132997-exam-aws-certified-solutions-architect-associate-saa-c03/
770	132998	910445	2024-12-25 21:27	/discussions/amazon/view/132998-exam-aws-certified-solutions-architect-associate-saa-c03/
771	132999	910446	2024-11-01 7:20	/discussions/amazon/view/132999-exam-aws-certified-solutions-architect-associate-saa-c03/
772	133002	910447	2025-01-03 5:38	/discussions/amazon/view/133002-exam-aws-certified-solutions-architect-associate-saa-c03/
773	133004	910448	2025-07-31 0:12	/discussions/amazon/view/133004-exam-aws-certified-solutions-architect-associate-saa-c03/
774	133006	910449	2024-04-27 9:54	/discussions/amazon/view/133006-exam-aws-certified-solutions-architect-associate-saa-c03/
775	133007	910450	2025-11-25 18:28	/discussions/amazon/view/133007-exam-aws-certified-solutions-architect-associate-saa-c03/
776	133008	910451	2024-12-24 10:43	/discussions/amazon/view/133008-exam-aws-certified-solutions-architect-associate-saa-c03/
777	133009	910452	2024-12-24 10:51	/discussions/amazon/view/133009-exam-aws-certified-solutions-architect-associate-saa-c03/
778	133010	910453	2024-09-19 4:59	/discussions/amazon/view/133010-exam-aws-certified-solutions-architect-associate-saa-c03/
779	133011	910454	2025-01-02 17:10	/discussions/amazon/view/133011-exam-aws-certified-solutions-architect-associate-saa-c03/
780	133014	910455	2025-01-02 17:31	/discussions/amazon/view/133014-exam-aws-certified-solutions-architect-associate-saa-c03/
781	133015	910456	2024-06-13 21:01	/discussions/amazon/view/133015-exam-aws-certified-solutions-architect-associate-saa-c03/
782	133016	910457	2024-11-01 11:14	/discussions/amazon/view/133016-exam-aws-certified-solutions-architect-associate-saa-c03/
783	133018	910458	2024-06-22 9:46	/discussions/amazon/view/133018-exam-aws-certified-solutions-architect-associate-saa-c03/
784	133019	910459	2025-01-31 23:57	/discussions/amazon/view/133019-exam-aws-certified-solutions-architect-associate-saa-c03/
785	133021	910460	2025-05-04 21:16	/discussions/amazon/view/133021-exam-aws-certified-solutions-architect-associate-saa-c03/
786	133022	910461	2024-06-22 10:03	/discussions/amazon/view/133022-exam-aws-certified-solutions-architect-associate-saa-c03/
787	133023	910462	2025-02-03 4:27	/discussions/amazon/view/133023-exam-aws-certified-solutions-architect-associate-saa-c03/
788	133024	910463	2024-12-25 2:39	/discussions/amazon/view/133024-exam-aws-certified-solutions-architect-associate-saa-c03/
789	133025	910464	2025-01-24 0:54	/discussions/amazon/view/133025-exam-aws-certified-solutions-architect-associate-saa-c03/
790	133027	910465	2024-06-22 10:41	/discussions/amazon/view/133027-exam-aws-certified-solutions-architect-associate-saa-c03/
791	133030	910466	2024-11-30 5:35	/discussions/amazon/view/133030-exam-aws-certified-solutions-architect-associate-saa-c03/
792	133031	910467	2025-02-12 5:13	/discussions/amazon/view/133031-exam-aws-certified-solutions-architect-associate-saa-c03/
793	133032	910468	2025-01-24 1:11	/discussions/amazon/view/133032-exam-aws-certified-solutions-architect-associate-saa-c03/
794	133033	910469	2024-12-25 5:46	/discussions/amazon/view/133033-exam-aws-certified-solutions-architect-associate-saa-c03/
795	133034	910470	2024-12-25 5:55	/discussions/amazon/view/133034-exam-aws-certified-solutions-architect-associate-saa-c03/
796	133035	910471	2025-02-12 6:31	/discussions/amazon/view/133035-exam-aws-certified-solutions-architect-associate-saa-c03/
797	133036	910472	2025-09-13 1:41	/discussions/amazon/view/133036-exam-aws-certified-solutions-architect-associate-saa-c03/
798	133037	910473	2025-02-01 6:01	/discussions/amazon/view/133037-exam-aws-certified-solutions-architect-associate-saa-c03/
799	135257	913095	2025-02-10 15:26	/discussions/amazon/view/135257-exam-aws-certified-solutions-architect-associate-saa-c03/
800	135258	913096	2024-12-25 7:07	/discussions/amazon/view/135258-exam-aws-certified-solutions-architect-associate-saa-c03/
801	135259	913097	2025-05-17 20:35	/discussions/amazon/view/135259-exam-aws-certified-solutions-architect-associate-saa-c03/
802	135260	913098	2024-11-30 13:17	/discussions/amazon/view/135260-exam-aws-certified-solutions-architect-associate-saa-c03/
803	135472	913099	2025-08-15 15:36	/discussions/amazon/view/135472-exam-aws-certified-solutions-architect-associate-saa-c03/
804	135261	913100	2025-08-02 20:03	/discussions/amazon/view/135261-exam-aws-certified-solutions-architect-associate-saa-c03/
805	135262	913101	2024-12-27 1:14	/discussions/amazon/view/135262-exam-aws-certified-solutions-architect-associate-saa-c03/
806	135263	913102	2025-08-15 16:26	/discussions/amazon/view/135263-exam-aws-certified-solutions-architect-associate-saa-c03/
807	135552	913103	2025-11-25 19:27	/discussions/amazon/view/135552-exam-aws-certified-solutions-architect-associate-saa-c03/
808	135473	913104	2025-02-12 20:39	/discussions/amazon/view/135473-exam-aws-certified-solutions-architect-associate-saa-c03/
809	135695	913105	2024-12-27 2:47	/discussions/amazon/view/135695-exam-aws-certified-solutions-architect-associate-saa-c03/
810	135264	913106	2024-12-27 3:00	/discussions/amazon/view/135264-exam-aws-certified-solutions-architect-associate-saa-c03/
811	135697	913107	2025-02-26 19:31	/discussions/amazon/view/135697-exam-aws-certified-solutions-architect-associate-saa-c03/
812	135265	913108	2024-12-27 3:22	/discussions/amazon/view/135265-exam-aws-certified-solutions-architect-associate-saa-c03/
813	135726	913109	2025-03-26 18:30	/discussions/amazon/view/135726-exam-aws-certified-solutions-architect-associate-saa-c03/
814	135266	913110	2025-02-19 22:03	/discussions/amazon/view/135266-exam-aws-certified-solutions-architect-associate-saa-c03/
815	135267	913111	2024-06-11 20:27	/discussions/amazon/view/135267-exam-aws-certified-solutions-architect-associate-saa-c03/
816	135268	913112	2025-02-19 22:13	/discussions/amazon/view/135268-exam-aws-certified-solutions-architect-associate-saa-c03/
817	135269	913113	2024-06-11 20:35	/discussions/amazon/view/135269-exam-aws-certified-solutions-architect-associate-saa-c03/
818	135270	913114	2024-11-30 7:49	/discussions/amazon/view/135270-exam-aws-certified-solutions-architect-associate-saa-c03/
819	135302	913115	2024-12-27 6:46	/discussions/amazon/view/135302-exam-aws-certified-solutions-architect-associate-saa-c03/
820	135271	913116	2025-01-24 2:57	/discussions/amazon/view/135271-exam-aws-certified-solutions-architect-associate-saa-c03/
821	136993	914659	2024-12-27 7:21	/discussions/amazon/view/136993-exam-aws-certified-solutions-architect-associate-saa-c03/
822	137046	914660	2025-02-19 22:39	/discussions/amazon/view/137046-exam-aws-certified-solutions-architect-associate-saa-c03/
823	136955	914661	2024-12-27 7:40	/discussions/amazon/view/136955-exam-aws-certified-solutions-architect-associate-saa-c03/
824	136804	914662	2024-12-27 7:44	/discussions/amazon/view/136804-exam-aws-certified-solutions-architect-associate-saa-c03/
825	136805	914663	2025-01-24 3:21	/discussions/amazon/view/136805-exam-aws-certified-solutions-architect-associate-saa-c03/
826	136806	914664	2024-12-27 7:56	/discussions/amazon/view/136806-exam-aws-certified-solutions-architect-associate-saa-c03/
827	136807	914665	2025-02-21 17:33	/discussions/amazon/view/136807-exam-aws-certified-solutions-architect-associate-saa-c03/
828	136994	914666	2024-10-20 4:25	/discussions/amazon/view/136994-exam-aws-certified-solutions-architect-associate-saa-c03/
829	136995	914667	2024-10-20 4:28	/discussions/amazon/view/136995-exam-aws-certified-solutions-architect-associate-saa-c03/
830	136957	914668	2024-10-20 4:29	/discussions/amazon/view/136957-exam-aws-certified-solutions-architect-associate-saa-c03/
831	136997	914669	2024-10-20 4:35	/discussions/amazon/view/136997-exam-aws-certified-solutions-architect-associate-saa-c03/
832	136998	914670	2024-07-27 8:00	/discussions/amazon/view/136998-exam-aws-certified-solutions-architect-associate-saa-c03/
833	137000	914671	2024-12-27 9:14	/discussions/amazon/view/137000-exam-aws-certified-solutions-architect-associate-saa-c03/
834	137842	914672	2024-06-16 10:27	/discussions/amazon/view/137842-exam-aws-certified-solutions-architect-associate-saa-c03/
835	137001	914673	2025-09-23 3:20	/discussions/amazon/view/137001-exam-aws-certified-solutions-architect-associate-saa-c03/
836	137002	914674	2024-10-20 7:01	/discussions/amazon/view/137002-exam-aws-certified-solutions-architect-associate-saa-c03/
837	137843	914675	2024-11-30 16:39	/discussions/amazon/view/137843-exam-aws-certified-solutions-architect-associate-saa-c03/
838	138289	914676	2024-11-30 16:42	/discussions/amazon/view/138289-exam-aws-certified-solutions-architect-associate-saa-c03/
839	137712	914677	2024-10-20 7:09	/discussions/amazon/view/137712-exam-aws-certified-solutions-architect-associate-saa-c03/
840	136812	914678	2024-10-20 7:10	/discussions/amazon/view/136812-exam-aws-certified-solutions-architect-associate-saa-c03/
841	137844	915954	2025-08-24 21:44	/discussions/amazon/view/137844-exam-aws-certified-solutions-architect-associate-saa-c03/
842	137845	915955	2024-12-28 7:44	/discussions/amazon/view/137845-exam-aws-certified-solutions-architect-associate-saa-c03/
843	138109	915956	2024-12-28 7:49	/discussions/amazon/view/138109-exam-aws-certified-solutions-architect-associate-saa-c03/
844	138083	915957	2025-01-08 8:08	/discussions/amazon/view/138083-exam-aws-certified-solutions-architect-associate-saa-c03/
845	139191	915958	2025-08-03 23:46	/discussions/amazon/view/139191-exam-aws-certified-solutions-architect-associate-saa-c03/
846	139063	915959	2024-12-01 12:46	/discussions/amazon/view/139063-exam-aws-certified-solutions-architect-associate-saa-c03/
847	138644	915960	2024-06-03 16:27	/discussions/amazon/view/138644-exam-aws-certified-solutions-architect-associate-saa-c03/
848	138645	915961	2024-06-04 9:15	/discussions/amazon/view/138645-exam-aws-certified-solutions-architect-associate-saa-c03/
849	137928	915962	2024-06-04 9:37	/discussions/amazon/view/137928-exam-aws-certified-solutions-architect-associate-saa-c03/
850	137910	915963	2024-06-17 23:40	/discussions/amazon/view/137910-exam-aws-certified-solutions-architect-associate-saa-c03/
851	139065	915964	2025-08-04 17:14	/discussions/amazon/view/139065-exam-aws-certified-solutions-architect-associate-saa-c03/
852	139090	915965	2024-10-20 10:33	/discussions/amazon/view/139090-exam-aws-certified-solutions-architect-associate-saa-c03/
853	137862	915966	2024-06-03 11:42	/discussions/amazon/view/137862-exam-aws-certified-solutions-architect-associate-saa-c03/
854	139091	915967	2024-06-03 12:21	/discussions/amazon/view/139091-exam-aws-certified-solutions-architect-associate-saa-c03/
855	137823	915968	2024-12-29 6:00	/discussions/amazon/view/137823-exam-aws-certified-solutions-architect-associate-saa-c03/
856	139092	915969	2024-12-29 6:07	/discussions/amazon/view/139092-exam-aws-certified-solutions-architect-associate-saa-c03/
857	137826	915970	2024-06-21 18:01	/discussions/amazon/view/137826-exam-aws-certified-solutions-architect-associate-saa-c03/
858	140682	915971	2024-06-03 13:00	/discussions/amazon/view/140682-exam-aws-certified-solutions-architect-associate-saa-c03/
859	137827	915972	2025-11-25 19:58	/discussions/amazon/view/137827-exam-aws-certified-solutions-architect-associate-saa-c03/
860	137828	915973	2024-06-03 13:26	/discussions/amazon/view/137828-exam-aws-certified-solutions-architect-associate-saa-c03/
861	138185	915974	2025-02-15 17:57	/discussions/amazon/view/138185-exam-aws-certified-solutions-architect-associate-saa-c03/
862	138010	915975	2024-05-22 10:07	/discussions/amazon/view/138010-exam-aws-certified-solutions-architect-associate-saa-c03/
863	139172	915976	2024-06-22 11:23	/discussions/amazon/view/139172-exam-aws-certified-solutions-architect-associate-saa-c03/
864	141661	915977	2025-12-07 14:44	/discussions/amazon/view/141661-exam-aws-certified-solutions-architect-associate-saa-c03/
865	137829	915978	2024-12-01 6:28	/discussions/amazon/view/137829-exam-aws-certified-solutions-architect-associate-saa-c03/
866	137855	915979	2024-10-23 4:49	/discussions/amazon/view/137855-exam-aws-certified-solutions-architect-associate-saa-c03/
867	137854	915980	2024-06-16 13:23	/discussions/amazon/view/137854-exam-aws-certified-solutions-architect-associate-saa-c03/
868	137847	915981	2025-12-07 15:02	/discussions/amazon/view/137847-exam-aws-certified-solutions-architect-associate-saa-c03/
869	138082	915982	2025-12-07 15:09	/discussions/amazon/view/138082-exam-aws-certified-solutions-architect-associate-saa-c03/
870	137848	915983	2025-12-07 15:14	/discussions/amazon/view/137848-exam-aws-certified-solutions-architect-associate-saa-c03/
871	138553	915984	2025-01-05 19:52	/discussions/amazon/view/138553-exam-aws-certified-solutions-architect-associate-saa-c03/
872	139180	915985	2024-12-31 9:54	/discussions/amazon/view/139180-exam-aws-certified-solutions-architect-associate-saa-c03/
873	137853	915986	2024-10-23 5:04	/discussions/amazon/view/137853-exam-aws-certified-solutions-architect-associate-saa-c03/
874	137852	915987	2024-12-31 10:10	/discussions/amazon/view/137852-exam-aws-certified-solutions-architect-associate-saa-c03/
875	138140	915988	2024-12-31 10:14	/discussions/amazon/view/138140-exam-aws-certified-solutions-architect-associate-saa-c03/
876	137849	915989	2024-10-28 16:02	/discussions/amazon/view/137849-exam-aws-certified-solutions-architect-associate-saa-c03/
877	139252	915990	2024-10-23 5:53	/discussions/amazon/view/139252-exam-aws-certified-solutions-architect-associate-saa-c03/
878	139746	915991	2025-08-25 20:59	/discussions/amazon/view/139746-exam-aws-certified-solutions-architect-associate-saa-c03/
879	139619	915992	2025-08-06 21:24	/discussions/amazon/view/139619-exam-aws-certified-solutions-architect-associate-saa-c03/
880	137926	915993	2024-10-23 6:04	/discussions/amazon/view/137926-exam-aws-certified-solutions-architect-associate-saa-c03/
881	137850	915994	2025-08-25 21:40	/discussions/amazon/view/137850-exam-aws-certified-solutions-architect-associate-saa-c03/
882	138489	915995	2025-04-13 16:30	/discussions/amazon/view/138489-exam-aws-certified-solutions-architect-associate-saa-c03/
883	139799	918754	2025-08-25 22:02	/discussions/amazon/view/139799-exam-aws-certified-solutions-architect-associate-saa-c03/
884	139800	918755	2025-03-01 15:51	/discussions/amazon/view/139800-exam-aws-certified-solutions-architect-associate-saa-c03/
885	139801	918756	2024-10-23 6:20	/discussions/amazon/view/139801-exam-aws-certified-solutions-architect-associate-saa-c03/
886	139802	918757	2025-01-02 7:49	/discussions/amazon/view/139802-exam-aws-certified-solutions-architect-associate-saa-c03/
887	140296	918758	2025-12-07 17:11	/discussions/amazon/view/140296-exam-aws-certified-solutions-architect-associate-saa-c03/
888	139803	918759	2025-05-05 14:05	/discussions/amazon/view/139803-exam-aws-certified-solutions-architect-associate-saa-c03/
889	139804	918760	2024-10-23 6:27	/discussions/amazon/view/139804-exam-aws-certified-solutions-architect-associate-saa-c03/
890	139805	918761	2025-12-07 17:28	/discussions/amazon/view/139805-exam-aws-certified-solutions-architect-associate-saa-c03/
891	139744	918762	2025-01-02 9:42	/discussions/amazon/view/139744-exam-aws-certified-solutions-architect-associate-saa-c03/
892	139807	918763	2025-08-07 19:56	/discussions/amazon/view/139807-exam-aws-certified-solutions-architect-associate-saa-c03/
893	139745	918764	2025-01-24 6:27	/discussions/amazon/view/139745-exam-aws-certified-solutions-architect-associate-saa-c03/
894	139860	918765	2025-02-21 17:11	/discussions/amazon/view/139860-exam-aws-certified-solutions-architect-associate-saa-c03/
895	139861	918766	2025-01-02 10:38	/discussions/amazon/view/139861-exam-aws-certified-solutions-architect-associate-saa-c03/
896	139809	918767	2025-01-02 10:44	/discussions/amazon/view/139809-exam-aws-certified-solutions-architect-associate-saa-c03/
897	140209	918768	2024-10-23 7:03	/discussions/amazon/view/140209-exam-aws-certified-solutions-architect-associate-saa-c03/
898	139811	918769	2025-01-02 10:49	/discussions/amazon/view/139811-exam-aws-certified-solutions-architect-associate-saa-c03/
899	140211	918770	2025-01-02 11:02	/discussions/amazon/view/140211-exam-aws-certified-solutions-architect-associate-saa-c03/
900	140210	918771	2025-01-02 11:12	/discussions/amazon/view/140210-exam-aws-certified-solutions-architect-associate-saa-c03/
901	139853	918772	2024-11-12 6:17	/discussions/amazon/view/139853-exam-aws-certified-solutions-architect-associate-saa-c03/
902	139856	918773	2024-11-12 6:20	/discussions/amazon/view/139856-exam-aws-certified-solutions-architect-associate-saa-c03/
903	139857	918774	2024-11-26 19:02	/discussions/amazon/view/139857-exam-aws-certified-solutions-architect-associate-saa-c03/
904	139858	918775	2024-08-16 0:09	/discussions/amazon/view/139858-exam-aws-certified-solutions-architect-associate-saa-c03/
905	144916	925850	2025-02-11 19:43	/discussions/amazon/view/144916-exam-aws-certified-solutions-architect-associate-saa-c03/
906	144969	925851	2025-01-15 6:06	/discussions/amazon/view/144969-exam-aws-certified-solutions-architect-associate-saa-c03/
907	145006	925852	2025-02-21 18:24	/discussions/amazon/view/145006-exam-aws-certified-solutions-architect-associate-saa-c03/
908	145029	925853	2025-01-03 7:50	/discussions/amazon/view/145029-exam-aws-certified-solutions-architect-associate-saa-c03/
909	145030	925854	2025-01-07 1:02	/discussions/amazon/view/145030-exam-aws-certified-solutions-architect-associate-saa-c03/
910	144971	925855	2024-08-17 13:18	/discussions/amazon/view/144971-exam-aws-certified-solutions-architect-associate-saa-c03/
911	144972	925856	2025-03-02 14:31	/discussions/amazon/view/144972-exam-aws-certified-solutions-architect-associate-saa-c03/
912	145209	925857	2025-01-07 14:00	/discussions/amazon/view/145209-exam-aws-certified-solutions-architect-associate-saa-c03/
913	145210	925858	2025-01-03 9:17	/discussions/amazon/view/145210-exam-aws-certified-solutions-architect-associate-saa-c03/
914	145211	925859	2025-06-10 16:40	/discussions/amazon/view/145211-exam-aws-certified-solutions-architect-associate-saa-c03/
915	145201	925860	2025-01-07 17:57	/discussions/amazon/view/145201-exam-aws-certified-solutions-architect-associate-saa-c03/
916	145202	925861	2024-09-06 19:59	/discussions/amazon/view/145202-exam-aws-certified-solutions-architect-associate-saa-c03/
917	145212	925862	2024-08-17 13:45	/discussions/amazon/view/145212-exam-aws-certified-solutions-architect-associate-saa-c03/
918	145420	925863	2025-09-29 11:58	/discussions/amazon/view/145420-exam-aws-certified-solutions-architect-associate-saa-c03/
919	145414	925864	2025-01-16 1:21	/discussions/amazon/view/145414-exam-aws-certified-solutions-architect-associate-saa-c03/
920	145415	925865	2025-05-19 1:03	/discussions/amazon/view/145415-exam-aws-certified-solutions-architect-associate-saa-c03/
921	145343	925866	2025-02-09 17:11	/discussions/amazon/view/145343-exam-aws-certified-solutions-architect-associate-saa-c03/
922	145676	925867	2025-09-19 8:56	/discussions/amazon/view/145676-exam-aws-certified-solutions-architect-associate-saa-c03/
923	145038	925868	2025-08-09 23:29	/discussions/amazon/view/145038-exam-aws-certified-solutions-architect-associate-saa-c03/
924	144976	925869	2024-08-13 19:58	/discussions/amazon/view/144976-exam-aws-certified-solutions-architect-associate-saa-c03/
925	145213	925870	2025-06-15 5:34	/discussions/amazon/view/145213-exam-aws-certified-solutions-architect-associate-saa-c03/
926	144978	925871	2025-08-09 23:40	/discussions/amazon/view/144978-exam-aws-certified-solutions-architect-associate-saa-c03/
927	145214	925872	2025-01-04 7:28	/discussions/amazon/view/145214-exam-aws-certified-solutions-architect-associate-saa-c03/
928	144979	925873	2025-09-19 10:49	/discussions/amazon/view/144979-exam-aws-certified-solutions-architect-associate-saa-c03/
929	144981	925874	2025-08-25 23:37	/discussions/amazon/view/144981-exam-aws-certified-solutions-architect-associate-saa-c03/
930	145215	925875	2025-07-16 21:52	/discussions/amazon/view/145215-exam-aws-certified-solutions-architect-associate-saa-c03/
931	145416	925876	2025-02-08 19:23	/discussions/amazon/view/145416-exam-aws-certified-solutions-architect-associate-saa-c03/
932	145298	925877	2025-04-09 16:05	/discussions/amazon/view/145298-exam-aws-certified-solutions-architect-associate-saa-c03/
933	145008	925878	2025-05-20 23:24	/discussions/amazon/view/145008-exam-aws-certified-solutions-architect-associate-saa-c03/
934	145009	925879	2025-01-16 7:11	/discussions/amazon/view/145009-exam-aws-certified-solutions-architect-associate-saa-c03/
935	144933	925880	2025-09-19 11:17	/discussions/amazon/view/144933-exam-aws-certified-solutions-architect-associate-saa-c03/
936	145010	925881	2025-05-09 16:00	/discussions/amazon/view/145010-exam-aws-certified-solutions-architect-associate-saa-c03/
937	145011	925882	2025-04-08 0:43	/discussions/amazon/view/145011-exam-aws-certified-solutions-architect-associate-saa-c03/
938	145679	925883	2025-04-08 0:02	/discussions/amazon/view/145679-exam-aws-certified-solutions-architect-associate-saa-c03/
939	145680	925884	2025-08-11 21:13	/discussions/amazon/view/145680-exam-aws-certified-solutions-architect-associate-saa-c03/
940	144895	925885	2025-01-05 5:55	/discussions/amazon/view/144895-exam-aws-certified-solutions-architect-associate-saa-c03/
941	145808	925886	2025-03-04 16:49	/discussions/amazon/view/145808-exam-aws-certified-solutions-architect-associate-saa-c03/
942	145418	925887	2025-12-13 20:11	/discussions/amazon/view/145418-exam-aws-certified-solutions-architect-associate-saa-c03/
943	145918	925888	2024-09-30 2:28	/discussions/amazon/view/145918-exam-aws-certified-solutions-architect-associate-saa-c03/
944	145527	925889	2025-12-11 19:08	/discussions/amazon/view/145527-exam-aws-certified-solutions-architect-associate-saa-c03/
945	145014	925890	2025-02-27 14:51	/discussions/amazon/view/145014-exam-aws-certified-solutions-architect-associate-saa-c03/
946	145919	925891	2025-01-25 0:29	/discussions/amazon/view/145919-exam-aws-certified-solutions-architect-associate-saa-c03/
947	145920	925892	2025-01-05 6:33	/discussions/amazon/view/145920-exam-aws-certified-solutions-architect-associate-saa-c03/
948	144936	925893	2024-12-25 10:50	/discussions/amazon/view/144936-exam-aws-certified-solutions-architect-associate-saa-c03/
949	144937	925894	2025-05-09 22:30	/discussions/amazon/view/144937-exam-aws-certified-solutions-architect-associate-saa-c03/
950	144938	925895	2025-01-17 2:53	/discussions/amazon/view/144938-exam-aws-certified-solutions-architect-associate-saa-c03/
951	145017	925896	2025-01-05 6:57	/discussions/amazon/view/145017-exam-aws-certified-solutions-architect-associate-saa-c03/
952	144939	925897	2025-12-22 11:06	/discussions/amazon/view/144939-exam-aws-certified-solutions-architect-associate-saa-c03/
953	145540	925898	2025-03-08 3:11	/discussions/amazon/view/145540-exam-aws-certified-solutions-architect-associate-saa-c03/
954	145943	925899	2025-01-17 5:05	/discussions/amazon/view/145943-exam-aws-certified-solutions-architect-associate-saa-c03/
955	146208	925900	2025-08-12 18:57	/discussions/amazon/view/146208-exam-aws-certified-solutions-architect-associate-saa-c03/
956	145012	925901	2025-08-26 20:27	/discussions/amazon/view/145012-exam-aws-certified-solutions-architect-associate-saa-c03/
957	145777	925902	2025-01-06 3:28	/discussions/amazon/view/145777-exam-aws-certified-solutions-architect-associate-saa-c03/
958	145957	925903	2025-07-17 11:47	/discussions/amazon/view/145957-exam-aws-certified-solutions-architect-associate-saa-c03/
959	145438	925904	2025-09-28 2:32	/discussions/amazon/view/145438-exam-aws-certified-solutions-architect-associate-saa-c03/
960	145552	925905	2025-06-22 14:30	/discussions/amazon/view/145552-exam-aws-certified-solutions-architect-associate-saa-c03/
961	145442	925906	2025-02-01 18:40	/discussions/amazon/view/145442-exam-aws-certified-solutions-architect-associate-saa-c03/
962	146188	925907	2025-02-01 18:23	/discussions/amazon/view/146188-exam-aws-certified-solutions-architect-associate-saa-c03/
963	146180	925908	2025-01-06 9:51	/discussions/amazon/view/146180-exam-aws-certified-solutions-architect-associate-saa-c03/
964	146026	925909	2025-01-30 10:05	/discussions/amazon/view/146026-exam-aws-certified-solutions-architect-associate-saa-c03/
965	144898	925910	2025-06-22 15:03	/discussions/amazon/view/144898-exam-aws-certified-solutions-architect-associate-saa-c03/
966	146028	925911	2025-01-18 0:45	/discussions/amazon/view/146028-exam-aws-certified-solutions-architect-associate-saa-c03/
967	144928	925912	2024-09-29 15:37	/discussions/amazon/view/144928-exam-aws-certified-solutions-architect-associate-saa-c03/
968	144929	925913	2024-08-20 23:13	/discussions/amazon/view/144929-exam-aws-certified-solutions-architect-associate-saa-c03/
969	146029	925914	2025-01-06 10:45	/discussions/amazon/view/146029-exam-aws-certified-solutions-architect-associate-saa-c03/
970	147459	925915	2025-01-25 22:54	/discussions/amazon/view/147459-exam-aws-certified-solutions-architect-associate-saa-c03/
971	145371	925916	2025-08-26 20:57	/discussions/amazon/view/145371-exam-aws-certified-solutions-architect-associate-saa-c03/
972	146061	925917	2025-01-07 8:39	/discussions/amazon/view/146061-exam-aws-certified-solutions-architect-associate-saa-c03/
973	146030	925918	2025-08-13 16:10	/discussions/amazon/view/146030-exam-aws-certified-solutions-architect-associate-saa-c03/
974	144941	925919	2025-03-08 16:02	/discussions/amazon/view/144941-exam-aws-certified-solutions-architect-associate-saa-c03/
975	145367	925920	2025-01-25 23:07	/discussions/amazon/view/145367-exam-aws-certified-solutions-architect-associate-saa-c03/
976	145571	925921	2025-08-13 16:47	/discussions/amazon/view/145571-exam-aws-certified-solutions-architect-associate-saa-c03/
977	146035	925922	2024-09-27 2:23	/discussions/amazon/view/146035-exam-aws-certified-solutions-architect-associate-saa-c03/
978	145565	925923	2024-09-30 10:34	/discussions/amazon/view/145565-exam-aws-certified-solutions-architect-associate-saa-c03/
979	146062	925924	2025-01-07 9:58	/discussions/amazon/view/146062-exam-aws-certified-solutions-architect-associate-saa-c03/
980	147313	925925	2025-02-01 13:24	/discussions/amazon/view/147313-exam-aws-certified-solutions-architect-associate-saa-c03/
981	145821	925926	2025-01-07 10:41	/discussions/amazon/view/145821-exam-aws-certified-solutions-architect-associate-saa-c03/
982	148505	930535	2025-05-16 13:16	/discussions/amazon/view/148505-exam-aws-certified-solutions-architect-associate-saa-c03/
983	148506	930536	2025-01-08 12:48	/discussions/amazon/view/148506-exam-aws-certified-solutions-architect-associate-saa-c03/
984	148507	930537	2025-01-22 10:22	/discussions/amazon/view/148507-exam-aws-certified-solutions-architect-associate-saa-c03/
985	148508	930538	2024-11-29 15:25	/discussions/amazon/view/148508-exam-aws-certified-solutions-architect-associate-saa-c03/
986	148509	930539	2025-01-21 8:31	/discussions/amazon/view/148509-exam-aws-certified-solutions-architect-associate-saa-c03/
987	148519	930540	2025-04-15 12:31	/discussions/amazon/view/148519-exam-aws-certified-solutions-architect-associate-saa-c03/
988	148803	930541	2025-01-25 23:58	/discussions/amazon/view/148803-exam-aws-certified-solutions-architect-associate-saa-c03/
989	148459	930542	2025-01-09 1:38	/discussions/amazon/view/148459-exam-aws-certified-solutions-architect-associate-saa-c03/
990	148460	930543	2024-11-28 16:51	/discussions/amazon/view/148460-exam-aws-certified-solutions-architect-associate-saa-c03/
991	148885	930544	2024-10-15 20:15	/discussions/amazon/view/148885-exam-aws-certified-solutions-architect-associate-saa-c03/
992	148461	930545	2024-10-15 20:37	/discussions/amazon/view/148461-exam-aws-certified-solutions-architect-associate-saa-c03/
993	148462	930546	2025-01-19 1:07	/discussions/amazon/view/148462-exam-aws-certified-solutions-architect-associate-saa-c03/
994	148463	930547	2025-01-09 5:53	/discussions/amazon/view/148463-exam-aws-certified-solutions-architect-associate-saa-c03/
995	148465	930548	2025-01-19 18:43	/discussions/amazon/view/148465-exam-aws-certified-solutions-architect-associate-saa-c03/
996	148468	930549	2025-01-19 1:17	/discussions/amazon/view/148468-exam-aws-certified-solutions-architect-associate-saa-c03/
997	148469	930550	2025-04-09 22:45	/discussions/amazon/view/148469-exam-aws-certified-solutions-architect-associate-saa-c03/
998	148806	930551	2025-01-19 18:42	/discussions/amazon/view/148806-exam-aws-certified-solutions-architect-associate-saa-c03/
999	148470	930552	2025-01-09 7:41	/discussions/amazon/view/148470-exam-aws-certified-solutions-architect-associate-saa-c03/
1000	148471	930553	2025-01-19 3:54	/discussions/amazon/view/148471-exam-aws-certified-solutions-architect-associate-saa-c03/
1001	148807	930554	2024-10-19 10:06	/discussions/amazon/view/148807-exam-aws-certified-solutions-architect-associate-saa-c03/
1002	148808	930555	2025-06-09 20:11	/discussions/amazon/view/148808-exam-aws-certified-solutions-architect-associate-saa-c03/
1003	148809	930556	2025-07-16 15:46	/discussions/amazon/view/148809-exam-aws-certified-solutions-architect-associate-saa-c03/
1004	148810	930557	2025-07-20 4:24	/discussions/amazon/view/148810-exam-aws-certified-solutions-architect-associate-saa-c03/
1005	148811	930558	2024-12-26 10:12	/discussions/amazon/view/148811-exam-aws-certified-solutions-architect-associate-saa-c03/
1006	148812	930559	2025-03-03 21:10	/discussions/amazon/view/148812-exam-aws-certified-solutions-architect-associate-saa-c03/
1007	148544	930560	2025-07-20 4:05	/discussions/amazon/view/148544-exam-aws-certified-solutions-architect-associate-saa-c03/
1008	148813	930561	2025-08-27 2:09	/discussions/amazon/view/148813-exam-aws-certified-solutions-architect-associate-saa-c03/
1009	148814	930562	2025-08-27 2:17	/discussions/amazon/view/148814-exam-aws-certified-solutions-architect-associate-saa-c03/
1010	148815	930563	2025-01-11 6:48	/discussions/amazon/view/148815-exam-aws-certified-solutions-architect-associate-saa-c03/
1011	148817	930564	2025-01-19 8:17	/discussions/amazon/view/148817-exam-aws-certified-solutions-architect-associate-saa-c03/
1012	148818	930565	2025-08-14 17:16	/discussions/amazon/view/148818-exam-aws-certified-solutions-architect-associate-saa-c03/
1013	148819	930566	2025-01-11 7:15	/discussions/amazon/view/148819-exam-aws-certified-solutions-architect-associate-saa-c03/
1014	148820	930567	2025-05-21 16:04	/discussions/amazon/view/148820-exam-aws-certified-solutions-architect-associate-saa-c03/
1015	148821	930568	2025-01-19 8:41	/discussions/amazon/view/148821-exam-aws-certified-solutions-architect-associate-saa-c03/
1016	148824	930569	2024-12-28 19:01	/discussions/amazon/view/148824-exam-aws-certified-solutions-architect-associate-saa-c03/
1017	148825	930570	2025-10-01 5:48	/discussions/amazon/view/148825-exam-aws-certified-solutions-architect-associate-saa-c03/
1018	148826	930571	2025-02-03 8:58	/discussions/amazon/view/148826-exam-aws-certified-solutions-architect-associate-saa-c03/
1019	148827	930572	2025-11-23 2:04	/discussions/amazon/view/148827-exam-aws-certified-solutions-architect-associate-saa-c03/
