Microsoft discussions - ExamTopics Forum-36
Microsoft discussions - ExamTopics Forum-37
Microsoft discussions - ExamTopics Forum-38
Exam MB-500 topic 4	3	55565	2025-02-21 11:38:00	/discussions/microsoft/view/55565-exam-mb-500-topic-4-question-3-discussion/ Same question found !!!
Recent discussion post : 2024-09-13 06:08:00 ==> 2025-02-21 11:38:00
Exam MD-102 topic 1	337	156931	2025-02-21 12:13:00	/discussions/microsoft/view/156931-exam-md-102-topic-1-question-337-discussion/ New question found !!!
Exam AZ-120 topic 3	58	156932	2025-02-21 12:16:00	/discussions/microsoft/view/156932-exam-az-120-topic-3-question-58-discussion/ New question found !!!
Write Discuss List 40 / 43
Exam SC-100 topic 1	10	78421	2025-02-21 12:42:00	/discussions/microsoft/view/78421-exam-sc-100-topic-1-question-10-discussion/ Same question found !!!
Recent discussion post : 2025-01-28 12:10:00 ==> 2025-02-21 12:42:00
Exam AZ-104 topic 3	6	38353	2025-02-21 12:42:00	/discussions/microsoft/view/38353-exam-az-104-topic-3-question-6-discussion/ Same question found !!!
did=38353, fname=ms/AZ104/AZ104-Q0160.html
Window '' not found
Window '' not found
Window '' not found
Window '' not found
Microsoft discussions - ExamTopics Forum-36
Microsoft discussions - ExamTopics Forum-37
Microsoft discussions - ExamTopics Forum-38
Exam SC-100 topic 1	10	78421	2025-02-21 12:42:00	/discussions/microsoft/view/78421-exam-sc-100-topic-1-question-10-discussion/ Same question found !!!
Recent discussion post : 2025-01-28 12:10:00 ==> 2025-02-21 12:42:00
Exam AZ-104 topic 3	6	38353	2025-02-21 12:42:00	/discussions/microsoft/view/38353-exam-az-104-topic-3-question-6-discussion/ Same question found !!!
did=38353, fname=ms/AZ104/AZ104-Q0160.html
Window 'Exam Topics Discussion' not found
Recent discussion post : 2024-12-20 17:55:00 ==> 2025-02-21 12:42:00
Exam PL-600 topic 1	57	126315	2025-02-21 12:45:00	/discussions/microsoft/view/126315-exam-pl-600-topic-1-question-57-discussion/ Same question found !!!
Recent discussion post : 2025-01-16 00:17:00 ==> 2025-02-21 12:45:00
Exam AZ-204 topic 5	40	106742	2025-02-21 13:03:00	/discussions/microsoft/view/106742-exam-az-204-topic-5-question-40-discussion/ Same question found !!!
Recent discussion post : 2024-11-17 14:48:00 ==> 2025-02-21 13:03:00
Exam AZ-140 topic 3	46	155073	2025-02-21 13:07:00	/discussions/microsoft/view/155073-exam-az-140-topic-3-question-46-discussion/ Same question found !!!
Recent discussion post : 2025-02-08 17:57:00 ==> 2025-02-21 13:07:00
Exam DP-300 topic 4	9	58307	2025-02-21 13:50:00	/discussions/microsoft/view/58307-exam-dp-300-topic-4-question-9-discussion/ Same question found !!!
Recent discussion post : 2024-12-22 20:04:00 ==> 2025-02-21 13:50:00
Exam AZ-140 topic 2	14	65690	2025-02-21 13:58:00	/discussions/microsoft/view/65690-exam-az-140-topic-2-question-14-discussion/ Same question found !!!
Recent discussion post : 2024-07-16 19:05:00 ==> 2025-02-21 13:58:00
Exam AZ-104 topic 2	8	38114	2025-02-21 14:24:00	/discussions/microsoft/view/38114-exam-az-104-topic-2-question-8-discussion/ Same question found !!!
did=38114, fname=ms/AZ104/AZ104-Q0048.html
Window 'Exam Topics Discussion' not found
Recent discussion post : 2025-02-05 14:34:00 ==> 2025-02-21 14:24:00
Exam SC-200 topic 2	29	75349	2025-02-21 14:33:00	/discussions/microsoft/view/75349-exam-sc-200-topic-2-question-29-discussion/ Same question found !!!
Recent discussion post : 2025-01-03 12:16:00 ==> 2025-02-21 14:33:00
Exam SC-100 topic 1	41	155602	2025-02-21 14:46:00	/discussions/microsoft/view/155602-exam-sc-100-topic-1-question-41-discussion/ Same question found !!!
Recent discussion post : 2025-02-04 19:28:00 ==> 2025-02-21 14:46:00
Exam AZ-204 topic 5	43	116880	2025-02-21 14:49:00	/discussions/microsoft/view/116880-exam-az-204-topic-5-question-43-discussion/ Same question found !!!
Recent discussion post : 2025-01-14 19:05:00 ==> 2025-02-21 14:49:00
Exam SC-100 topic 2	3	78431	2025-02-21 14:49:00	/discussions/microsoft/view/78431-exam-sc-100-topic-2-question-3-discussion/ Same question found !!!
Recent discussion post : 2025-02-02 15:31:00 ==> 2025-02-21 14:49:00
Exam SC-100 topic 2	5	78436	2025-02-21 14:52:00	/discussions/microsoft/view/78436-exam-sc-100-topic-2-question-5-discussion/ Same question found !!!
Recent discussion post : 2025-02-14 06:26:00 ==> 2025-02-21 14:52:00
Exam SC-100 topic 2	56	155686	2025-02-21 15:20:00	/discussions/microsoft/view/155686-exam-sc-100-topic-2-question-56-discussion/ Same question found !!!
Recent discussion post : 2025-02-17 11:38:00 ==> 2025-02-21 15:20:00
Exam AZ-204 topic 1	3	78733	2025-02-21 15:34:00	/discussions/microsoft/view/78733-exam-az-204-topic-1-question-3-discussion/ Same question found !!!
Recent discussion post : 2025-01-27 08:17:00 ==> 2025-02-21 15:34:00
Exam SC-100 topic 3	38	123578	2025-02-21 15:48:00	/discussions/microsoft/view/123578-exam-sc-100-topic-3-question-38-discussion/ Same question found !!!
Recent discussion post : 2024-10-09 09:17:00 ==> 2025-02-21 15:48:00
Exam SC-100 topic 3	55	156939	2025-02-21 15:55:00	/discussions/microsoft/view/156939-exam-sc-100-topic-3-question-55-discussion/ New question found !!!
Exam PL-300 topic 2	114	156942	2025-02-21 16:37:00	/discussions/microsoft/view/156942-exam-pl-300-topic-2-question-114-discussion/ New question found !!!
Exam PL-300 topic 3	2	83494	2025-02-21 16:45:00	/discussions/microsoft/view/83494-exam-pl-300-topic-3-question-2-discussion/ Same question found !!!
Recent discussion post : 2024-11-20 11:07:00 ==> 2025-02-21 16:45:00
Exam MB-330 topic 1	4	69316	2025-02-21 16:51:00	/discussions/microsoft/view/69316-exam-mb-330-topic-1-question-4-discussion/ Same question found !!!
Recent discussion post : 2024-11-22 19:39:00 ==> 2025-02-21 16:51:00
Write Discuss List 20 / 40
Exam AZ-305 topic 1	58	118062	2025-02-21 17:21:00	/discussions/microsoft/view/118062-exam-az-305-topic-1-question-58-discussion/ Same question found !!!
did=118062, fname=ms/AZ305/AZ305-Q0058.html
Window 'Exam Topics Discussion' not found
Recent discussion post : 2025-01-04 14:00:00 ==> 2025-02-21 17:21:00
Exam MB-330 topic 1	6	71657	2025-02-21 17:37:00	/discussions/microsoft/view/71657-exam-mb-330-topic-1-question-6-discussion/ Same question found !!!
Recent discussion post : 2024-09-08 16:35:00 ==> 2025-02-21 17:37:00
Exam PL-300 topic 3	5	81739	2025-02-21 18:03:00	/discussions/microsoft/view/81739-exam-pl-300-topic-3-question-5-discussion/ Same question found !!!
Recent discussion post : 2024-12-03 15:22:00 ==> 2025-02-21 18:03:00
Exam MB-330 topic 1	7	64632	2025-02-21 18:35:00	/discussions/microsoft/view/64632-exam-mb-330-topic-1-question-7-discussion/ Same question found !!!
Recent discussion post : 2024-09-26 11:23:00 ==> 2025-02-21 18:35:00
Exam PL-300 topic 2	105	154485	2025-02-21 18:57:00	/discussions/microsoft/view/154485-exam-pl-300-topic-2-question-105-discussion/ Same question found !!!
Recent discussion post : 2025-02-21 06:27:00 ==> 2025-02-21 18:57:00
Exam AZ-204 topic 2	15	36012	2025-02-21 19:15:00	/discussions/microsoft/view/36012-exam-az-204-topic-2-question-15-discussion/ Same question found !!!
Recent discussion post : 2024-07-30 07:15:00 ==> 2025-02-21 19:15:00
Exam MD-102 topic 1	44	118660	2025-02-21 20:23:00	/discussions/microsoft/view/118660-exam-md-102-topic-1-question-44-discussion/ Same question found !!!
Recent discussion post : 2025-02-06 03:31:00 ==> 2025-02-21 20:23:00
Exam MB-330 topic 1	10	89761	2025-02-21 20:25:00	/discussions/microsoft/view/89761-exam-mb-330-topic-1-question-10-discussion/ Same question found !!!
Recent discussion post : 2024-07-19 08:17:00 ==> 2025-02-21 20:25:00
Exam SC-200 topic 2	32	95719	2025-02-21 20:45:00	/discussions/microsoft/view/95719-exam-sc-200-topic-2-question-32-discussion/ Same question found !!!
Recent discussion post : 2025-01-22 16:32:00 ==> 2025-02-21 20:45:00
Exam AZ-500 topic 5	49	68019	2025-02-21 20:57:00	/discussions/microsoft/view/68019-exam-az-500-topic-5-question-49-discussion/ Same question found !!!
Recent discussion post : 2025-02-03 16:15:00 ==> 2025-02-21 20:57:00
Exam SC-200 topic 2	36	96588	2025-02-21 22:04:00	/discussions/microsoft/view/96588-exam-sc-200-topic-2-question-36-discussion/ Same question found !!!
Recent discussion post : 2024-08-08 14:18:00 ==> 2025-02-21 22:04:00
Exam MS-102 topic 1	72	119469	2025-02-21 22:10:00	/discussions/microsoft/view/119469-exam-ms-102-topic-1-question-72-discussion/ Same question found !!!
Recent discussion post : 2025-02-16 07:37:00 ==> 2025-02-21 22:10:00
Exam SC-300 topic 2	9	60965	2025-02-21 22:12:00	/discussions/microsoft/view/60965-exam-sc-300-topic-2-question-9-discussion/ Same question found !!!
Recent discussion post : 2025-01-29 20:57:00 ==> 2025-02-21 22:12:00
Exam AZ-500 topic 5	58	94753	2025-02-21 22:22:00	/discussions/microsoft/view/94753-exam-az-500-topic-5-question-58-discussion/ Same question found !!!
Recent discussion post : 2024-08-01 13:14:00 ==> 2025-02-21 22:22:00
Exam PL-300 topic 1	45	156397	2025-02-21 22:55:00	/discussions/microsoft/view/156397-exam-pl-300-topic-1-question-45-discussion/ Same question found !!!
Recent discussion post : 2025-02-20 07:45:00 ==> 2025-02-21 22:55:00
Exam MS-900 topic 1	33	67584	2025-02-21 23:17:00	/discussions/microsoft/view/67584-exam-ms-900-topic-1-question-33-discussion/ Same question found !!!
Recent discussion post : 2025-01-08 12:59:00 ==> 2025-02-21 23:17:00
Exam AZ-500 topic 6	17	112602	2025-02-21 23:31:00	/discussions/microsoft/view/112602-exam-az-500-topic-6-question-17-discussion/ Same question found !!!
Recent discussion post : 2024-07-31 13:03:00 ==> 2025-02-21 23:31:00
Exam SC-300 topic 2	27	78703	2025-02-22 01:44:00	/discussions/microsoft/view/78703-exam-sc-300-topic-2-question-27-discussion/ Same question found !!!
Recent discussion post : 2024-10-17 13:17:00 ==> 2025-02-22 01:44:00
Exam AZ-900 topic 1	182	69479	2025-02-22 03:54:00	/discussions/microsoft/view/69479-exam-az-900-topic-1-question-182-discussion/ Same question found !!!
Recent discussion post : 2024-09-22 11:12:00 ==> 2025-02-22 03:54:00
Exam AZ-900 topic 1	198	69583	2025-02-22 04:32:00	/discussions/microsoft/view/69583-exam-az-900-topic-1-question-198-discussion/ Same question found !!!
Recent discussion post : 2024-07-23 15:45:00 ==> 2025-02-22 04:32:00
Write Discuss List 0 / 40
Microsoft discussions - ExamTopics Forum-36
Microsoft discussions - ExamTopics Forum-37
Microsoft discussions - ExamTopics Forum-38
Exam MB-500 topic 4	3	55565	2025-02-21 11:38:00	/discussions/microsoft/view/55565-exam-mb-500-topic-4-question-3-discussion/ Same question found !!!
Recent discussion post : 2024-09-13 06:08:00 ==> 2025-02-21 11:38:00
Exam MD-102 topic 1	337	156931	2025-02-21 12:13:00	/discussions/microsoft/view/156931-exam-md-102-topic-1-question-337-discussion/ New question found !!!
Exam AZ-120 topic 3	58	156932	2025-02-21 12:16:00	/discussions/microsoft/view/156932-exam-az-120-topic-3-question-58-discussion/ New question found !!!
Write Discuss List 40 / 43
Exam SC-100 topic 1	10	78421	2025-02-21 12:42:00	/discussions/microsoft/view/78421-exam-sc-100-topic-1-question-10-discussion/ Same question found !!!
Recent discussion post : 2025-01-28 12:10:00 ==> 2025-02-21 12:42:00
Exam AZ-104 topic 3	6	38353	2025-02-21 12:42:00	/discussions/microsoft/view/38353-exam-az-104-topic-3-question-6-discussion/ Same question found !!!
did=38353, fname=ms/AZ104/AZ104-Q0160.html
Window 'Exam Topics Discussion' not found
Recent discussion post : 2024-12-20 17:55:00 ==> 2025-02-21 12:42:00
Exam PL-600 topic 1	57	126315	2025-02-21 12:45:00	/discussions/microsoft/view/126315-exam-pl-600-topic-1-question-57-discussion/ Same question found !!!
Recent discussion post : 2025-01-16 00:17:00 ==> 2025-02-21 12:45:00
Exam AZ-204 topic 5	40	106742	2025-02-21 13:03:00	/discussions/microsoft/view/106742-exam-az-204-topic-5-question-40-discussion/ Same question found !!!
Recent discussion post : 2024-11-17 14:48:00 ==> 2025-02-21 13:03:00
Exam AZ-140 topic 3	46	155073	2025-02-21 13:07:00	/discussions/microsoft/view/155073-exam-az-140-topic-3-question-46-discussion/ Same question found !!!
Recent discussion post : 2025-02-08 17:57:00 ==> 2025-02-21 13:07:00
Exam DP-300 topic 4	9	58307	2025-02-21 13:50:00	/discussions/microsoft/view/58307-exam-dp-300-topic-4-question-9-discussion/ Same question found !!!
Recent discussion post : 2024-12-22 20:04:00 ==> 2025-02-21 13:50:00
Exam AZ-140 topic 2	14	65690	2025-02-21 13:58:00	/discussions/microsoft/view/65690-exam-az-140-topic-2-question-14-discussion/ Same question found !!!
Recent discussion post : 2024-07-16 19:05:00 ==> 2025-02-21 13:58:00
Exam AZ-104 topic 2	8	38114	2025-02-21 14:24:00	/discussions/microsoft/view/38114-exam-az-104-topic-2-question-8-discussion/ Same question found !!!
did=38114, fname=ms/AZ104/AZ104-Q0048.html
Window 'Exam Topics Discussion' not found
Recent discussion post : 2025-02-05 14:34:00 ==> 2025-02-21 14:24:00
Exam SC-200 topic 2	29	75349	2025-02-21 14:33:00	/discussions/microsoft/view/75349-exam-sc-200-topic-2-question-29-discussion/ Same question found !!!
Recent discussion post : 2025-01-03 12:16:00 ==> 2025-02-21 14:33:00
Exam SC-100 topic 1	41	155602	2025-02-21 14:46:00	/discussions/microsoft/view/155602-exam-sc-100-topic-1-question-41-discussion/ Same question found !!!
Recent discussion post : 2025-02-04 19:28:00 ==> 2025-02-21 14:46:00
Exam AZ-204 topic 5	43	116880	2025-02-21 14:49:00	/discussions/microsoft/view/116880-exam-az-204-topic-5-question-43-discussion/ Same question found !!!
Recent discussion post : 2025-01-14 19:05:00 ==> 2025-02-21 14:49:00
Exam SC-100 topic 2	3	78431	2025-02-21 14:49:00	/discussions/microsoft/view/78431-exam-sc-100-topic-2-question-3-discussion/ Same question found !!!
Recent discussion post : 2025-02-02 15:31:00 ==> 2025-02-21 14:49:00
Exam SC-100 topic 2	5	78436	2025-02-21 14:52:00	/discussions/microsoft/view/78436-exam-sc-100-topic-2-question-5-discussion/ Same question found !!!
Recent discussion post : 2025-02-14 06:26:00 ==> 2025-02-21 14:52:00
Exam SC-100 topic 2	56	155686	2025-02-21 15:20:00	/discussions/microsoft/view/155686-exam-sc-100-topic-2-question-56-discussion/ Same question found !!!
Recent discussion post : 2025-02-17 11:38:00 ==> 2025-02-21 15:20:00
Exam AZ-204 topic 1	3	78733	2025-02-21 15:34:00	/discussions/microsoft/view/78733-exam-az-204-topic-1-question-3-discussion/ Same question found !!!
Recent discussion post : 2025-01-27 08:17:00 ==> 2025-02-21 15:34:00
Exam SC-100 topic 3	38	123578	2025-02-21 15:48:00	/discussions/microsoft/view/123578-exam-sc-100-topic-3-question-38-discussion/ Same question found !!!
Recent discussion post : 2024-10-09 09:17:00 ==> 2025-02-21 15:48:00
Exam SC-100 topic 3	55	156939	2025-02-21 15:55:00	/discussions/microsoft/view/156939-exam-sc-100-topic-3-question-55-discussion/ New question found !!!
Exam PL-300 topic 2	114	156942	2025-02-21 16:37:00	/discussions/microsoft/view/156942-exam-pl-300-topic-2-question-114-discussion/ New question found !!!
Exam PL-300 topic 3	2	83494	2025-02-21 16:45:00	/discussions/microsoft/view/83494-exam-pl-300-topic-3-question-2-discussion/ Same question found !!!
Recent discussion post : 2024-11-20 11:07:00 ==> 2025-02-21 16:45:00
Exam MB-330 topic 1	4	69316	2025-02-21 16:51:00	/discussions/microsoft/view/69316-exam-mb-330-topic-1-question-4-discussion/ Same question found !!!
Recent discussion post : 2024-11-22 19:39:00 ==> 2025-02-21 16:51:00
Write Discuss List 20 / 43
Exam AZ-305 topic 1	58	118062	2025-02-21 17:21:00	/discussions/microsoft/view/118062-exam-az-305-topic-1-question-58-discussion/ Same question found !!!
did=118062, fname=ms/AZ305/AZ305-Q0058.html
Window 'Exam Topics Discussion' not found
Recent discussion post : 2025-01-04 14:00:00 ==> 2025-02-21 17:21:00
Exam MB-330 topic 1	6	71657	2025-02-21 17:37:00	/discussions/microsoft/view/71657-exam-mb-330-topic-1-question-6-discussion/ Same question found !!!
Recent discussion post : 2024-09-08 16:35:00 ==> 2025-02-21 17:37:00
Exam PL-300 topic 3	5	81739	2025-02-21 18:03:00	/discussions/microsoft/view/81739-exam-pl-300-topic-3-question-5-discussion/ Same question found !!!
Recent discussion post : 2024-12-03 15:22:00 ==> 2025-02-21 18:03:00
Exam MB-330 topic 1	7	64632	2025-02-21 18:35:00	/discussions/microsoft/view/64632-exam-mb-330-topic-1-question-7-discussion/ Same question found !!!
Recent discussion post : 2024-09-26 11:23:00 ==> 2025-02-21 18:35:00
Exam PL-300 topic 2	105	154485	2025-02-21 18:57:00	/discussions/microsoft/view/154485-exam-pl-300-topic-2-question-105-discussion/ Same question found !!!
Recent discussion post : 2025-02-21 06:27:00 ==> 2025-02-21 18:57:00
Exam AZ-204 topic 2	15	36012	2025-02-21 19:15:00	/discussions/microsoft/view/36012-exam-az-204-topic-2-question-15-discussion/ Same question found !!!
Recent discussion post : 2024-07-30 07:15:00 ==> 2025-02-21 19:15:00
Exam MD-102 topic 1	44	118660	2025-02-21 20:23:00	/discussions/microsoft/view/118660-exam-md-102-topic-1-question-44-discussion/ Same question found !!!
Recent discussion post : 2025-02-06 03:31:00 ==> 2025-02-21 20:23:00
Exam MB-330 topic 1	10	89761	2025-02-21 20:25:00	/discussions/microsoft/view/89761-exam-mb-330-topic-1-question-10-discussion/ Same question found !!!
Recent discussion post : 2024-07-19 08:17:00 ==> 2025-02-21 20:25:00
Exam SC-200 topic 2	32	95719	2025-02-21 20:45:00	/discussions/microsoft/view/95719-exam-sc-200-topic-2-question-32-discussion/ Same question found !!!
Recent discussion post : 2025-01-22 16:32:00 ==> 2025-02-21 20:45:00
Exam AZ-500 topic 5	49	68019	2025-02-21 20:57:00	/discussions/microsoft/view/68019-exam-az-500-topic-5-question-49-discussion/ Same question found !!!
Recent discussion post : 2025-02-03 16:15:00 ==> 2025-02-21 20:57:00
Exam SC-200 topic 2	36	96588	2025-02-21 22:04:00	/discussions/microsoft/view/96588-exam-sc-200-topic-2-question-36-discussion/ Same question found !!!
Recent discussion post : 2024-08-08 14:18:00 ==> 2025-02-21 22:04:00
Exam MS-102 topic 1	72	119469	2025-02-21 22:10:00	/discussions/microsoft/view/119469-exam-ms-102-topic-1-question-72-discussion/ Same question found !!!
Recent discussion post : 2025-02-16 07:37:00 ==> 2025-02-21 22:10:00
Exam SC-300 topic 2	9	60965	2025-02-21 22:12:00	/discussions/microsoft/view/60965-exam-sc-300-topic-2-question-9-discussion/ Same question found !!!
Recent discussion post : 2025-01-29 20:57:00 ==> 2025-02-21 22:12:00
Exam AZ-500 topic 5	58	94753	2025-02-21 22:22:00	/discussions/microsoft/view/94753-exam-az-500-topic-5-question-58-discussion/ Same question found !!!
Recent discussion post : 2024-08-01 13:14:00 ==> 2025-02-21 22:22:00
Exam PL-300 topic 1	45	156397	2025-02-21 22:55:00	/discussions/microsoft/view/156397-exam-pl-300-topic-1-question-45-discussion/ Same question found !!!
Recent discussion post : 2025-02-20 07:45:00 ==> 2025-02-21 22:55:00
Exam MS-900 topic 1	33	67584	2025-02-21 23:17:00	/discussions/microsoft/view/67584-exam-ms-900-topic-1-question-33-discussion/ Same question found !!!
Recent discussion post : 2025-01-08 12:59:00 ==> 2025-02-21 23:17:00
Exam AZ-500 topic 6	17	112602	2025-02-21 23:31:00	/discussions/microsoft/view/112602-exam-az-500-topic-6-question-17-discussion/ Same question found !!!
Recent discussion post : 2024-07-31 13:03:00 ==> 2025-02-21 23:31:00
Exam SC-300 topic 2	27	78703	2025-02-22 01:44:00	/discussions/microsoft/view/78703-exam-sc-300-topic-2-question-27-discussion/ Same question found !!!
Recent discussion post : 2024-10-17 13:17:00 ==> 2025-02-22 01:44:00
Exam AZ-900 topic 1	182	69479	2025-02-22 03:54:00	/discussions/microsoft/view/69479-exam-az-900-topic-1-question-182-discussion/ Same question found !!!
Recent discussion post : 2024-09-22 11:12:00 ==> 2025-02-22 03:54:00
Exam AZ-900 topic 1	198	69583	2025-02-22 04:32:00	/discussions/microsoft/view/69583-exam-az-900-topic-1-question-198-discussion/ Same question found !!!
Recent discussion post : 2024-07-23 15:45:00 ==> 2025-02-22 04:32:00
Write Discuss List 0 / 43
Microsoft discussions - ExamTopics Forum-36
Microsoft discussions - ExamTopics Forum-37
Microsoft discussions - ExamTopics Forum-38
Exam MB-500 topic 4	3	55565	2025-02-21 11:38:00	/discussions/microsoft/view/55565-exam-mb-500-topic-4-question-3-discussion/ Same question found !!!
Recent discussion post : 2024-09-13 06:08:00 ==> 2025-02-21 11:38:00
Exam MD-102 topic 1	337	156931	2025-02-21 12:13:00	/discussions/microsoft/view/156931-exam-md-102-topic-1-question-337-discussion/ New question found !!!
Exam AZ-120 topic 3	58	156932	2025-02-21 12:16:00	/discussions/microsoft/view/156932-exam-az-120-topic-3-question-58-discussion/ New question found !!!
Write Discuss List 40 / 43
Exam SC-100 topic 1	10	78421	2025-02-21 12:42:00	/discussions/microsoft/view/78421-exam-sc-100-topic-1-question-10-discussion/ Same question found !!!
Recent discussion post : 2025-01-28 12:10:00 ==> 2025-02-21 12:42:00
Exam AZ-104 topic 3	6	38353	2025-02-21 12:42:00	/discussions/microsoft/view/38353-exam-az-104-topic-3-question-6-discussion/ Same question found !!!
did=38353, fname=ms/AZ104/AZ104-Q0499.html
Recent discussion post : 2024-12-20 17:55:00 ==> 2025-02-21 12:42:00
Exam PL-600 topic 1	57	126315	2025-02-21 12:45:00	/discussions/microsoft/view/126315-exam-pl-600-topic-1-question-57-discussion/ Same question found !!!
Recent discussion post : 2025-01-16 00:17:00 ==> 2025-02-21 12:45:00
Exam AZ-204 topic 5	40	106742	2025-02-21 13:03:00	/discussions/microsoft/view/106742-exam-az-204-topic-5-question-40-discussion/ Same question found !!!
Recent discussion post : 2024-11-17 14:48:00 ==> 2025-02-21 13:03:00
Exam AZ-140 topic 3	46	155073	2025-02-21 13:07:00	/discussions/microsoft/view/155073-exam-az-140-topic-3-question-46-discussion/ Same question found !!!
Recent discussion post : 2025-02-08 17:57:00 ==> 2025-02-21 13:07:00
Exam DP-300 topic 4	9	58307	2025-02-21 13:50:00	/discussions/microsoft/view/58307-exam-dp-300-topic-4-question-9-discussion/ Same question found !!!
Recent discussion post : 2024-12-22 20:04:00 ==> 2025-02-21 13:50:00
Exam AZ-140 topic 2	14	65690	2025-02-21 13:58:00	/discussions/microsoft/view/65690-exam-az-140-topic-2-question-14-discussion/ Same question found !!!
Recent discussion post : 2024-07-16 19:05:00 ==> 2025-02-21 13:58:00
Exam AZ-104 topic 2	8	38114	2025-02-21 14:24:00	/discussions/microsoft/view/38114-exam-az-104-topic-2-question-8-discussion/ Same question found !!!
did=38114, fname=ms/AZ104/AZ104-Q0559.html
Window 'Exam Topics Discussion' not found
Recent discussion post : 2025-02-05 14:34:00 ==> 2025-02-21 14:24:00
Exam SC-200 topic 2	29	75349	2025-02-21 14:33:00	/discussions/microsoft/view/75349-exam-sc-200-topic-2-question-29-discussion/ Same question found !!!
Recent discussion post : 2025-01-03 12:16:00 ==> 2025-02-21 14:33:00
Exam SC-100 topic 1	41	155602	2025-02-21 14:46:00	/discussions/microsoft/view/155602-exam-sc-100-topic-1-question-41-discussion/ Same question found !!!
Recent discussion post : 2025-02-04 19:28:00 ==> 2025-02-21 14:46:00
Exam AZ-204 topic 5	43	116880	2025-02-21 14:49:00	/discussions/microsoft/view/116880-exam-az-204-topic-5-question-43-discussion/ Same question found !!!
Recent discussion post : 2025-01-14 19:05:00 ==> 2025-02-21 14:49:00
Exam SC-100 topic 2	3	78431	2025-02-21 14:49:00	/discussions/microsoft/view/78431-exam-sc-100-topic-2-question-3-discussion/ Same question found !!!
Recent discussion post : 2025-02-02 15:31:00 ==> 2025-02-21 14:49:00
Exam SC-100 topic 2	5	78436	2025-02-21 14:52:00	/discussions/microsoft/view/78436-exam-sc-100-topic-2-question-5-discussion/ Same question found !!!
Recent discussion post : 2025-02-14 06:26:00 ==> 2025-02-21 14:52:00
Exam SC-100 topic 2	56	155686	2025-02-21 15:20:00	/discussions/microsoft/view/155686-exam-sc-100-topic-2-question-56-discussion/ Same question found !!!
Recent discussion post : 2025-02-17 11:38:00 ==> 2025-02-21 15:20:00
Exam AZ-204 topic 1	3	78733	2025-02-21 15:34:00	/discussions/microsoft/view/78733-exam-az-204-topic-1-question-3-discussion/ Same question found !!!
Recent discussion post : 2025-01-27 08:17:00 ==> 2025-02-21 15:34:00
Exam SC-100 topic 3	38	123578	2025-02-21 15:48:00	/discussions/microsoft/view/123578-exam-sc-100-topic-3-question-38-discussion/ Same question found !!!
Recent discussion post : 2024-10-09 09:17:00 ==> 2025-02-21 15:48:00
Exam SC-100 topic 3	55	156939	2025-02-21 15:55:00	/discussions/microsoft/view/156939-exam-sc-100-topic-3-question-55-discussion/ New question found !!!
Exam PL-300 topic 2	114	156942	2025-02-21 16:37:00	/discussions/microsoft/view/156942-exam-pl-300-topic-2-question-114-discussion/ New question found !!!
Exam PL-300 topic 3	2	83494	2025-02-21 16:45:00	/discussions/microsoft/view/83494-exam-pl-300-topic-3-question-2-discussion/ Same question found !!!
Recent discussion post : 2024-11-20 11:07:00 ==> 2025-02-21 16:45:00
Exam MB-330 topic 1	4	69316	2025-02-21 16:51:00	/discussions/microsoft/view/69316-exam-mb-330-topic-1-question-4-discussion/ Same question found !!!
Recent discussion post : 2024-11-22 19:39:00 ==> 2025-02-21 16:51:00
Write Discuss List 20 / 43
Exam AZ-305 topic 1	58	118062	2025-02-21 17:21:00	/discussions/microsoft/view/118062-exam-az-305-topic-1-question-58-discussion/ Same question found !!!
did=118062, fname=ms/AZ305/AZ305-Q0055.html
Window 'Exam Topics Discussion' not found
Recent discussion post : 2025-01-04 14:00:00 ==> 2025-02-21 17:21:00
Exam MB-330 topic 1	6	71657	2025-02-21 17:37:00	/discussions/microsoft/view/71657-exam-mb-330-topic-1-question-6-discussion/ Same question found !!!
Recent discussion post : 2024-09-08 16:35:00 ==> 2025-02-21 17:37:00
Exam PL-300 topic 3	5	81739	2025-02-21 18:03:00	/discussions/microsoft/view/81739-exam-pl-300-topic-3-question-5-discussion/ Same question found !!!
Recent discussion post : 2024-12-03 15:22:00 ==> 2025-02-21 18:03:00
Exam MB-330 topic 1	7	64632	2025-02-21 18:35:00	/discussions/microsoft/view/64632-exam-mb-330-topic-1-question-7-discussion/ Same question found !!!
Recent discussion post : 2024-09-26 11:23:00 ==> 2025-02-21 18:35:00
Exam PL-300 topic 2	105	154485	2025-02-21 18:57:00	/discussions/microsoft/view/154485-exam-pl-300-topic-2-question-105-discussion/ Same question found !!!
Recent discussion post : 2025-02-21 06:27:00 ==> 2025-02-21 18:57:00
Exam AZ-204 topic 2	15	36012	2025-02-21 19:15:00	/discussions/microsoft/view/36012-exam-az-204-topic-2-question-15-discussion/ Same question found !!!
Recent discussion post : 2024-07-30 07:15:00 ==> 2025-02-21 19:15:00
Exam MD-102 topic 1	44	118660	2025-02-21 20:23:00	/discussions/microsoft/view/118660-exam-md-102-topic-1-question-44-discussion/ Same question found !!!
Recent discussion post : 2025-02-06 03:31:00 ==> 2025-02-21 20:23:00
Exam MB-330 topic 1	10	89761	2025-02-21 20:25:00	/discussions/microsoft/view/89761-exam-mb-330-topic-1-question-10-discussion/ Same question found !!!
Recent discussion post : 2024-07-19 08:17:00 ==> 2025-02-21 20:25:00
Exam SC-200 topic 2	32	95719	2025-02-21 20:45:00	/discussions/microsoft/view/95719-exam-sc-200-topic-2-question-32-discussion/ Same question found !!!
Recent discussion post : 2025-01-22 16:32:00 ==> 2025-02-21 20:45:00
Exam AZ-500 topic 5	49	68019	2025-02-21 20:57:00	/discussions/microsoft/view/68019-exam-az-500-topic-5-question-49-discussion/ Same question found !!!
Recent discussion post : 2025-02-03 16:15:00 ==> 2025-02-21 20:57:00
Exam SC-200 topic 2	36	96588	2025-02-21 22:04:00	/discussions/microsoft/view/96588-exam-sc-200-topic-2-question-36-discussion/ Same question found !!!
Recent discussion post : 2024-08-08 14:18:00 ==> 2025-02-21 22:04:00
Exam MS-102 topic 1	72	119469	2025-02-21 22:10:00	/discussions/microsoft/view/119469-exam-ms-102-topic-1-question-72-discussion/ Same question found !!!
Recent discussion post : 2025-02-16 07:37:00 ==> 2025-02-21 22:10:00
Exam SC-300 topic 2	9	60965	2025-02-21 22:12:00	/discussions/microsoft/view/60965-exam-sc-300-topic-2-question-9-discussion/ Same question found !!!
Recent discussion post : 2025-01-29 20:57:00 ==> 2025-02-21 22:12:00
Exam AZ-500 topic 5	58	94753	2025-02-21 22:22:00	/discussions/microsoft/view/94753-exam-az-500-topic-5-question-58-discussion/ Same question found !!!
Recent discussion post : 2024-08-01 13:14:00 ==> 2025-02-21 22:22:00
Exam PL-300 topic 1	45	156397	2025-02-21 22:55:00	/discussions/microsoft/view/156397-exam-pl-300-topic-1-question-45-discussion/ Same question found !!!
Recent discussion post : 2025-02-20 07:45:00 ==> 2025-02-21 22:55:00
Exam MS-900 topic 1	33	67584	2025-02-21 23:17:00	/discussions/microsoft/view/67584-exam-ms-900-topic-1-question-33-discussion/ Same question found !!!
Recent discussion post : 2025-01-08 12:59:00 ==> 2025-02-21 23:17:00
Exam AZ-500 topic 6	17	112602	2025-02-21 23:31:00	/discussions/microsoft/view/112602-exam-az-500-topic-6-question-17-discussion/ Same question found !!!
Recent discussion post : 2024-07-31 13:03:00 ==> 2025-02-21 23:31:00
Exam SC-300 topic 2	27	78703	2025-02-22 01:44:00	/discussions/microsoft/view/78703-exam-sc-300-topic-2-question-27-discussion/ Same question found !!!
Recent discussion post : 2024-10-17 13:17:00 ==> 2025-02-22 01:44:00
Exam AZ-900 topic 1	182	69479	2025-02-22 03:54:00	/discussions/microsoft/view/69479-exam-az-900-topic-1-question-182-discussion/ Same question found !!!
Recent discussion post : 2024-09-22 11:12:00 ==> 2025-02-22 03:54:00
Exam AZ-900 topic 1	198	69583	2025-02-22 04:32:00	/discussions/microsoft/view/69583-exam-az-900-topic-1-question-198-discussion/ Same question found !!!
Recent discussion post : 2024-07-23 15:45:00 ==> 2025-02-22 04:32:00
Write Discuss List 0 / 43
Microsoft discussions - ExamTopics Forum-36
Microsoft discussions - ExamTopics Forum-37
Microsoft discussions - ExamTopics Forum-38
Exam MB-500 topic 4	3	55565	2025-02-21 11:38:00	/discussions/microsoft/view/55565-exam-mb-500-topic-4-question-3-discussion/ Same question found !!!
Recent discussion post : 2024-09-13 06:08:00 ==> 2025-02-21 11:38:00
Exam MD-102 topic 1	337	156931	2025-02-21 12:13:00	/discussions/microsoft/view/156931-exam-md-102-topic-1-question-337-discussion/ New question found !!!
Exam AZ-120 topic 3	58	156932	2025-02-21 12:16:00	/discussions/microsoft/view/156932-exam-az-120-topic-3-question-58-discussion/ New question found !!!
Write Discuss List 40 / 43
Exam SC-100 topic 1	10	78421	2025-02-21 12:42:00	/discussions/microsoft/view/78421-exam-sc-100-topic-1-question-10-discussion/ Same question found !!!
Recent discussion post : 2025-01-28 12:10:00 ==> 2025-02-21 12:42:00
Exam AZ-104 topic 3	6	38353	2025-02-21 12:42:00	/discussions/microsoft/view/38353-exam-az-104-topic-3-question-6-discussion/ Same question found !!!
did=38353, fname=ms/AZ104/AZ104-Q0108.html
Recent discussion post : 2024-12-20 17:55:00 ==> 2025-02-21 12:42:00
Exam PL-600 topic 1	57	126315	2025-02-21 12:45:00	/discussions/microsoft/view/126315-exam-pl-600-topic-1-question-57-discussion/ Same question found !!!
Recent discussion post : 2025-01-16 00:17:00 ==> 2025-02-21 12:45:00
Exam AZ-204 topic 5	40	106742	2025-02-21 13:03:00	/discussions/microsoft/view/106742-exam-az-204-topic-5-question-40-discussion/ Same question found !!!
Recent discussion post : 2024-11-17 14:48:00 ==> 2025-02-21 13:03:00
Exam AZ-140 topic 3	46	155073	2025-02-21 13:07:00	/discussions/microsoft/view/155073-exam-az-140-topic-3-question-46-discussion/ Same question found !!!
Recent discussion post : 2025-02-08 17:57:00 ==> 2025-02-21 13:07:00
Exam DP-300 topic 4	9	58307	2025-02-21 13:50:00	/discussions/microsoft/view/58307-exam-dp-300-topic-4-question-9-discussion/ Same question found !!!
Recent discussion post : 2024-12-22 20:04:00 ==> 2025-02-21 13:50:00
Exam AZ-140 topic 2	14	65690	2025-02-21 13:58:00	/discussions/microsoft/view/65690-exam-az-140-topic-2-question-14-discussion/ Same question found !!!
Recent discussion post : 2024-07-16 19:05:00 ==> 2025-02-21 13:58:00
Exam AZ-104 topic 2	8	38114	2025-02-21 14:24:00	/discussions/microsoft/view/38114-exam-az-104-topic-2-question-8-discussion/ Same question found !!!
did=38114, fname=ms/AZ104/AZ104-Q0048.html
Window 'Exam Topics Discussion' not found
Recent discussion post : 2025-02-05 14:34:00 ==> 2025-02-21 14:24:00
Exam SC-200 topic 2	29	75349	2025-02-21 14:33:00	/discussions/microsoft/view/75349-exam-sc-200-topic-2-question-29-discussion/ Same question found !!!
Recent discussion post : 2025-01-03 12:16:00 ==> 2025-02-21 14:33:00
Exam SC-100 topic 1	41	155602	2025-02-21 14:46:00	/discussions/microsoft/view/155602-exam-sc-100-topic-1-question-41-discussion/ Same question found !!!
Recent discussion post : 2025-02-04 19:28:00 ==> 2025-02-21 14:46:00
Exam AZ-204 topic 5	43	116880	2025-02-21 14:49:00	/discussions/microsoft/view/116880-exam-az-204-topic-5-question-43-discussion/ Same question found !!!
Recent discussion post : 2025-01-14 19:05:00 ==> 2025-02-21 14:49:00
Exam SC-100 topic 2	3	78431	2025-02-21 14:49:00	/discussions/microsoft/view/78431-exam-sc-100-topic-2-question-3-discussion/ Same question found !!!
Recent discussion post : 2025-02-02 15:31:00 ==> 2025-02-21 14:49:00
Exam SC-100 topic 2	5	78436	2025-02-21 14:52:00	/discussions/microsoft/view/78436-exam-sc-100-topic-2-question-5-discussion/ Same question found !!!
Recent discussion post : 2025-02-14 06:26:00 ==> 2025-02-21 14:52:00
Exam SC-100 topic 2	56	155686	2025-02-21 15:20:00	/discussions/microsoft/view/155686-exam-sc-100-topic-2-question-56-discussion/ Same question found !!!
Recent discussion post : 2025-02-17 11:38:00 ==> 2025-02-21 15:20:00
Exam AZ-204 topic 1	3	78733	2025-02-21 15:34:00	/discussions/microsoft/view/78733-exam-az-204-topic-1-question-3-discussion/ Same question found !!!
Recent discussion post : 2025-01-27 08:17:00 ==> 2025-02-21 15:34:00
Exam SC-100 topic 3	38	123578	2025-02-21 15:48:00	/discussions/microsoft/view/123578-exam-sc-100-topic-3-question-38-discussion/ Same question found !!!
Recent discussion post : 2024-10-09 09:17:00 ==> 2025-02-21 15:48:00
Exam SC-100 topic 3	55	156939	2025-02-21 15:55:00	/discussions/microsoft/view/156939-exam-sc-100-topic-3-question-55-discussion/ New question found !!!
Exam PL-300 topic 2	114	156942	2025-02-21 16:37:00	/discussions/microsoft/view/156942-exam-pl-300-topic-2-question-114-discussion/ New question found !!!
Exam PL-300 topic 3	2	83494	2025-02-21 16:45:00	/discussions/microsoft/view/83494-exam-pl-300-topic-3-question-2-discussion/ Same question found !!!
Recent discussion post : 2024-11-20 11:07:00 ==> 2025-02-21 16:45:00
Exam MB-330 topic 1	4	69316	2025-02-21 16:51:00	/discussions/microsoft/view/69316-exam-mb-330-topic-1-question-4-discussion/ Same question found !!!
Recent discussion post : 2024-11-22 19:39:00 ==> 2025-02-21 16:51:00
Write Discuss List 20 / 43
Exam AZ-305 topic 1	58	118062	2025-02-21 17:21:00	/discussions/microsoft/view/118062-exam-az-305-topic-1-question-58-discussion/ Same question found !!!
did=118062, fname=ms/AZ305/AZ305-Q0232.html
Window 'Exam Topics Discussion' not found
Recent discussion post : 2025-01-04 14:00:00 ==> 2025-02-21 17:21:00
Exam MB-330 topic 1	6	71657	2025-02-21 17:37:00	/discussions/microsoft/view/71657-exam-mb-330-topic-1-question-6-discussion/ Same question found !!!
Recent discussion post : 2024-09-08 16:35:00 ==> 2025-02-21 17:37:00
Exam PL-300 topic 3	5	81739	2025-02-21 18:03:00	/discussions/microsoft/view/81739-exam-pl-300-topic-3-question-5-discussion/ Same question found !!!
Recent discussion post : 2024-12-03 15:22:00 ==> 2025-02-21 18:03:00
Exam MB-330 topic 1	7	64632	2025-02-21 18:35:00	/discussions/microsoft/view/64632-exam-mb-330-topic-1-question-7-discussion/ Same question found !!!
Recent discussion post : 2024-09-26 11:23:00 ==> 2025-02-21 18:35:00
Exam PL-300 topic 2	105	154485	2025-02-21 18:57:00	/discussions/microsoft/view/154485-exam-pl-300-topic-2-question-105-discussion/ Same question found !!!
Recent discussion post : 2025-02-21 06:27:00 ==> 2025-02-21 18:57:00
Exam AZ-204 topic 2	15	36012	2025-02-21 19:15:00	/discussions/microsoft/view/36012-exam-az-204-topic-2-question-15-discussion/ Same question found !!!
Recent discussion post : 2024-07-30 07:15:00 ==> 2025-02-21 19:15:00
Exam MD-102 topic 1	44	118660	2025-02-21 20:23:00	/discussions/microsoft/view/118660-exam-md-102-topic-1-question-44-discussion/ Same question found !!!
Recent discussion post : 2025-02-06 03:31:00 ==> 2025-02-21 20:23:00
Exam MB-330 topic 1	10	89761	2025-02-21 20:25:00	/discussions/microsoft/view/89761-exam-mb-330-topic-1-question-10-discussion/ Same question found !!!
Recent discussion post : 2024-07-19 08:17:00 ==> 2025-02-21 20:25:00
Exam SC-200 topic 2	32	95719	2025-02-21 20:45:00	/discussions/microsoft/view/95719-exam-sc-200-topic-2-question-32-discussion/ Same question found !!!
Recent discussion post : 2025-01-22 16:32:00 ==> 2025-02-21 20:45:00
Exam AZ-500 topic 5	49	68019	2025-02-21 20:57:00	/discussions/microsoft/view/68019-exam-az-500-topic-5-question-49-discussion/ Same question found !!!
Recent discussion post : 2025-02-03 16:15:00 ==> 2025-02-21 20:57:00
Exam SC-200 topic 2	36	96588	2025-02-21 22:04:00	/discussions/microsoft/view/96588-exam-sc-200-topic-2-question-36-discussion/ Same question found !!!
Recent discussion post : 2024-08-08 14:18:00 ==> 2025-02-21 22:04:00
Exam MS-102 topic 1	72	119469	2025-02-21 22:10:00	/discussions/microsoft/view/119469-exam-ms-102-topic-1-question-72-discussion/ Same question found !!!
Recent discussion post : 2025-02-16 07:37:00 ==> 2025-02-21 22:10:00
Exam SC-300 topic 2	9	60965	2025-02-21 22:12:00	/discussions/microsoft/view/60965-exam-sc-300-topic-2-question-9-discussion/ Same question found !!!
Recent discussion post : 2025-01-29 20:57:00 ==> 2025-02-21 22:12:00
Exam AZ-500 topic 5	58	94753	2025-02-21 22:22:00	/discussions/microsoft/view/94753-exam-az-500-topic-5-question-58-discussion/ Same question found !!!
Recent discussion post : 2024-08-01 13:14:00 ==> 2025-02-21 22:22:00
Exam PL-300 topic 1	45	156397	2025-02-21 22:55:00	/discussions/microsoft/view/156397-exam-pl-300-topic-1-question-45-discussion/ Same question found !!!
Recent discussion post : 2025-02-20 07:45:00 ==> 2025-02-21 22:55:00
Exam MS-900 topic 1	33	67584	2025-02-21 23:17:00	/discussions/microsoft/view/67584-exam-ms-900-topic-1-question-33-discussion/ Same question found !!!
Recent discussion post : 2025-01-08 12:59:00 ==> 2025-02-21 23:17:00
Exam AZ-500 topic 6	17	112602	2025-02-21 23:31:00	/discussions/microsoft/view/112602-exam-az-500-topic-6-question-17-discussion/ Same question found !!!
Recent discussion post : 2024-07-31 13:03:00 ==> 2025-02-21 23:31:00
Exam SC-300 topic 2	27	78703	2025-02-22 01:44:00	/discussions/microsoft/view/78703-exam-sc-300-topic-2-question-27-discussion/ Same question found !!!
Recent discussion post : 2024-10-17 13:17:00 ==> 2025-02-22 01:44:00
Exam AZ-900 topic 1	182	69479	2025-02-22 03:54:00	/discussions/microsoft/view/69479-exam-az-900-topic-1-question-182-discussion/ Same question found !!!
Recent discussion post : 2024-09-22 11:12:00 ==> 2025-02-22 03:54:00
Exam AZ-900 topic 1	198	69583	2025-02-22 04:32:00	/discussions/microsoft/view/69583-exam-az-900-topic-1-question-198-discussion/ Same question found !!!
Recent discussion post : 2024-07-23 15:45:00 ==> 2025-02-22 04:32:00
Write Discuss List 0 / 43
Microsoft discussions - ExamTopics Forum-26
Microsoft discussions - ExamTopics Forum-27
Microsoft discussions - ExamTopics Forum-28
Microsoft discussions - ExamTopics Forum-29
Microsoft discussions - ExamTopics Forum-30
Microsoft discussions - ExamTopics Forum-31
Microsoft discussions - ExamTopics Forum-32
Microsoft discussions - ExamTopics Forum-33
Microsoft discussions - ExamTopics Forum-34
Microsoft discussions - ExamTopics Forum-35
Microsoft discussions - ExamTopics Forum-36
Exam AZ-801 topic 2	25	156030	2025-02-22 04:45:00	/discussions/microsoft/view/156030-exam-az-801-topic-2-question-25-discussion/ Same question found !!!
Recent discussion post : 2025-02-06 13:31:00 ==> 2025-02-22 04:45:00
Exam AZ-801 topic 2	26	156733	2025-02-22 05:00:00	/discussions/microsoft/view/156733-exam-az-801-topic-2-question-26-discussion/ New question found !!!
Exam MB-330 topic 1	15	71212	2025-02-22 05:30:00	/discussions/microsoft/view/71212-exam-mb-330-topic-1-question-15-discussion/ Same question found !!!
Recent discussion post : 2025-02-19 06:36:00 ==> 2025-02-22 05:30:00
Exam AZ-104 topic 7	2	41444	2025-02-22 06:33:00	/discussions/microsoft/view/41444-exam-az-104-topic-7-question-2-discussion/ Same question found !!!
Recent discussion post : 2025-02-15 15:58:00 ==> 2025-02-22 06:33:00
Exam MB-330 topic 1	20	68336	2025-02-22 06:46:00	/discussions/microsoft/view/68336-exam-mb-330-topic-1-question-20-discussion/ Same question found !!!
Recent discussion post : 2025-01-28 17:38:00 ==> 2025-02-22 06:46:00
Exam SC-100 topic 1	39	155591	2025-02-22 08:28:00	/discussions/microsoft/view/155591-exam-sc-100-topic-1-question-39-discussion/ Same question found !!!
Recent discussion post : 2025-02-14 06:09:00 ==> 2025-02-22 08:28:00
Exam DP-700 topic 1	32	153705	2025-02-22 09:44:00	/discussions/microsoft/view/153705-exam-dp-700-topic-1-question-32-discussion/ Same question found !!!
Recent discussion post : 2025-02-17 01:36:00 ==> 2025-02-22 09:44:00
Exam MD-102 topic 1	271	143857	2025-02-22 10:16:00	/discussions/microsoft/view/143857-exam-md-102-topic-1-question-271-discussion/ Same question found !!!
Recent discussion post : 2024-11-25 14:52:00 ==> 2025-02-22 10:16:00
Exam MB-330 topic 5	51	150103	2025-02-22 12:27:00	/discussions/microsoft/view/150103-exam-mb-330-topic-5-question-51-discussion/ Same question found !!!
Recent discussion post : 2024-10-23 11:19:00 ==> 2025-02-22 12:27:00
Exam AZ-104 topic 4	5	38264	2025-02-22 12:48:00	/discussions/microsoft/view/38264-exam-az-104-topic-4-question-5-discussion/ Same question found !!!
Window 'Exam Topics Discussion' not found
Recent discussion post : 2024-09-07 20:29:00 ==> 2025-02-22 12:48:00
Exam MD-102 topic 1	305	151031	2025-02-22 12:50:00	/discussions/microsoft/view/151031-exam-md-102-topic-1-question-305-discussion/ Same question found !!!
Recent discussion post : 2025-02-02 22:32:00 ==> 2025-02-22 12:50:00
Exam DP-203 topic 2	34	53677	2025-02-22 13:16:00	/discussions/microsoft/view/53677-exam-dp-203-topic-2-question-34-discussion/ Same question found !!!
Recent discussion post : 2024-12-01 05:13:00 ==> 2025-02-22 13:16:00
Exam AZ-104 topic 4	95	119710	2025-02-22 13:24:00	/discussions/microsoft/view/119710-exam-az-104-topic-4-question-95-discussion/ Same question found !!!
Window 'Exam Topics Discussion' not found
Recent discussion post : 2025-01-12 20:17:00 ==> 2025-02-22 13:24:00
Exam DP-203 topic 2	35	52539	2025-02-22 13:26:00	/discussions/microsoft/view/52539-exam-dp-203-topic-2-question-35-discussion/ Same question found !!!
Recent discussion post : 2024-11-20 02:10:00 ==> 2025-02-22 13:26:00
Exam DP-203 topic 2	36	54675	2025-02-22 13:35:00	/discussions/microsoft/view/54675-exam-dp-203-topic-2-question-36-discussion/ Same question found !!!
Recent discussion post : 2024-10-11 14:12:00 ==> 2025-02-22 13:35:00
Exam PL-300 topic 9	5	82717	2025-02-22 14:04:00	/discussions/microsoft/view/82717-exam-pl-300-topic-9-question-5-discussion/ Same question found !!!
Recent discussion post : 2025-02-20 17:55:00 ==> 2025-02-22 14:04:00
Exam AZ-204 topic 2	28	36395	2025-02-22 15:47:00	/discussions/microsoft/view/36395-exam-az-204-topic-2-question-28-discussion/ Same question found !!!
Recent discussion post : 2024-08-04 17:10:00 ==> 2025-02-22 15:47:00
Exam MD-102 topic 1	321	150851	2025-02-22 17:06:00	/discussions/microsoft/view/150851-exam-md-102-topic-1-question-321-discussion/ Same question found !!!
Recent discussion post : 2025-02-10 05:10:00 ==> 2025-02-22 17:06:00
Exam PL-300 topic 1	28	122512	2025-02-22 17:08:00	/discussions/microsoft/view/122512-exam-pl-300-topic-1-question-28-discussion/ Same question found !!!
Recent discussion post : 2025-02-11 19:00:00 ==> 2025-02-22 17:08:00
Exam MD-102 topic 1	323	150852	2025-02-22 17:28:00	/discussions/microsoft/view/150852-exam-md-102-topic-1-question-323-discussion/ Same question found !!!
Recent discussion post : 2025-01-30 11:01:00 ==> 2025-02-22 17:28:00
Write Discuss List 180 / 200
Exam AZ-801 topic 2	28	156034	2025-02-22 17:41:00	/discussions/microsoft/view/156034-exam-az-801-topic-2-question-28-discussion/ New question found !!!
Exam SC-300 topic 3	22	100464	2025-02-22 17:44:00	/discussions/microsoft/view/100464-exam-sc-300-topic-3-question-22-discussion/ Same question found !!!
Recent discussion post : 2024-11-21 18:09:00 ==> 2025-02-22 17:44:00
Exam AZ-500 topic 2	32	46674	2025-02-22 17:49:00	/discussions/microsoft/view/46674-exam-az-500-topic-2-question-32-discussion/ Same question found !!!
Recent discussion post : 2024-10-30 21:17:00 ==> 2025-02-22 17:49:00
Exam MD-102 topic 1	331	152766	2025-02-22 18:00:00	/discussions/microsoft/view/152766-exam-md-102-topic-1-question-331-discussion/ Same question found !!!
Recent discussion post : 2025-02-05 09:46:00 ==> 2025-02-22 18:00:00
Exam AZ-700 topic 5	45	156498	2025-02-22 18:01:00	/discussions/microsoft/view/156498-exam-az-700-topic-5-question-45-discussion/ New question found !!!
Exam SC-300 topic 3	55	154599	2025-02-22 18:52:00	/discussions/microsoft/view/154599-exam-sc-300-topic-3-question-55-discussion/ Same question found !!!
Recent discussion post : 2025-02-20 01:37:00 ==> 2025-02-22 18:52:00
Exam SC-300 topic 3	57	156514	2025-02-22 18:55:00	/discussions/microsoft/view/156514-exam-sc-300-topic-3-question-57-discussion/ Same question found !!!
Recent discussion post : 2025-02-16 15:43:00 ==> 2025-02-22 18:55:00
Exam AZ-700 topic 5	46	156991	2025-02-22 18:59:00	/discussions/microsoft/view/156991-exam-az-700-topic-5-question-46-discussion/ New question found !!!
Exam AZ-700 topic 5	47	156992	2025-02-22 19:17:00	/discussions/microsoft/view/156992-exam-az-700-topic-5-question-47-discussion/ New question found !!!
Exam DP-700 topic 2	6	155366	2025-02-22 19:39:00	/discussions/microsoft/view/155366-exam-dp-700-topic-2-question-6-discussion/ Same question found !!!
Recent discussion post : 2025-01-25 06:00:00 ==> 2025-02-22 19:39:00
Exam MS-900 topic 1	51	5085	2025-02-22 19:45:00	/discussions/microsoft/view/5085-exam-ms-900-topic-1-question-51-discussion/ Same question found !!!
Recent discussion post : 2025-02-09 12:51:00 ==> 2025-02-22 19:45:00
Exam DP-700 topic 2	9	153727	2025-02-22 19:51:00	/discussions/microsoft/view/153727-exam-dp-700-topic-2-question-9-discussion/ Same question found !!!
Recent discussion post : 2025-01-21 11:17:00 ==> 2025-02-22 19:51:00
Exam AZ-800 topic 1	12	78342	2025-02-22 21:06:00	/discussions/microsoft/view/78342-exam-az-800-topic-1-question-12-discussion/ Same question found !!!
Recent discussion post : 2025-01-11 21:56:00 ==> 2025-02-22 21:06:00
Exam SC-300 topic 4	35	78905	2025-02-22 21:36:00	/discussions/microsoft/view/78905-exam-sc-300-topic-4-question-35-discussion/ Same question found !!!
Recent discussion post : 2025-02-17 21:04:00 ==> 2025-02-22 21:36:00
Exam AZ-801 topic 1	11	74214	2025-02-22 21:55:00	/discussions/microsoft/view/74214-exam-az-801-topic-1-question-11-discussion/ Same question found !!!
Recent discussion post : 2025-02-06 07:23:00 ==> 2025-02-22 21:55:00
Exam AZ-305 topic 4	47	78959	2025-02-22 22:45:00	/discussions/microsoft/view/78959-exam-az-305-topic-4-question-47-discussion/ Same question found !!!
Window 'Exam Topics Discussion' not found
Recent discussion post : 2024-11-13 16:14:00 ==> 2025-02-22 22:45:00
Exam MD-102 topic 1	354	157010	2025-02-22 22:48:00	/discussions/microsoft/view/157010-exam-md-102-topic-1-question-354-discussion/ New question found !!!
Exam MB-920 topic 1	7	70252	2025-02-22 23:03:00	/discussions/microsoft/view/70252-exam-mb-920-topic-1-question-7-discussion/ Same question found !!!
Recent discussion post : 2024-06-21 16:17:00 ==> 2025-02-22 23:03:00
Exam PL-200 topic 1	5	41762	2025-02-22 23:41:00	/discussions/microsoft/view/41762-exam-pl-200-topic-1-question-5-discussion/ Same question found !!!
Recent discussion post : 2025-01-09 01:47:00 ==> 2025-02-22 23:41:00
Exam AZ-801 topic 3	9	74343	2025-02-23 00:08:00	/discussions/microsoft/view/74343-exam-az-801-topic-3-question-9-discussion/ Same question found !!!
Recent discussion post : 2025-02-06 14:12:00 ==> 2025-02-23 00:08:00
Write Discuss List 160 / 200
Exam AZ-700 topic 2	28	94684	2025-02-23 00:19:00	/discussions/microsoft/view/94684-exam-az-700-topic-2-question-28-discussion/ Same question found !!!
Recent discussion post : 2024-07-20 14:19:00 ==> 2025-02-23 00:19:00
Exam MB-920 topic 1	15	48638	2025-02-23 00:31:00	/discussions/microsoft/view/48638-exam-mb-920-topic-1-question-15-discussion/ Same question found !!!
Recent discussion post : 2024-11-30 09:24:00 ==> 2025-02-23 00:31:00
Exam SC-200 topic 3	24	53681	2025-02-23 02:11:00	/discussions/microsoft/view/53681-exam-sc-200-topic-3-question-24-discussion/ Same question found !!!
Recent discussion post : 2024-12-10 09:10:00 ==> 2025-02-23 02:11:00
Exam SC-200 topic 3	27	63359	2025-02-23 02:24:00	/discussions/microsoft/view/63359-exam-sc-200-topic-3-question-27-discussion/ Same question found !!!
Recent discussion post : 2024-12-09 06:05:00 ==> 2025-02-23 02:24:00
Exam SC-200 topic 2	25	63123	2025-02-23 02:40:00	/discussions/microsoft/view/63123-exam-sc-200-topic-2-question-25-discussion/ Same question found !!!
Recent discussion post : 2025-01-22 16:23:00 ==> 2025-02-23 02:40:00
Exam MS-102 topic 1	173	120984	2025-02-23 02:59:00	/discussions/microsoft/view/120984-exam-ms-102-topic-1-question-173-discussion/ Same question found !!!
Recent discussion post : 2024-11-21 11:59:00 ==> 2025-02-23 02:59:00
Exam AZ-801 topic 3	21	151156	2025-02-23 03:21:00	/discussions/microsoft/view/151156-exam-az-801-topic-3-question-21-discussion/ Same question found !!!
Recent discussion post : 2024-11-14 07:09:00 ==> 2025-02-23 03:21:00
Exam MS-900 topic 1	175	83865	2025-02-23 03:54:00	/discussions/microsoft/view/83865-exam-ms-900-topic-1-question-175-discussion/ New question found !!!
Exam AZ-104 topic 6	60	125036	2025-02-23 05:53:00	/discussions/microsoft/view/125036-exam-az-104-topic-6-question-60-discussion/ New question found !!!
Exam AZ-700 topic 1	50	153018	2025-02-23 07:16:00	/discussions/microsoft/view/153018-exam-az-700-topic-1-question-50-discussion/ Same question found !!!
Recent discussion post : 2025-02-10 18:46:00 ==> 2025-02-23 07:16:00
Exam AZ-120 topic 5	13	157020	2025-02-23 07:23:00	/discussions/microsoft/view/157020-exam-az-120-topic-5-question-13-discussion/ New question found !!!
Exam MD-102 topic 1	24	117909	2025-02-23 08:33:00	/discussions/microsoft/view/117909-exam-md-102-topic-1-question-24-discussion/ Same question found !!!
Recent discussion post : 2025-02-07 15:35:00 ==> 2025-02-23 08:33:00
Exam AZ-104 topic 2	81	113107	2025-02-23 10:41:00	/discussions/microsoft/view/113107-exam-az-104-topic-2-question-81-discussion/ Same question found !!!
Window 'Exam Topics Discussion' not found
Recent discussion post : 2024-12-13 06:00:00 ==> 2025-02-23 10:41:00
Exam SC-300 topic 1	95	153437	2025-02-23 11:18:00	/discussions/microsoft/view/153437-exam-sc-300-topic-1-question-95-discussion/ Same question found !!!
Recent discussion post : 2025-01-26 00:14:00 ==> 2025-02-23 11:18:00
Exam SC-300 topic 1	63	124889	2025-02-23 11:27:00	/discussions/microsoft/view/124889-exam-sc-300-topic-1-question-63-discussion/ Same question found !!!
Recent discussion post : 2025-02-19 19:13:00 ==> 2025-02-23 11:27:00
Exam MS-721 topic 1	96	124739	2025-02-23 11:35:00	/discussions/microsoft/view/124739-exam-ms-721-topic-1-question-96-discussion/ New question found !!!
Exam PL-300 topic 2	111	156204	2025-02-23 11:47:00	/discussions/microsoft/view/156204-exam-pl-300-topic-2-question-111-discussion/ Same question found !!!
Recent discussion post : 2025-02-09 08:16:00 ==> 2025-02-23 11:47:00
Exam AZ-120 topic 1	3	24371	2025-02-23 12:39:00	/discussions/microsoft/view/24371-exam-az-120-topic-1-question-3-discussion/ New question found !!!
Exam DP-420 topic 2	5	80371	2025-02-23 12:56:00	/discussions/microsoft/view/80371-exam-dp-420-topic-2-question-5-discussion/ Same question found !!!
Recent discussion post : 2025-02-16 17:31:00 ==> 2025-02-23 12:56:00
Exam AI-900 topic 1	232	116581	2025-02-23 13:18:00	/discussions/microsoft/view/116581-exam-ai-900-topic-1-question-232-discussion/ Same question found !!!
Recent discussion post : 2024-07-23 21:35:00 ==> 2025-02-23 13:18:00
Write Discuss List 140 / 200
Exam MS-102 topic 1	45	118647	2025-02-23 14:15:00	/discussions/microsoft/view/118647-exam-ms-102-topic-1-question-45-discussion/ Same question found !!!
Recent discussion post : 2025-01-10 11:46:00 ==> 2025-02-23 14:15:00
Exam AZ-104 topic 1	12	56338	2025-02-23 14:40:00	/discussions/microsoft/view/56338-exam-az-104-topic-1-question-12-discussion/ Same question found !!!
Window 'Exam Topics Discussion' not found
Recent discussion post : 2025-01-06 01:15:00 ==> 2025-02-23 14:40:00
Exam SC-200 topic 3	50	96431	2025-02-23 15:51:00	/discussions/microsoft/view/96431-exam-sc-200-topic-3-question-50-discussion/ Same question found !!!
Recent discussion post : 2024-08-14 12:34:00 ==> 2025-02-23 15:51:00
Exam MB-800 topic 1	11	57743	2025-02-23 16:15:00	/discussions/microsoft/view/57743-exam-mb-800-topic-1-question-11-discussion/ Same question found !!!
Recent discussion post : 2025-02-12 10:13:00 ==> 2025-02-23 16:15:00
Exam MB-800 topic 1	13	57828	2025-02-23 16:20:00	/discussions/microsoft/view/57828-exam-mb-800-topic-1-question-13-discussion/ Same question found !!!
Recent discussion post : 2024-10-14 06:50:00 ==> 2025-02-23 16:20:00
Exam DP-900 topic 1	21	48659	2025-02-23 16:30:00	/discussions/microsoft/view/48659-exam-dp-900-topic-1-question-21-discussion/ Same question found !!!
Recent discussion post : 2024-11-18 05:27:00 ==> 2025-02-23 16:30:00
Exam MB-800 topic 1	14	61076	2025-02-23 16:42:00	/discussions/microsoft/view/61076-exam-mb-800-topic-1-question-14-discussion/ Same question found !!!
Recent discussion post : 2024-09-11 22:00:00 ==> 2025-02-23 16:42:00
Exam MB-800 topic 1	15	65202	2025-02-23 16:48:00	/discussions/microsoft/view/65202-exam-mb-800-topic-1-question-15-discussion/ Same question found !!!
Recent discussion post : 2024-09-11 21:58:00 ==> 2025-02-23 16:48:00
Exam AZ-801 topic 4	26	156946	2025-02-23 16:50:00	/discussions/microsoft/view/156946-exam-az-801-topic-4-question-26-discussion/ New question found !!!
Exam AZ-801 topic 1	20	98690	2025-02-23 16:51:00	/discussions/microsoft/view/98690-exam-az-801-topic-1-question-20-discussion/ Same question found !!!
Recent discussion post : 2025-02-06 07:35:00 ==> 2025-02-23 16:51:00
Exam MB-800 topic 1	16	60555	2025-02-23 16:58:00	/discussions/microsoft/view/60555-exam-mb-800-topic-1-question-16-discussion/ Same question found !!!
Recent discussion post : 2024-08-26 21:24:00 ==> 2025-02-23 16:58:00
Exam MB-800 topic 1	17	65534	2025-02-23 17:08:00	/discussions/microsoft/view/65534-exam-mb-800-topic-1-question-17-discussion/ New question found !!!
Exam PL-300 topic 1	2	79816	2025-02-23 17:15:00	/discussions/microsoft/view/79816-exam-pl-300-topic-1-question-2-discussion/ Same question found !!!
Recent discussion post : 2024-08-08 14:36:00 ==> 2025-02-23 17:15:00
Exam PL-300 topic 1	3	80518	2025-02-23 17:26:00	/discussions/microsoft/view/80518-exam-pl-300-topic-1-question-3-discussion/ Same question found !!!
Recent discussion post : 2025-02-20 02:21:00 ==> 2025-02-23 17:26:00
Exam AZ-801 topic 5	4	74793	2025-02-23 17:49:00	/discussions/microsoft/view/74793-exam-az-801-topic-5-question-4-discussion/ Same question found !!!
Recent discussion post : 2024-10-27 13:40:00 ==> 2025-02-23 17:49:00
Exam MB-800 topic 1	19	105887	2025-02-23 17:57:00	/discussions/microsoft/view/105887-exam-mb-800-topic-1-question-19-discussion/ New question found !!!
Exam PL-300 topic 2	68	104676	2025-02-23 18:02:00	/discussions/microsoft/view/104676-exam-pl-300-topic-2-question-68-discussion/ Same question found !!!
Recent discussion post : 2024-11-19 16:56:00 ==> 2025-02-23 18:02:00
Exam MB-800 topic 1	20	80920	2025-02-23 18:22:00	/discussions/microsoft/view/80920-exam-mb-800-topic-1-question-20-discussion/ Same question found !!!
Recent discussion post : 2025-01-15 09:54:00 ==> 2025-02-23 18:22:00
Exam SC-200 topic 3	72	116927	2025-02-23 18:23:00	/discussions/microsoft/view/116927-exam-sc-200-topic-3-question-72-discussion/ Same question found !!!
Recent discussion post : 2024-10-18 06:58:00 ==> 2025-02-23 18:23:00
Exam MD-102 topic 1	294	149317	2025-02-23 18:23:00	/discussions/microsoft/view/149317-exam-md-102-topic-1-question-294-discussion/ Same question found !!!
Recent discussion post : 2024-12-02 21:16:00 ==> 2025-02-23 18:23:00
Write Discuss List 120 / 200
Exam MB-800 topic 1	21	80922	2025-02-23 18:37:00	/discussions/microsoft/view/80922-exam-mb-800-topic-1-question-21-discussion/ Same question found !!!
Recent discussion post : 2024-10-27 16:26:00 ==> 2025-02-23 18:37:00
Exam MS-102 topic 1	88	118988	2025-02-23 18:37:00	/discussions/microsoft/view/118988-exam-ms-102-topic-1-question-88-discussion/ Same question found !!!
Recent discussion post : 2025-01-25 12:02:00 ==> 2025-02-23 18:37:00
Exam PL-300 topic 2	54	94648	2025-02-23 18:40:00	/discussions/microsoft/view/94648-exam-pl-300-topic-2-question-54-discussion/ Same question found !!!
Recent discussion post : 2025-01-21 04:43:00 ==> 2025-02-23 18:40:00
Exam MD-102 topic 1	313	151088	2025-02-23 18:51:00	/discussions/microsoft/view/151088-exam-md-102-topic-1-question-313-discussion/ Same question found !!!
Recent discussion post : 2025-02-10 05:38:00 ==> 2025-02-23 18:51:00
Exam MB-800 topic 1	23	79703	2025-02-23 18:54:00	/discussions/microsoft/view/79703-exam-mb-800-topic-1-question-23-discussion/ Same question found !!!
Recent discussion post : 2025-01-15 10:07:00 ==> 2025-02-23 18:54:00
Exam MB-800 topic 1	24	82101	2025-02-23 18:57:00	/discussions/microsoft/view/82101-exam-mb-800-topic-1-question-24-discussion/ New question found !!!
Exam PL-200 topic 1	53	96056	2025-02-23 19:12:00	/discussions/microsoft/view/96056-exam-pl-200-topic-1-question-53-discussion/ Same question found !!!
Recent discussion post : 2024-12-06 22:49:00 ==> 2025-02-23 19:12:00
Exam MB-800 topic 1	29	95499	2025-02-23 19:19:00	/discussions/microsoft/view/95499-exam-mb-800-topic-1-question-29-discussion/ Same question found !!!
Recent discussion post : 2025-01-15 10:49:00 ==> 2025-02-23 19:19:00
Exam MB-800 topic 1	30	80575	2025-02-23 19:29:00	/discussions/microsoft/view/80575-exam-mb-800-topic-1-question-30-discussion/ Same question found !!!
Recent discussion post : 2024-09-05 21:37:00 ==> 2025-02-23 19:29:00
Exam SC-200 topic 3	80	120327	2025-02-23 19:39:00	/discussions/microsoft/view/120327-exam-sc-200-topic-3-question-80-discussion/ Same question found !!!
Recent discussion post : 2024-12-06 18:17:00 ==> 2025-02-23 19:39:00
Exam AZ-500 topic 5	47	82397	2025-02-23 19:42:00	/discussions/microsoft/view/82397-exam-az-500-topic-5-question-47-discussion/ Same question found !!!
Recent discussion post : 2024-10-19 13:55:00 ==> 2025-02-23 19:42:00
Exam MB-330 topic 1	28	73259	2025-02-23 19:55:00	/discussions/microsoft/view/73259-exam-mb-330-topic-1-question-28-discussion/ New question found !!!
Exam MD-102 topic 1	316	150846	2025-02-23 20:39:00	/discussions/microsoft/view/150846-exam-md-102-topic-1-question-316-discussion/ Same question found !!!
Recent discussion post : 2025-02-02 14:26:00 ==> 2025-02-23 20:39:00
Exam SC-200 topic 3	91	124442	2025-02-23 21:18:00	/discussions/microsoft/view/124442-exam-sc-200-topic-3-question-91-discussion/ Same question found !!!
Recent discussion post : 2024-12-04 11:50:00 ==> 2025-02-23 21:18:00
Exam SC-300 topic 4	89	157041	2025-02-23 21:38:00	/discussions/microsoft/view/157041-exam-sc-300-topic-4-question-89-discussion/ New question found !!!
Exam SC-300 topic 4	96	157042	2025-02-23 21:53:00	/discussions/microsoft/view/157042-exam-sc-300-topic-4-question-96-discussion/ New question found !!!
Exam MD-102 topic 1	105	120628	2025-02-23 22:27:00	/discussions/microsoft/view/120628-exam-md-102-topic-1-question-105-discussion/ Same question found !!!
Recent discussion post : 2025-02-18 22:51:00 ==> 2025-02-23 22:27:00
Exam SC-300 topic 1	29	83194	2025-02-23 23:10:00	/discussions/microsoft/view/83194-exam-sc-300-topic-1-question-29-discussion/ Same question found !!!
Recent discussion post : 2025-01-14 19:54:00 ==> 2025-02-23 23:10:00
Exam AZ-500 topic 2	107	112519	2025-02-23 23:23:00	/discussions/microsoft/view/112519-exam-az-500-topic-2-question-107-discussion/ Same question found !!!
Recent discussion post : 2024-11-28 07:02:00 ==> 2025-02-23 23:23:00
Exam SC-300 topic 1	60	123017	2025-02-23 23:30:00	/discussions/microsoft/view/123017-exam-sc-300-topic-1-question-60-discussion/ Same question found !!!
Recent discussion post : 2025-02-19 18:40:00 ==> 2025-02-23 23:30:00
Write Discuss List 100 / 200
Exam MS-900 topic 1	410	110867	2025-02-23 23:58:00	/discussions/microsoft/view/110867-exam-ms-900-topic-1-question-410-discussion/ Same question found !!!
Recent discussion post : 2024-09-24 11:22:00 ==> 2025-02-23 23:58:00
Exam AZ-801 topic 5	25	140802	2025-02-24 01:11:00	/discussions/microsoft/view/140802-exam-az-801-topic-5-question-25-discussion/ Same question found !!!
Recent discussion post : 2024-11-17 20:17:00 ==> 2025-02-24 01:11:00
Exam AZ-801 topic 5	26	139969	2025-02-24 01:14:00	/discussions/microsoft/view/139969-exam-az-801-topic-5-question-26-discussion/ Same question found !!!
Recent discussion post : 2024-11-17 20:18:00 ==> 2025-02-24 01:14:00
Exam AZ-104 topic 15	1	79430	2025-02-24 01:41:00	/discussions/microsoft/view/79430-exam-az-104-topic-15-question-1-discussion/ Same question found !!!
Window 'Exam Topics Discussion' not found
Recent discussion post : 2025-02-13 09:53:00 ==> 2025-02-24 01:41:00
Exam AZ-801 topic 5	30	151160	2025-02-24 01:43:00	/discussions/microsoft/view/151160-exam-az-801-topic-5-question-30-discussion/ Same question found !!!
Recent discussion post : 2024-11-12 18:34:00 ==> 2025-02-24 01:43:00
Exam AZ-801 topic 5	31	151159	2025-02-24 01:56:00	/discussions/microsoft/view/151159-exam-az-801-topic-5-question-31-discussion/ Same question found !!!
Recent discussion post : 2025-02-07 09:05:00 ==> 2025-02-24 01:56:00
Exam SC-300 topic 2	121	156945	2025-02-24 01:59:00	/discussions/microsoft/view/156945-exam-sc-300-topic-2-question-121-discussion/ New question found !!!
Exam AZ-801 topic 5	33	156976	2025-02-24 02:23:00	/discussions/microsoft/view/156976-exam-az-801-topic-5-question-33-discussion/ New question found !!!
Exam AZ-801 topic 5	34	156083	2025-02-24 02:28:00	/discussions/microsoft/view/156083-exam-az-801-topic-5-question-34-discussion/ New question found !!!
Exam AZ-801 topic 5	37	151161	2025-02-24 02:42:00	/discussions/microsoft/view/151161-exam-az-801-topic-5-question-37-discussion/ Same question found !!!
Recent discussion post : 2024-11-12 18:37:00 ==> 2025-02-24 02:42:00
Exam MS-102 topic 1	354	149618	2025-02-24 03:33:00	/discussions/microsoft/view/149618-exam-ms-102-topic-1-question-354-discussion/ Same question found !!!
Recent discussion post : 2024-10-17 15:11:00 ==> 2025-02-24 03:33:00
Exam MB-820 topic 1	1	141022	2025-02-24 07:52:00	/discussions/microsoft/view/141022-exam-mb-820-topic-1-question-1-discussion/ Same question found !!!
Recent discussion post : 2025-02-07 03:11:00 ==> 2025-02-24 07:52:00
Exam AZ-104 topic 2	90	119584	2025-02-24 07:55:00	/discussions/microsoft/view/119584-exam-az-104-topic-2-question-90-discussion/ Same question found !!!
Window 'Exam Topics Discussion' not found
Recent discussion post : 2025-02-21 06:32:00 ==> 2025-02-24 07:55:00
Exam MB-800 topic 4	17	58055	2025-02-24 08:02:00	/discussions/microsoft/view/58055-exam-mb-800-topic-4-question-17-discussion/ Same question found !!!
Recent discussion post : 2024-10-04 13:12:00 ==> 2025-02-24 08:02:00
Exam DP-203 topic 2	106	111881	2025-02-24 09:55:00	/discussions/microsoft/view/111881-exam-dp-203-topic-2-question-106-discussion/ Same question found !!!
Recent discussion post : 2024-10-26 15:20:00 ==> 2025-02-24 09:55:00
Exam SC-300 topic 2	60	155740	2025-02-24 11:11:00	/discussions/microsoft/view/155740-exam-sc-300-topic-2-question-60-discussion/ Same question found !!!
Recent discussion post : 2025-02-13 07:09:00 ==> 2025-02-24 11:11:00
Exam MB-500 topic 7	26	140229	2025-02-24 11:22:00	/discussions/microsoft/view/140229-exam-mb-500-topic-7-question-26-discussion/ Same question found !!!
Recent discussion post : 2025-02-20 17:06:00 ==> 2025-02-24 11:22:00
Exam MB-500 topic 8	2	92439	2025-02-24 11:36:00	/discussions/microsoft/view/92439-exam-mb-500-topic-8-question-2-discussion/ New question found !!!
Exam AZ-700 topic 1	52	157064	2025-02-24 11:48:00	/discussions/microsoft/view/157064-exam-az-700-topic-1-question-52-discussion/ New question found !!!
Exam AZ-700 topic 1	53	157021	2025-02-24 11:51:00	/discussions/microsoft/view/157021-exam-az-700-topic-1-question-53-discussion/ New question found !!!
Write Discuss List 80 / 200
Exam AZ-700 topic 2	4	64409	2025-02-24 11:56:00	/discussions/microsoft/view/64409-exam-az-700-topic-2-question-4-discussion/ Same question found !!!
Recent discussion post : 2024-10-02 19:17:00 ==> 2025-02-24 11:56:00
Exam MD-102 topic 1	25	118572	2025-02-24 12:05:00	/discussions/microsoft/view/118572-exam-md-102-topic-1-question-25-discussion/ Same question found !!!
Recent discussion post : 2025-01-20 08:54:00 ==> 2025-02-24 12:05:00
Exam SC-200 topic 3	105	150926	2025-02-24 12:35:00	/discussions/microsoft/view/150926-exam-sc-200-topic-3-question-105-discussion/ Same question found !!!
Recent discussion post : 2025-01-20 16:19:00 ==> 2025-02-24 12:35:00
Exam SC-200 topic 3	106	150927	2025-02-24 12:38:00	/discussions/microsoft/view/150927-exam-sc-200-topic-3-question-106-discussion/ Same question found !!!
Recent discussion post : 2025-02-17 13:07:00 ==> 2025-02-24 12:38:00
Exam AZ-104 topic 2	65	93799	2025-02-24 12:52:00	/discussions/microsoft/view/93799-exam-az-104-topic-2-question-65-discussion/ Same question found !!!
Recent discussion post : 2025-01-09 17:28:00 ==> 2025-02-24 12:52:00
Exam AZ-700 topic 1	45	153016	2025-02-24 13:05:00	/discussions/microsoft/view/153016-exam-az-700-topic-1-question-45-discussion/ Same question found !!!
Recent discussion post : 2024-12-25 20:14:00 ==> 2025-02-24 13:05:00
Exam DP-203 topic 2	116	125170	2025-02-24 13:31:00	/discussions/microsoft/view/125170-exam-dp-203-topic-2-question-116-discussion/ Same question found !!!
Recent discussion post : 2024-06-21 23:20:00 ==> 2025-02-24 13:31:00
Exam SC-200 topic 4	24	157068	2025-02-24 13:39:00	/discussions/microsoft/view/157068-exam-sc-200-topic-4-question-24-discussion/ New question found !!!
Exam SC-200 topic 4	25	157070	2025-02-24 13:44:00	/discussions/microsoft/view/157070-exam-sc-200-topic-4-question-25-discussion/ New question found !!!
Exam MB-500 topic 3	53	105705	2025-02-24 13:45:00	/discussions/microsoft/view/105705-exam-mb-500-topic-3-question-53-discussion/ Same question found !!!
Recent discussion post : 2024-08-28 12:07:00 ==> 2025-02-24 13:45:00
Exam DP-203 topic 2	123	130706	2025-02-24 14:17:00	/discussions/microsoft/view/130706-exam-dp-203-topic-2-question-123-discussion/ Same question found !!!
Recent discussion post : 2024-11-20 03:57:00 ==> 2025-02-24 14:17:00
Exam SC-200 topic 4	29	157073	2025-02-24 14:18:00	/discussions/microsoft/view/157073-exam-sc-200-topic-4-question-29-discussion/ New question found !!!
Exam AZ-700 topic 1	48	153017	2025-02-24 14:18:00	/discussions/microsoft/view/153017-exam-az-700-topic-1-question-48-discussion/ Same question found !!!
Recent discussion post : 2025-01-14 10:12:00 ==> 2025-02-24 14:18:00
Exam DP-700 topic 1	2	152626	2025-02-24 14:20:00	/discussions/microsoft/view/152626-exam-dp-700-topic-1-question-2-discussion/ Same question found !!!
Recent discussion post : 2025-02-20 10:00:00 ==> 2025-02-24 14:20:00
Exam MB-335 topic 1	9	131798	2025-02-24 14:27:00	/discussions/microsoft/view/131798-exam-mb-335-topic-1-question-9-discussion/ Same question found !!!
Recent discussion post : 2024-09-25 19:51:00 ==> 2025-02-24 14:27:00
Exam DP-600 topic 1	162	156876	2025-02-24 14:40:00	/discussions/microsoft/view/156876-exam-dp-600-topic-1-question-162-discussion/ New question found !!!
Exam MB-800 topic 4	54	157076	2025-02-24 14:43:00	/discussions/microsoft/view/157076-exam-mb-800-topic-4-question-54-discussion/ New question found !!!
Exam DP-700 topic 2	10	153737	2025-02-24 15:07:00	/discussions/microsoft/view/153737-exam-dp-700-topic-2-question-10-discussion/ Same question found !!!
Recent discussion post : 2025-01-25 08:39:00 ==> 2025-02-24 15:07:00
Exam AZ-801 topic 7	3	84569	2025-02-24 15:14:00	/discussions/microsoft/view/84569-exam-az-801-topic-7-question-3-discussion/ Same question found !!!
Recent discussion post : 2025-02-08 09:40:00 ==> 2025-02-24 15:14:00
Exam AZ-104 topic 2	70	93922	2025-02-24 15:21:00	/discussions/microsoft/view/93922-exam-az-104-topic-2-question-70-discussion/ Same question found !!!
Window 'Exam Topics Discussion' not found
Recent discussion post : 2024-12-19 04:40:00 ==> 2025-02-24 15:21:00
Write Discuss List 60 / 200
Exam DP-700 topic 1	22	152873	2025-02-24 15:34:00	/discussions/microsoft/view/152873-exam-dp-700-topic-1-question-22-discussion/ Same question found !!!
Recent discussion post : 2024-12-12 22:44:00 ==> 2025-02-24 15:34:00
Exam AZ-104 topic 1	22	62878	2025-02-24 15:42:00	/discussions/microsoft/view/62878-exam-az-104-topic-1-question-22-discussion/ Same question found !!!
Window 'Exam Topics Discussion' not found
Recent discussion post : 2025-02-11 19:25:00 ==> 2025-02-24 15:42:00
Exam MD-102 topic 1	41	118852	2025-02-24 15:55:00	/discussions/microsoft/view/118852-exam-md-102-topic-1-question-41-discussion/ Same question found !!!
Recent discussion post : 2025-02-05 09:01:00 ==> 2025-02-24 15:55:00
Exam DP-700 topic 1	25	153655	2025-02-24 15:57:00	/discussions/microsoft/view/153655-exam-dp-700-topic-1-question-25-discussion/ Same question found !!!
Recent discussion post : 2025-02-15 20:53:00 ==> 2025-02-24 15:57:00
Exam DP-700 topic 1	27	155338	2025-02-24 16:09:00	/discussions/microsoft/view/155338-exam-dp-700-topic-1-question-27-discussion/ Same question found !!!
Recent discussion post : 2025-02-17 00:53:00 ==> 2025-02-24 16:09:00
Exam DP-700 topic 1	28	153656	2025-02-24 16:11:00	/discussions/microsoft/view/153656-exam-dp-700-topic-1-question-28-discussion/ Same question found !!!
Recent discussion post : 2025-02-17 00:56:00 ==> 2025-02-24 16:11:00
Exam DP-700 topic 1	29	153657	2025-02-24 16:13:00	/discussions/microsoft/view/153657-exam-dp-700-topic-1-question-29-discussion/ Same question found !!!
Recent discussion post : 2025-02-17 00:58:00 ==> 2025-02-24 16:13:00
Exam DP-700 topic 1	30	153719	2025-02-24 16:15:00	/discussions/microsoft/view/153719-exam-dp-700-topic-1-question-30-discussion/ Same question found !!!
Recent discussion post : 2025-01-30 14:59:00 ==> 2025-02-24 16:15:00
Exam MB-800 topic 1	12	56573	2025-02-24 16:28:00	/discussions/microsoft/view/56573-exam-mb-800-topic-1-question-12-discussion/ Same question found !!!
Recent discussion post : 2024-09-09 13:18:00 ==> 2025-02-24 16:28:00
Exam AZ-500 topic 3	33	9672	2025-02-24 16:32:00	/discussions/microsoft/view/9672-exam-az-500-topic-3-question-33-discussion/ Same question found !!!
Recent discussion post : 2024-07-30 13:45:00 ==> 2025-02-24 16:32:00
Exam DP-700 topic 1	33	153011	2025-02-24 16:57:00	/discussions/microsoft/view/153011-exam-dp-700-topic-1-question-33-discussion/ Same question found !!!
Recent discussion post : 2025-01-18 12:55:00 ==> 2025-02-24 16:57:00
Exam SC-300 topic 2	38	155840	2025-02-24 16:57:00	/discussions/microsoft/view/155840-exam-sc-300-topic-2-question-38-discussion/ New question found !!!
Exam DP-700 topic 1	35	153002	2025-02-24 16:58:00	/discussions/microsoft/view/153002-exam-dp-700-topic-1-question-35-discussion/ Same question found !!!
Recent discussion post : 2025-02-17 01:56:00 ==> 2025-02-24 16:58:00
Exam DP-700 topic 1	34	152985	2025-02-24 17:02:00	/discussions/microsoft/view/152985-exam-dp-700-topic-1-question-34-discussion/ Same question found !!!
Recent discussion post : 2025-02-19 17:44:00 ==> 2025-02-24 17:02:00
Exam AZ-400 topic 4	70	128932	2025-02-24 17:15:00	/discussions/microsoft/view/128932-exam-az-400-topic-4-question-70-discussion/ Same question found !!!
Recent discussion post : 2024-11-19 01:27:00 ==> 2025-02-24 17:15:00
Exam SC-300 topic 2	39	155132	2025-02-24 17:15:00	/discussions/microsoft/view/155132-exam-sc-300-topic-2-question-39-discussion/ Same question found !!!
Recent discussion post : 2025-01-21 22:35:00 ==> 2025-02-24 17:15:00
Exam SC-200 topic 4	16	155333	2025-02-24 17:23:00	/discussions/microsoft/view/155333-exam-sc-200-topic-4-question-16-discussion/ Same question found !!!
Recent discussion post : 2025-02-18 18:16:00 ==> 2025-02-24 17:23:00
Exam AZ-120 topic 1	42	122354	2025-02-24 17:31:00	/discussions/microsoft/view/122354-exam-az-120-topic-1-question-42-discussion/ Same question found !!!
Recent discussion post : 2024-10-05 13:43:00 ==> 2025-02-24 17:31:00
Exam DP-700 topic 2	7	154776	2025-02-24 17:40:00	/discussions/microsoft/view/154776-exam-dp-700-topic-2-question-7-discussion/ Same question found !!!
Recent discussion post : 2025-02-16 21:23:00 ==> 2025-02-24 17:40:00
Exam DP-203 topic 1	83	108532	2025-02-24 17:42:00	/discussions/microsoft/view/108532-exam-dp-203-topic-1-question-83-discussion/ Same question found !!!
Recent discussion post : 2024-11-04 13:27:00 ==> 2025-02-24 17:42:00
Write Discuss List 40 / 200
Exam SC-900 topic 1	100	64669	2025-02-24 17:48:00	/discussions/microsoft/view/64669-exam-sc-900-topic-1-question-100-discussion/ Same question found !!!
Recent discussion post : 2024-10-08 18:22:00 ==> 2025-02-24 17:48:00
Exam MB-800 topic 1	57	142663	2025-02-24 18:33:00	/discussions/microsoft/view/142663-exam-mb-800-topic-1-question-57-discussion/ Same question found !!!
Recent discussion post : 2025-02-05 18:56:00 ==> 2025-02-24 18:33:00
Exam MB-330 topic 1	30	71228	2025-02-24 18:43:00	/discussions/microsoft/view/71228-exam-mb-330-topic-1-question-30-discussion/ Same question found !!!
Recent discussion post : 2024-06-30 06:22:00 ==> 2025-02-24 18:43:00
Exam SC-900 topic 1	209	149407	2025-02-24 19:21:00	/discussions/microsoft/view/149407-exam-sc-900-topic-1-question-209-discussion/ Same question found !!!
Recent discussion post : 2024-12-09 02:32:00 ==> 2025-02-24 19:21:00
Exam MS-102 topic 1	11	117903	2025-02-24 19:34:00	/discussions/microsoft/view/117903-exam-ms-102-topic-1-question-11-discussion/ Same question found !!!
Recent discussion post : 2025-02-17 12:17:00 ==> 2025-02-24 19:34:00
Exam AZ-801 topic 1	27	136705	2025-02-24 20:08:00	/discussions/microsoft/view/136705-exam-az-801-topic-1-question-27-discussion/ Same question found !!!
Recent discussion post : 2025-02-06 07:55:00 ==> 2025-02-24 20:08:00
Exam MD-102 topic 1	76	120121	2025-02-24 20:19:00	/discussions/microsoft/view/120121-exam-md-102-topic-1-question-76-discussion/ Same question found !!!
Recent discussion post : 2025-02-07 06:06:00 ==> 2025-02-24 20:19:00
Exam DP-203 topic 2	127	130652	2025-02-24 20:28:00	/discussions/microsoft/view/130652-exam-dp-203-topic-2-question-127-discussion/ Same question found !!!
Recent discussion post : 2024-08-02 03:15:00 ==> 2025-02-24 20:28:00
Exam DP-203 topic 2	125	131719	2025-02-24 20:39:00	/discussions/microsoft/view/131719-exam-dp-203-topic-2-question-125-discussion/ Same question found !!!
Recent discussion post : 2024-08-29 13:19:00 ==> 2025-02-24 20:39:00
Exam AZ-801 topic 1	29	140895	2025-02-24 20:46:00	/discussions/microsoft/view/140895-exam-az-801-topic-1-question-29-discussion/ Same question found !!!
Recent discussion post : 2025-02-06 07:57:00 ==> 2025-02-24 20:46:00
Exam PL-400 topic 1	36	155230	2025-02-24 20:53:00	/discussions/microsoft/view/155230-exam-pl-400-topic-1-question-36-discussion/ Same question found !!!
Recent discussion post : 2025-02-03 15:40:00 ==> 2025-02-24 20:53:00
Exam MD-102 topic 1	113	121363	2025-02-24 21:42:00	/discussions/microsoft/view/121363-exam-md-102-topic-1-question-113-discussion/ Same question found !!!
Recent discussion post : 2025-02-07 20:16:00 ==> 2025-02-24 21:42:00
Exam SC-300 topic 2	53	157090	2025-02-24 21:45:00	/discussions/microsoft/view/157090-exam-sc-300-topic-2-question-53-discussion/ New question found !!!
Exam AZ-305 topic 4	29	80775	2025-02-24 22:17:00	/discussions/microsoft/view/80775-exam-az-305-topic-4-question-29-discussion/ Same question found !!!
Recent discussion post : 2025-02-03 18:46:00 ==> 2025-02-24 22:17:00
Exam AZ-500 topic 5	50	80613	2025-02-24 22:25:00	/discussions/microsoft/view/80613-exam-az-500-topic-5-question-50-discussion/ Same question found !!!
Recent discussion post : 2025-02-18 21:22:00 ==> 2025-02-24 22:25:00
Exam MD-102 topic 1	177	123861	2025-02-24 22:54:00	/discussions/microsoft/view/123861-exam-md-102-topic-1-question-177-discussion/ Same question found !!!
Recent discussion post : 2025-02-05 14:13:00 ==> 2025-02-24 22:54:00
Exam MD-102 topic 1	180	123866	2025-02-24 23:18:00	/discussions/microsoft/view/123866-exam-md-102-topic-1-question-180-discussion/ Same question found !!!
Recent discussion post : 2025-02-20 10:13:00 ==> 2025-02-24 23:18:00
Exam MD-102 topic 1	182	123868	2025-02-24 23:37:00	/discussions/microsoft/view/123868-exam-md-102-topic-1-question-182-discussion/ Same question found !!!
Recent discussion post : 2025-02-20 10:23:00 ==> 2025-02-24 23:37:00
Exam DP-300 topic 2	28	96595	2025-02-24 23:41:00	/discussions/microsoft/view/96595-exam-dp-300-topic-2-question-28-discussion/ Same question found !!!
Recent discussion post : 2024-10-31 01:39:00 ==> 2025-02-24 23:41:00
Exam DP-300 topic 2	29	100369	2025-02-24 23:44:00	/discussions/microsoft/view/100369-exam-dp-300-topic-2-question-29-discussion/ Same question found !!!
Recent discussion post : 2024-11-02 15:50:00 ==> 2025-02-24 23:44:00
Write Discuss List 20 / 200
Exam SC-300 topic 2	67	124186	2025-02-24 23:50:00	/discussions/microsoft/view/124186-exam-sc-300-topic-2-question-67-discussion/ Same question found !!!
Recent discussion post : 2024-07-01 00:49:00 ==> 2025-02-24 23:50:00
Exam SC-300 topic 1	8	51611	2025-02-25 00:14:00	/discussions/microsoft/view/51611-exam-sc-300-topic-1-question-8-discussion/ Same question found !!!
Recent discussion post : 2025-01-10 08:36:00 ==> 2025-02-25 00:14:00
Exam AZ-140 topic 6	51	150916	2025-02-25 00:17:00	/discussions/microsoft/view/150916-exam-az-140-topic-6-question-51-discussion/ Same question found !!!
Recent discussion post : 2025-02-06 19:30:00 ==> 2025-02-25 00:17:00
Exam SC-300 topic 2	75	123125	2025-02-25 01:08:00	/discussions/microsoft/view/123125-exam-sc-300-topic-2-question-75-discussion/ Same question found !!!
Recent discussion post : 2024-11-13 03:59:00 ==> 2025-02-25 01:08:00
Exam SC-300 topic 1	81	155003	2025-02-25 01:31:00	/discussions/microsoft/view/155003-exam-sc-300-topic-1-question-81-discussion/ Same question found !!!
Recent discussion post : 2025-01-20 16:52:00 ==> 2025-02-25 01:31:00
Exam MB-240 topic 1	77	109238	2025-02-25 01:39:00	/discussions/microsoft/view/109238-exam-mb-240-topic-1-question-77-discussion/ Same question found !!!
Recent discussion post : 2024-09-15 17:47:00 ==> 2025-02-25 01:39:00
Exam MB-240 topic 1	97	119011	2025-02-25 02:20:00	/discussions/microsoft/view/119011-exam-mb-240-topic-1-question-97-discussion/ Same question found !!!
Recent discussion post : 2024-10-01 05:44:00 ==> 2025-02-25 02:20:00
Exam MB-240 topic 1	96	119010	2025-02-25 02:20:00	/discussions/microsoft/view/119010-exam-mb-240-topic-1-question-96-discussion/ Same question found !!!
Recent discussion post : 2024-10-01 05:40:00 ==> 2025-02-25 02:20:00
Exam MB-240 topic 1	98	119012	2025-02-25 02:21:00	/discussions/microsoft/view/119012-exam-mb-240-topic-1-question-98-discussion/ New question found !!!
Exam MB-240 topic 1	99	157092	2025-02-25 02:23:00	/discussions/microsoft/view/157092-exam-mb-240-topic-1-question-99-discussion/ New question found !!!
Exam MB-240 topic 1	100	117848	2025-02-25 02:24:00	/discussions/microsoft/view/117848-exam-mb-240-topic-1-question-100-discussion/ Same question found !!!
Recent discussion post : 2024-10-01 05:54:00 ==> 2025-02-25 02:24:00
Exam MB-240 topic 1	101	117849	2025-02-25 02:25:00	/discussions/microsoft/view/117849-exam-mb-240-topic-1-question-101-discussion/ Same question found !!!
Recent discussion post : 2024-08-10 22:46:00 ==> 2025-02-25 02:25:00
Exam MB-240 topic 1	105	111635	2025-02-25 02:38:00	/discussions/microsoft/view/111635-exam-mb-240-topic-1-question-105-discussion/ Same question found !!!
Recent discussion post : 2024-06-30 15:49:00 ==> 2025-02-25 02:38:00
Exam MB-240 topic 1	106	109422	2025-02-25 02:40:00	/discussions/microsoft/view/109422-exam-mb-240-topic-1-question-106-discussion/ Same question found !!!
Recent discussion post : 2024-11-19 17:46:00 ==> 2025-02-25 02:40:00
Exam MB-240 topic 1	112	111637	2025-02-25 02:45:00	/discussions/microsoft/view/111637-exam-mb-240-topic-1-question-112-discussion/ Same question found !!!
Recent discussion post : 2024-06-30 12:14:00 ==> 2025-02-25 02:45:00
Exam MB-240 topic 1	142	136149	2025-02-25 03:19:00	/discussions/microsoft/view/136149-exam-mb-240-topic-1-question-142-discussion/ Same question found !!!
Recent discussion post : 2024-12-04 13:37:00 ==> 2025-02-25 03:19:00
Exam MB-240 topic 1	150	157093	2025-02-25 03:25:00	/discussions/microsoft/view/157093-exam-mb-240-topic-1-question-150-discussion/ New question found !!!
Exam SC-300 topic 2	86	153250	2025-02-25 03:27:00	/discussions/microsoft/view/153250-exam-sc-300-topic-2-question-86-discussion/ Same question found !!!
Recent discussion post : 2025-01-08 12:38:00 ==> 2025-02-25 03:27:00
Exam SC-300 topic 2	87	156575	2025-02-25 03:30:00	/discussions/microsoft/view/156575-exam-sc-300-topic-2-question-87-discussion/ Same question found !!!
Recent discussion post : 2025-02-15 21:29:00 ==> 2025-02-25 03:30:00
Exam MB-240 topic 1	148	108965	2025-02-25 03:38:00	/discussions/microsoft/view/108965-exam-mb-240-topic-1-question-148-discussion/ Same question found !!!
Recent discussion post : 2024-12-03 04:53:00 ==> 2025-02-25 03:38:00
Write Discuss List 0 / 200
Microsoft discussions - ExamTopics Forum-1
Microsoft discussions - ExamTopics Forum-2
Microsoft discussions - ExamTopics Forum-3
Microsoft discussions - ExamTopics Forum-4
Microsoft discussions - ExamTopics Forum-5
Microsoft discussions - ExamTopics Forum-6
Microsoft discussions - ExamTopics Forum-7
Microsoft discussions - ExamTopics Forum-8
Microsoft discussions - ExamTopics Forum-9
Microsoft discussions - ExamTopics Forum-10
Microsoft discussions - ExamTopics Forum-11
Microsoft discussions - ExamTopics Forum-12
Microsoft discussions - ExamTopics Forum-13
Microsoft discussions - ExamTopics Forum-14
Microsoft discussions - ExamTopics Forum-15
Microsoft discussions - ExamTopics Forum-16
Microsoft discussions - ExamTopics Forum-17
Microsoft discussions - ExamTopics Forum-18
Microsoft discussions - ExamTopics Forum-19
Microsoft discussions - ExamTopics Forum-20
Microsoft discussions - ExamTopics Forum-21
Microsoft discussions - ExamTopics Forum-22
Microsoft discussions - ExamTopics Forum-23
Microsoft discussions - ExamTopics Forum-24
Microsoft discussions - ExamTopics Forum-25
Microsoft discussions - ExamTopics Forum-26
Exam MB-240 topic 1	83	111026	2025-02-25 03:54:00	/discussions/microsoft/view/111026-exam-mb-240-topic-1-question-83-discussion/ Same question found !!!
Recent discussion post : 2024-08-19 09:41:00 ==> 2025-02-25 03:54:00
Exam SC-300 topic 2	19	74019	2025-02-25 04:04:00	/discussions/microsoft/view/74019-exam-sc-300-topic-2-question-19-discussion/ Same question found !!!
Recent discussion post : 2025-02-10 23:02:00 ==> 2025-02-25 04:04:00
Exam AZ-700 topic 2	94	153854	2025-02-25 04:04:00	/discussions/microsoft/view/153854-exam-az-700-topic-2-question-94-discussion/ Same question found !!!
Recent discussion post : 2025-02-08 19:37:00 ==> 2025-02-25 04:04:00
Exam MB-240 topic 1	151	108971	2025-02-25 04:08:00	/discussions/microsoft/view/108971-exam-mb-240-topic-1-question-151-discussion/ Same question found !!!
Recent discussion post : 2024-10-09 05:40:00 ==> 2025-02-25 04:08:00
Exam AZ-104 topic 1	26	74289	2025-02-25 04:45:00	/discussions/microsoft/view/74289-exam-az-104-topic-1-question-26-discussion/ Same question found !!!
Recent discussion post : 2025-02-13 00:00:00 ==> 2025-02-25 04:45:00
Exam MS-900 topic 1	65	30986	2025-02-25 04:55:00	/discussions/microsoft/view/30986-exam-ms-900-topic-1-question-65-discussion/ Same question found !!!
Recent discussion post : 2024-12-30 09:32:00 ==> 2025-02-25 04:55:00
Exam MB-335 topic 1	11	139532	2025-02-25 08:30:00	/discussions/microsoft/view/139532-exam-mb-335-topic-1-question-11-discussion/ Same question found !!!
Recent discussion post : 2024-07-03 17:36:00 ==> 2025-02-25 08:30:00
Exam AZ-700 topic 2	101	156455	2025-02-25 08:32:00	/discussions/microsoft/view/156455-exam-az-700-topic-2-question-101-discussion/ New question found !!!
Exam AZ-140 topic 1	6	64857	2025-02-25 09:11:00	/discussions/microsoft/view/64857-exam-az-140-topic-1-question-6-discussion/ Same question found !!!
Recent discussion post : 2025-02-13 08:05:00 ==> 2025-02-25 09:11:00
Exam SC-400 topic 5	16	134625	2025-02-25 09:29:00	/discussions/microsoft/view/134625-exam-sc-400-topic-5-question-16-discussion/ Same question found !!!
Recent discussion post : 2024-10-09 08:36:00 ==> 2025-02-25 09:29:00
Exam MD-102 topic 1	340	156088	2025-02-25 09:45:00	/discussions/microsoft/view/156088-exam-md-102-topic-1-question-340-discussion/ New question found !!!
Exam AZ-140 topic 2	20	74401	2025-02-25 10:32:00	/discussions/microsoft/view/74401-exam-az-140-topic-2-question-20-discussion/ Same question found !!!
Recent discussion post : 2025-01-28 15:11:00 ==> 2025-02-25 10:32:00
Exam DP-700 topic 3	2	153744	2025-02-25 10:59:00	/discussions/microsoft/view/153744-exam-dp-700-topic-3-question-2-discussion/ Same question found !!!
Recent discussion post : 2025-01-31 01:51:00 ==> 2025-02-25 10:59:00
Exam AZ-700 topic 2	67	125092	2025-02-25 11:05:00	/discussions/microsoft/view/125092-exam-az-700-topic-2-question-67-discussion/ Same question found !!!
Recent discussion post : 2025-01-12 16:24:00 ==> 2025-02-25 11:05:00
Exam DP-600 topic 1	26	133726	2025-02-25 11:12:00	/discussions/microsoft/view/133726-exam-dp-600-topic-1-question-26-discussion/ Same question found !!!
Recent discussion post : 2025-01-27 23:00:00 ==> 2025-02-25 11:12:00
Exam DP-700 topic 3	6	153755	2025-02-25 11:26:00	/discussions/microsoft/view/153755-exam-dp-700-topic-3-question-6-discussion/ Same question found !!!
Recent discussion post : 2025-01-31 21:45:00 ==> 2025-02-25 11:26:00
Exam DP-700 topic 3	7	153756	2025-02-25 11:28:00	/discussions/microsoft/view/153756-exam-dp-700-topic-3-question-7-discussion/ Same question found !!!
Recent discussion post : 2025-01-31 21:50:00 ==> 2025-02-25 11:28:00
Exam SC-300 topic 2	112	156581	2025-02-25 12:10:00	/discussions/microsoft/view/156581-exam-sc-300-topic-2-question-112-discussion/ Same question found !!!
Recent discussion post : 2025-02-16 00:09:00 ==> 2025-02-25 12:10:00
Exam MS-900 topic 1	23	56633	2025-02-25 12:18:00	/discussions/microsoft/view/56633-exam-ms-900-topic-1-question-23-discussion/ Same question found !!!
Recent discussion post : 2025-02-02 15:39:00 ==> 2025-02-25 12:18:00
Exam DP-600 topic 1	152	155511	2025-02-25 12:37:00	/discussions/microsoft/view/155511-exam-dp-600-topic-1-question-152-discussion/ Same question found !!!
Recent discussion post : 2025-01-28 01:31:00 ==> 2025-02-25 12:37:00
Write Discuss List 480 / 500
Exam DP-600 topic 1	141	154585	2025-02-25 12:53:00	/discussions/microsoft/view/154585-exam-dp-600-topic-1-question-141-discussion/ Same question found !!!
Recent discussion post : 2025-01-30 15:25:00 ==> 2025-02-25 12:53:00
Exam AI-102 topic 1	1	54103	2025-02-25 12:56:00	/discussions/microsoft/view/54103-exam-ai-102-topic-1-question-1-discussion/ Same question found !!!
Recent discussion post : 2025-02-17 05:27:00 ==> 2025-02-25 12:56:00
Exam PL-300 topic 3	18	80862	2025-02-25 13:34:00	/discussions/microsoft/view/80862-exam-pl-300-topic-3-question-18-discussion/ Same question found !!!
Recent discussion post : 2025-02-20 22:27:00 ==> 2025-02-25 13:34:00
Exam SC-200 topic 5	26	157097	2025-02-25 13:57:00	/discussions/microsoft/view/157097-exam-sc-200-topic-5-question-26-discussion/ New question found !!!
Exam AZ-104 topic 3	43	78879	2025-02-25 14:18:00	/discussions/microsoft/view/78879-exam-az-104-topic-3-question-43-discussion/ Same question found !!!
Recent discussion post : 2024-12-22 03:39:00 ==> 2025-02-25 14:18:00
Exam AZ-800 topic 1	60	136217	2025-02-25 14:20:00	/discussions/microsoft/view/136217-exam-az-800-topic-1-question-60-discussion/ Same question found !!!
Recent discussion post : 2025-02-18 12:29:00 ==> 2025-02-25 14:20:00
Exam PL-300 topic 1	34	146979	2025-02-25 14:41:00	/discussions/microsoft/view/146979-exam-pl-300-topic-1-question-34-discussion/ Same question found !!!
Recent discussion post : 2025-02-21 01:53:00 ==> 2025-02-25 14:41:00
Exam DP-600 topic 1	120	152301	2025-02-25 15:19:00	/discussions/microsoft/view/152301-exam-dp-600-topic-1-question-120-discussion/ Same question found !!!
Recent discussion post : 2025-01-29 07:54:00 ==> 2025-02-25 15:19:00
Exam AZ-801 topic 1	33	152510	2025-02-25 15:53:00	/discussions/microsoft/view/152510-exam-az-801-topic-1-question-33-discussion/ Same question found !!!
Recent discussion post : 2025-02-06 08:14:00 ==> 2025-02-25 15:53:00
Exam AZ-801 topic 1	34	151247	2025-02-25 15:56:00	/discussions/microsoft/view/151247-exam-az-801-topic-1-question-34-discussion/ Same question found !!!
Recent discussion post : 2025-02-06 13:02:00 ==> 2025-02-25 15:56:00
Exam MB-330 topic 1	33	71229	2025-02-25 16:09:00	/discussions/microsoft/view/71229-exam-mb-330-topic-1-question-33-discussion/ Same question found !!!
Recent discussion post : 2024-07-15 12:35:00 ==> 2025-02-25 16:09:00
Exam MB-330 topic 1	34	76124	2025-02-25 16:17:00	/discussions/microsoft/view/76124-exam-mb-330-topic-1-question-34-discussion/ Same question found !!!
Recent discussion post : 2024-06-13 16:21:00 ==> 2025-02-25 16:17:00
Exam MB-330 topic 1	35	116119	2025-02-25 16:56:00	/discussions/microsoft/view/116119-exam-mb-330-topic-1-question-35-discussion/ Same question found !!!
Recent discussion post : 2024-08-17 05:42:00 ==> 2025-02-25 16:56:00
Exam SC-100 topic 1	34	155638	2025-02-25 17:00:00	/discussions/microsoft/view/155638-exam-sc-100-topic-1-question-34-discussion/ Same question found !!!
Recent discussion post : 2025-02-03 20:07:00 ==> 2025-02-25 17:00:00
Exam MB-330 topic 1	36	117592	2025-02-25 17:01:00	/discussions/microsoft/view/117592-exam-mb-330-topic-1-question-36-discussion/ Same question found !!!
Recent discussion post : 2024-10-16 16:21:00 ==> 2025-02-25 17:01:00
Exam SC-300 topic 2	69	153637	2025-02-25 17:23:00	/discussions/microsoft/view/153637-exam-sc-300-topic-2-question-69-discussion/ Same question found !!!
Recent discussion post : 2024-12-30 09:47:00 ==> 2025-02-25 17:23:00
Exam PL-400 topic 1	37	155232	2025-02-25 17:44:00	/discussions/microsoft/view/155232-exam-pl-400-topic-1-question-37-discussion/ Same question found !!!
Recent discussion post : 2025-02-05 19:02:00 ==> 2025-02-25 17:44:00
Exam SC-300 topic 2	73	156377	2025-02-25 17:51:00	/discussions/microsoft/view/156377-exam-sc-300-topic-2-question-73-discussion/ Same question found !!!
Recent discussion post : 2025-02-12 00:04:00 ==> 2025-02-25 17:51:00
Exam PL-400 topic 2	6	61949	2025-02-25 17:56:00	/discussions/microsoft/view/61949-exam-pl-400-topic-2-question-6-discussion/ Same question found !!!
Recent discussion post : 2024-07-10 10:26:00 ==> 2025-02-25 17:56:00
Exam DP-300 topic 2	41	115209	2025-02-25 18:29:00	/discussions/microsoft/view/115209-exam-dp-300-topic-2-question-41-discussion/ Same question found !!!
Recent discussion post : 2024-10-06 08:30:00 ==> 2025-02-25 18:29:00
Write Discuss List 460 / 500
Exam SC-300 topic 2	78	122180	2025-02-25 18:47:00	/discussions/microsoft/view/122180-exam-sc-300-topic-2-question-78-discussion/ Same question found !!!
Recent discussion post : 2024-11-13 07:15:00 ==> 2025-02-25 18:47:00
Exam AZ-120 topic 5	42	157102	2025-02-25 19:07:00	/discussions/microsoft/view/157102-exam-az-120-topic-5-question-42-discussion/ New question found !!!
Exam AZ-120 topic 5	44	157103	2025-02-25 19:09:00	/discussions/microsoft/view/157103-exam-az-120-topic-5-question-44-discussion/ New question found !!!
Exam DP-300 topic 2	50	144952	2025-02-25 19:14:00	/discussions/microsoft/view/144952-exam-dp-300-topic-2-question-50-discussion/ Same question found !!!
Recent discussion post : 2024-10-20 04:19:00 ==> 2025-02-25 19:14:00
Exam PL-400 topic 2	44	121540	2025-02-25 19:34:00	/discussions/microsoft/view/121540-exam-pl-400-topic-2-question-44-discussion/ Same question found !!!
Recent discussion post : 2025-01-19 22:51:00 ==> 2025-02-25 19:34:00
Exam PL-400 topic 2	48	122034	2025-02-25 19:37:00	/discussions/microsoft/view/122034-exam-pl-400-topic-2-question-48-discussion/ Same question found !!!
Recent discussion post : 2024-11-15 04:20:00 ==> 2025-02-25 19:37:00
Exam PL-400 topic 2	49	122035	2025-02-25 19:38:00	/discussions/microsoft/view/122035-exam-pl-400-topic-2-question-49-discussion/ Same question found !!!
Recent discussion post : 2024-10-01 14:59:00 ==> 2025-02-25 19:38:00
Exam PL-400 topic 2	50	121541	2025-02-25 19:41:00	/discussions/microsoft/view/121541-exam-pl-400-topic-2-question-50-discussion/ Same question found !!!
Recent discussion post : 2024-10-30 16:37:00 ==> 2025-02-25 19:41:00
Exam SC-300 topic 2	85	137530	2025-02-25 19:46:00	/discussions/microsoft/view/137530-exam-sc-300-topic-2-question-85-discussion/ Same question found !!!
Recent discussion post : 2024-11-17 16:58:00 ==> 2025-02-25 19:46:00
Exam PL-400 topic 2	52	127140	2025-02-25 19:47:00	/discussions/microsoft/view/127140-exam-pl-400-topic-2-question-52-discussion/ Same question found !!!
Recent discussion post : 2025-01-13 11:20:00 ==> 2025-02-25 19:47:00
Exam AZ-104 topic 5	93	146244	2025-02-25 19:49:00	/discussions/microsoft/view/146244-exam-az-104-topic-5-question-93-discussion/ Same question found !!!
Window 'Exam Topics Discussion' not found
Recent discussion post : 2025-01-03 16:33:00 ==> 2025-02-25 19:49:00
Exam DP-700 topic 2	5	154682	2025-02-25 19:57:00	/discussions/microsoft/view/154682-exam-dp-700-topic-2-question-5-discussion/ Same question found !!!
Recent discussion post : 2025-02-16 21:11:00 ==> 2025-02-25 19:57:00
Exam AI-102 topic 1	37	82105	2025-02-25 20:13:00	/discussions/microsoft/view/82105-exam-ai-102-topic-1-question-37-discussion/ Same question found !!!
Recent discussion post : 2025-02-18 14:48:00 ==> 2025-02-25 20:13:00
Exam PL-400 topic 2	57	133241	2025-02-25 20:21:00	/discussions/microsoft/view/133241-exam-pl-400-topic-2-question-57-discussion/ Same question found !!!
Recent discussion post : 2024-10-29 08:04:00 ==> 2025-02-25 20:21:00
Exam PL-400 topic 2	61	149274	2025-02-25 20:25:00	/discussions/microsoft/view/149274-exam-pl-400-topic-2-question-61-discussion/ Same question found !!!
Recent discussion post : 2025-01-09 10:18:00 ==> 2025-02-25 20:25:00
Exam PL-400 topic 2	62	151632	2025-02-25 20:28:00	/discussions/microsoft/view/151632-exam-pl-400-topic-2-question-62-discussion/ Same question found !!!
Recent discussion post : 2024-11-19 11:51:00 ==> 2025-02-25 20:28:00
Exam AZ-120 topic 3	53	141071	2025-02-25 20:29:00	/discussions/microsoft/view/141071-exam-az-120-topic-3-question-53-discussion/ Same question found !!!
Recent discussion post : 2025-01-30 11:50:00 ==> 2025-02-25 20:29:00
Exam MB-330 topic 2	4	76125	2025-02-25 20:31:00	/discussions/microsoft/view/76125-exam-mb-330-topic-2-question-4-discussion/ Same question found !!!
Recent discussion post : 2024-11-22 20:54:00 ==> 2025-02-25 20:31:00
Exam PL-400 topic 3	3	44568	2025-02-25 20:38:00	/discussions/microsoft/view/44568-exam-pl-400-topic-3-question-3-discussion/ Same question found !!!
Recent discussion post : 2024-11-19 08:05:00 ==> 2025-02-25 20:38:00
Exam DP-700 topic 2	12	154783	2025-02-25 20:49:00	/discussions/microsoft/view/154783-exam-dp-700-topic-2-question-12-discussion/ Same question found !!!
Recent discussion post : 2025-01-29 15:46:00 ==> 2025-02-25 20:49:00
Write Discuss List 440 / 500
Exam DP-700 topic 2	15	152974	2025-02-25 21:00:00	/discussions/microsoft/view/152974-exam-dp-700-topic-2-question-15-discussion/ Same question found !!!
Recent discussion post : 2025-02-13 10:53:00 ==> 2025-02-25 21:00:00
Exam AZ-500 topic 4	97	109885	2025-02-25 21:20:00	/discussions/microsoft/view/109885-exam-az-500-topic-4-question-97-discussion/ Same question found !!!
Recent discussion post : 2024-12-25 17:33:00 ==> 2025-02-25 21:20:00
Exam PL-400 topic 3	12	41464	2025-02-25 21:25:00	/discussions/microsoft/view/41464-exam-pl-400-topic-3-question-12-discussion/ Same question found !!!
Recent discussion post : 2024-10-01 14:28:00 ==> 2025-02-25 21:25:00
Exam PL-400 topic 3	13	42685	2025-02-25 21:28:00	/discussions/microsoft/view/42685-exam-pl-400-topic-3-question-13-discussion/ Same question found !!!
Recent discussion post : 2024-08-11 21:23:00 ==> 2025-02-25 21:28:00
Exam DP-700 topic 1	5	152631	2025-02-25 21:43:00	/discussions/microsoft/view/152631-exam-dp-700-topic-1-question-5-discussion/ Same question found !!!
Recent discussion post : 2025-02-21 08:48:00 ==> 2025-02-25 21:43:00
Exam PL-400 topic 3	44	127184	2025-02-25 22:11:00	/discussions/microsoft/view/127184-exam-pl-400-topic-3-question-44-discussion/ Same question found !!!
Recent discussion post : 2024-10-02 03:11:00 ==> 2025-02-25 22:11:00
Exam DP-700 topic 1	6	153079	2025-02-25 22:26:00	/discussions/microsoft/view/153079-exam-dp-700-topic-1-question-6-discussion/ Same question found !!!
Recent discussion post : 2025-02-10 11:41:00 ==> 2025-02-25 22:26:00
Exam SC-300 topic 2	96	154502	2025-02-25 22:45:00	/discussions/microsoft/view/154502-exam-sc-300-topic-2-question-96-discussion/ Same question found !!!
Recent discussion post : 2025-01-14 17:38:00 ==> 2025-02-25 22:45:00
Exam DP-300 topic 2	52	149009	2025-02-25 22:48:00	/discussions/microsoft/view/149009-exam-dp-300-topic-2-question-52-discussion/ Same question found !!!
Recent discussion post : 2024-11-13 21:49:00 ==> 2025-02-25 22:48:00
Exam MD-102 topic 1	266	135321	2025-02-25 23:01:00	/discussions/microsoft/view/135321-exam-md-102-topic-1-question-266-discussion/ Same question found !!!
Recent discussion post : 2024-09-21 02:18:00 ==> 2025-02-25 23:01:00
Exam MS-102 topic 1	156	120716	2025-02-25 23:06:00	/discussions/microsoft/view/120716-exam-ms-102-topic-1-question-156-discussion/ Same question found !!!
Recent discussion post : 2024-11-16 10:24:00 ==> 2025-02-25 23:06:00
Exam PL-400 topic 5	24	70724	2025-02-25 23:19:00	/discussions/microsoft/view/70724-exam-pl-400-topic-5-question-24-discussion/ Same question found !!!
Recent discussion post : 2024-09-11 15:44:00 ==> 2025-02-25 23:19:00
Exam PL-200 topic 3	5	41579	2025-02-25 23:25:00	/discussions/microsoft/view/41579-exam-pl-200-topic-3-question-5-discussion/ Same question found !!!
Recent discussion post : 2024-10-04 22:16:00 ==> 2025-02-25 23:25:00
Exam AZ-801 topic 2	4	74240	2025-02-25 23:33:00	/discussions/microsoft/view/74240-exam-az-801-topic-2-question-4-discussion/ Same question found !!!
Recent discussion post : 2025-02-06 08:34:00 ==> 2025-02-25 23:33:00
Exam PL-400 topic 5	52	151132	2025-02-25 23:42:00	/discussions/microsoft/view/151132-exam-pl-400-topic-5-question-52-discussion/ Same question found !!!
Recent discussion post : 2025-02-20 03:54:00 ==> 2025-02-25 23:42:00
Exam PL-400 topic 6	18	61572	2025-02-25 23:53:00	/discussions/microsoft/view/61572-exam-pl-400-topic-6-question-18-discussion/ Same question found !!!
Recent discussion post : 2024-07-17 11:41:00 ==> 2025-02-25 23:53:00
Exam MD-102 topic 1	275	143862	2025-02-26 00:13:00	/discussions/microsoft/view/143862-exam-md-102-topic-1-question-275-discussion/ Same question found !!!
Recent discussion post : 2025-02-06 23:04:00 ==> 2025-02-26 00:13:00
Exam MD-102 topic 1	281	143868	2025-02-26 01:04:00	/discussions/microsoft/view/143868-exam-md-102-topic-1-question-281-discussion/ Same question found !!!
Recent discussion post : 2025-02-02 12:36:00 ==> 2025-02-26 01:04:00
Exam AZ-900 topic 1	229	63451	2025-02-26 01:23:00	/discussions/microsoft/view/63451-exam-az-900-topic-1-question-229-discussion/ Same question found !!!
Recent discussion post : 2024-09-05 04:46:00 ==> 2025-02-26 01:23:00
Exam MB-240 topic 1	75	157107	2025-02-26 01:29:00	/discussions/microsoft/view/157107-exam-mb-240-topic-1-question-75-discussion/ New question found !!!
Write Discuss List 420 / 500
Exam MB-240 topic 1	91	111625	2025-02-26 01:48:00	/discussions/microsoft/view/111625-exam-mb-240-topic-1-question-91-discussion/ Same question found !!!
Recent discussion post : 2024-09-06 01:06:00 ==> 2025-02-26 01:48:00
Exam MD-102 topic 1	320	150783	2025-02-26 02:17:00	/discussions/microsoft/view/150783-exam-md-102-topic-1-question-320-discussion/ Same question found !!!
Recent discussion post : 2024-12-26 18:20:00 ==> 2025-02-26 02:17:00
Exam MD-102 topic 1	20	117908	2025-02-26 02:43:00	/discussions/microsoft/view/117908-exam-md-102-topic-1-question-20-discussion/ Same question found !!!
Recent discussion post : 2025-01-31 03:06:00 ==> 2025-02-26 02:43:00
Exam AZ-700 topic 15	1	79619	2025-02-26 02:46:00	/discussions/microsoft/view/79619-exam-az-700-topic-15-question-1-discussion/ Same question found !!!
Recent discussion post : 2025-01-24 04:11:00 ==> 2025-02-26 02:46:00
Exam AZ-700 topic 8	1	76191	2025-02-26 03:05:00	/discussions/microsoft/view/76191-exam-az-700-topic-8-question-1-discussion/ Same question found !!!
Recent discussion post : 2025-01-29 19:15:00 ==> 2025-02-26 03:05:00
Exam PL-300 topic 3	56	94662	2025-02-26 03:19:00	/discussions/microsoft/view/94662-exam-pl-300-topic-3-question-56-discussion/ Same question found !!!
Recent discussion post : 2024-08-19 15:15:00 ==> 2025-02-26 03:19:00
Exam PL-300 topic 3	67	105393	2025-02-26 03:48:00	/discussions/microsoft/view/105393-exam-pl-300-topic-3-question-67-discussion/ Same question found !!!
Recent discussion post : 2025-02-07 06:32:00 ==> 2025-02-26 03:48:00
Exam AZ-305 topic 6	1	81661	2025-02-26 03:53:00	/discussions/microsoft/view/81661-exam-az-305-topic-6-question-1-discussion/ Same question found !!!
Window 'Exam Topics Discussion' not found
Recent discussion post : 2025-01-28 01:35:00 ==> 2025-02-26 03:53:00
Exam PL-600 topic 3	6	66660	2025-02-26 03:55:00	/discussions/microsoft/view/66660-exam-pl-600-topic-3-question-6-discussion/ Same question found !!!
Recent discussion post : 2024-12-17 10:33:00 ==> 2025-02-26 03:55:00
Exam AZ-104 topic 3	86	146271	2025-02-26 04:13:00	/discussions/microsoft/view/146271-exam-az-104-topic-3-question-86-discussion/ Same question found !!!
Window 'Exam Topics Discussion' not found
Recent discussion post : 2025-01-12 15:19:00 ==> 2025-02-26 04:13:00
Exam AZ-305 topic 9	2	84953	2025-02-26 04:15:00	/discussions/microsoft/view/84953-exam-az-305-topic-9-question-2-discussion/ Same question found !!!
Window 'Exam Topics Discussion' not found
Recent discussion post : 2024-11-14 17:58:00 ==> 2025-02-26 04:15:00
Exam PL-300 topic 1	4	80907	2025-02-26 04:17:00	/discussions/microsoft/view/80907-exam-pl-300-topic-1-question-4-discussion/ Same question found !!!
Recent discussion post : 2025-01-28 17:54:00 ==> 2025-02-26 04:17:00
Exam MB-240 topic 1	160	140062	2025-02-26 04:19:00	/discussions/microsoft/view/140062-exam-mb-240-topic-1-question-160-discussion/ Same question found !!!
Recent discussion post : 2024-10-10 05:44:00 ==> 2025-02-26 04:19:00
Exam AZ-104 topic 3	89	125088	2025-02-26 04:46:00	/discussions/microsoft/view/125088-exam-az-104-topic-3-question-89-discussion/ Same question found !!!
Window 'Exam Topics Discussion' not found
Recent discussion post : 2025-01-12 16:02:00 ==> 2025-02-26 04:46:00
Exam MB-240 topic 1	183	119030	2025-02-26 04:54:00	/discussions/microsoft/view/119030-exam-mb-240-topic-1-question-183-discussion/ Same question found !!!
Recent discussion post : 2024-11-11 10:31:00 ==> 2025-02-26 04:54:00
Exam MB-240 topic 1	189	132528	2025-02-26 04:57:00	/discussions/microsoft/view/132528-exam-mb-240-topic-1-question-189-discussion/ Same question found !!!
Recent discussion post : 2024-11-30 20:43:00 ==> 2025-02-26 04:57:00
Exam MB-330 topic 2	6	42000	2025-02-26 05:17:00	/discussions/microsoft/view/42000-exam-mb-330-topic-2-question-6-discussion/ Same question found !!!
Recent discussion post : 2024-10-02 19:07:00 ==> 2025-02-26 05:17:00
Exam MB-330 topic 2	7	20890	2025-02-26 06:00:00	/discussions/microsoft/view/20890-exam-mb-330-topic-2-question-7-discussion/ Same question found !!!
Recent discussion post : 2024-10-09 18:28:00 ==> 2025-02-26 06:00:00
Exam AZ-400 topic 10	1	75207	2025-02-26 06:28:00	/discussions/microsoft/view/75207-exam-az-400-topic-10-question-1-discussion/ Same question found !!!
Recent discussion post : 2024-12-31 16:13:00 ==> 2025-02-26 06:28:00
Exam AI-102 topic 2	19	83146	2025-02-26 06:36:00	/discussions/microsoft/view/83146-exam-ai-102-topic-2-question-19-discussion/ Same question found !!!
Recent discussion post : 2025-02-12 07:08:00 ==> 2025-02-26 06:36:00
Write Discuss List 400 / 500
Exam AI-102 topic 2	22	102936	2025-02-26 07:02:00	/discussions/microsoft/view/102936-exam-ai-102-topic-2-question-22-discussion/ Same question found !!!
Recent discussion post : 2025-02-12 07:10:00 ==> 2025-02-26 07:02:00
Exam MB-240 topic 1	204	149824	2025-02-26 07:30:00	/discussions/microsoft/view/149824-exam-mb-240-topic-1-question-204-discussion/ Same question found !!!
Recent discussion post : 2024-10-20 07:10:00 ==> 2025-02-26 07:30:00
Exam MB-240 topic 1	205	157114	2025-02-26 07:38:00	/discussions/microsoft/view/157114-exam-mb-240-topic-1-question-205-discussion/ New question found !!!
Exam MB-240 topic 1	207	149826	2025-02-26 07:44:00	/discussions/microsoft/view/149826-exam-mb-240-topic-1-question-207-discussion/ Same question found !!!
Recent discussion post : 2024-10-20 07:29:00 ==> 2025-02-26 07:44:00
Exam MB-240 topic 1	208	149827	2025-02-26 07:53:00	/discussions/microsoft/view/149827-exam-mb-240-topic-1-question-208-discussion/ Same question found !!!
Recent discussion post : 2024-10-20 07:56:00 ==> 2025-02-26 07:53:00
Exam MB-240 topic 1	209	157115	2025-02-26 08:02:00	/discussions/microsoft/view/157115-exam-mb-240-topic-1-question-209-discussion/ New question found !!!
Exam AI-102 topic 2	34	134929	2025-02-26 08:02:00	/discussions/microsoft/view/134929-exam-ai-102-topic-2-question-34-discussion/ Same question found !!!
Recent discussion post : 2025-02-12 07:37:00 ==> 2025-02-26 08:02:00
Exam MB-240 topic 1	216	157116	2025-02-26 08:09:00	/discussions/microsoft/view/157116-exam-mb-240-topic-1-question-216-discussion/ New question found !!!
Exam MB-240 topic 1	219	157117	2025-02-26 08:11:00	/discussions/microsoft/view/157117-exam-mb-240-topic-1-question-219-discussion/ New question found !!!
Exam MB-240 topic 1	220	149843	2025-02-26 08:13:00	/discussions/microsoft/view/149843-exam-mb-240-topic-1-question-220-discussion/ Same question found !!!
Recent discussion post : 2024-10-20 14:11:00 ==> 2025-02-26 08:13:00
Exam MB-240 topic 1	242	150370	2025-02-26 08:29:00	/discussions/microsoft/view/150370-exam-mb-240-topic-1-question-242-discussion/ Same question found !!!
Recent discussion post : 2024-10-27 17:39:00 ==> 2025-02-26 08:29:00
Exam MB-240 topic 1	244	156882	2025-02-26 08:30:00	/discussions/microsoft/view/156882-exam-mb-240-topic-1-question-244-discussion/ New question found !!!
Exam MB-240 topic 1	248	150089	2025-02-26 08:34:00	/discussions/microsoft/view/150089-exam-mb-240-topic-1-question-248-discussion/ Same question found !!!
Recent discussion post : 2024-10-23 05:48:00 ==> 2025-02-26 08:34:00
Exam MB-330 topic 2	12	23503	2025-02-26 08:37:00	/discussions/microsoft/view/23503-exam-mb-330-topic-2-question-12-discussion/ Same question found !!!
Recent discussion post : 2024-06-20 23:23:00 ==> 2025-02-26 08:37:00
Exam MD-102 topic 1	241	131514	2025-02-26 08:40:00	/discussions/microsoft/view/131514-exam-md-102-topic-1-question-241-discussion/ Same question found !!!
Recent discussion post : 2025-02-17 14:01:00 ==> 2025-02-26 08:40:00
Exam MB-240 topic 1	253	150371	2025-02-26 08:40:00	/discussions/microsoft/view/150371-exam-mb-240-topic-1-question-253-discussion/ Same question found !!!
Recent discussion post : 2024-10-27 18:01:00 ==> 2025-02-26 08:40:00
Exam MB-240 topic 1	271	150248	2025-02-26 08:52:00	/discussions/microsoft/view/150248-exam-mb-240-topic-1-question-271-discussion/ Same question found !!!
Recent discussion post : 2024-10-25 17:25:00 ==> 2025-02-26 08:52:00
Exam SC-300 topic 1	74	137498	2025-02-26 10:14:00	/discussions/microsoft/view/137498-exam-sc-300-topic-1-question-74-discussion/ Same question found !!!
Recent discussion post : 2025-02-11 06:02:00 ==> 2025-02-26 10:14:00
Exam PL-400 topic 5	43	122375	2025-02-26 10:14:00	/discussions/microsoft/view/122375-exam-pl-400-topic-5-question-43-discussion/ Same question found !!!
Recent discussion post : 2025-01-14 13:43:00 ==> 2025-02-26 10:14:00
Exam AZ-700 topic 2	73	135360	2025-02-26 10:28:00	/discussions/microsoft/view/135360-exam-az-700-topic-2-question-73-discussion/ Same question found !!!
Recent discussion post : 2025-01-29 03:32:00 ==> 2025-02-26 10:28:00
Write Discuss List 380 / 500
Exam AZ-104 topic 1	34	56296	2025-02-26 10:28:00	/discussions/microsoft/view/56296-exam-az-104-topic-1-question-34-discussion/ Same question found !!!
Recent discussion post : 2025-01-31 06:20:00 ==> 2025-02-26 10:28:00
Exam MB-330 topic 2	15	29622	2025-02-26 10:29:00	/discussions/microsoft/view/29622-exam-mb-330-topic-2-question-15-discussion/ Same question found !!!
Recent discussion post : 2024-09-13 13:33:00 ==> 2025-02-26 10:29:00
Exam PL-400 topic 5	37	124838	2025-02-26 10:30:00	/discussions/microsoft/view/124838-exam-pl-400-topic-5-question-37-discussion/ Same question found !!!
Recent discussion post : 2024-10-02 14:45:00 ==> 2025-02-26 10:30:00
Exam PL-600 topic 3	35	154825	2025-02-26 10:36:00	/discussions/microsoft/view/154825-exam-pl-600-topic-3-question-35-discussion/ Same question found !!!
Recent discussion post : 2025-01-28 02:45:00 ==> 2025-02-26 10:36:00
Exam PL-500 topic 5	61	88568	2025-02-26 10:42:00	/discussions/microsoft/view/88568-exam-pl-500-topic-5-question-61-discussion/ Same question found !!!
Recent discussion post : 2024-11-22 15:19:00 ==> 2025-02-26 10:42:00
Exam AZ-104 topic 1	21	57060	2025-02-26 10:52:00	/discussions/microsoft/view/57060-exam-az-104-topic-1-question-21-discussion/ Same question found !!!
Recent discussion post : 2025-02-18 04:13:00 ==> 2025-02-26 10:52:00
Exam AZ-900 topic 1	419	112281	2025-02-26 10:56:00	/discussions/microsoft/view/112281-exam-az-900-topic-1-question-419-discussion/ Same question found !!!
Recent discussion post : 2025-02-06 20:57:00 ==> 2025-02-26 10:56:00
Exam DP-600 topic 1	154	155067	2025-02-26 11:04:00	/discussions/microsoft/view/155067-exam-dp-600-topic-1-question-154-discussion/ Same question found !!!
Recent discussion post : 2025-02-16 20:39:00 ==> 2025-02-26 11:04:00
Exam AZ-104 topic 1	25	57485	2025-02-26 11:10:00	/discussions/microsoft/view/57485-exam-az-104-topic-1-question-25-discussion/ Same question found !!!
Window 'Exam Topics Discussion' not found
Recent discussion post : 2024-11-07 18:57:00 ==> 2025-02-26 11:10:00
Exam MB-330 topic 2	16	44497	2025-02-26 11:23:00	/discussions/microsoft/view/44497-exam-mb-330-topic-2-question-16-discussion/ Same question found !!!
Recent discussion post : 2024-11-25 08:46:00 ==> 2025-02-26 11:23:00
Exam AI-102 topic 3	6	60473	2025-02-26 11:28:00	/discussions/microsoft/view/60473-exam-ai-102-topic-3-question-6-discussion/ Same question found !!!
Recent discussion post : 2025-02-12 08:03:00 ==> 2025-02-26 11:28:00
Exam SC-400 topic 1	26	64713	2025-02-26 11:37:00	/discussions/microsoft/view/64713-exam-sc-400-topic-1-question-26-discussion/ Same question found !!!
Recent discussion post : 2024-08-26 07:00:00 ==> 2025-02-26 11:37:00
Exam PL-400 topic 7	1	41737	2025-02-26 12:52:00	/discussions/microsoft/view/41737-exam-pl-400-topic-7-question-1-discussion/ Same question found !!!
Recent discussion post : 2025-02-01 07:01:00 ==> 2025-02-26 12:52:00
Exam AZ-700 topic 1	43	153015	2025-02-26 12:52:00	/discussions/microsoft/view/153015-exam-az-700-topic-1-question-43-discussion/ Same question found !!!
Recent discussion post : 2025-02-09 02:03:00 ==> 2025-02-26 12:52:00
Exam DP-203 topic 2	140	155632	2025-02-26 12:53:00	/discussions/microsoft/view/155632-exam-dp-203-topic-2-question-140-discussion/ Same question found !!!
Recent discussion post : 2025-01-29 06:00:00 ==> 2025-02-26 12:53:00
Exam AZ-700 topic 2	74	135910	2025-02-26 13:08:00	/discussions/microsoft/view/135910-exam-az-700-topic-2-question-74-discussion/ Same question found !!!
Recent discussion post : 2024-11-22 11:57:00 ==> 2025-02-26 13:08:00
Exam SC-200 topic 6	29	157124	2025-02-26 13:12:00	/discussions/microsoft/view/157124-exam-sc-200-topic-6-question-29-discussion/ New question found !!!
Exam DP-203 topic 2	138	154686	2025-02-26 13:18:00	/discussions/microsoft/view/154686-exam-dp-203-topic-2-question-138-discussion/ Same question found !!!
Recent discussion post : 2025-01-16 14:25:00 ==> 2025-02-26 13:18:00
Exam PL-400 topic 7	7	58071	2025-02-26 13:18:00	/discussions/microsoft/view/58071-exam-pl-400-topic-7-question-7-discussion/ Same question found !!!
Recent discussion post : 2024-10-03 21:35:00 ==> 2025-02-26 13:18:00
Exam PL-400 topic 7	8	55120	2025-02-26 13:21:00	/discussions/microsoft/view/55120-exam-pl-400-topic-7-question-8-discussion/ Same question found !!!
Recent discussion post : 2025-01-15 13:37:00 ==> 2025-02-26 13:21:00
Write Discuss List 360 / 500
Exam SC-200 topic 1	48	120315	2025-02-26 13:28:00	/discussions/microsoft/view/120315-exam-sc-200-topic-1-question-48-discussion/ Same question found !!!
Recent discussion post : 2024-10-23 03:06:00 ==> 2025-02-26 13:28:00
Exam PL-400 topic 7	11	61756	2025-02-26 13:31:00	/discussions/microsoft/view/61756-exam-pl-400-topic-7-question-11-discussion/ Same question found !!!
Recent discussion post : 2024-11-28 16:36:00 ==> 2025-02-26 13:31:00
Exam AZ-104 topic 2	97	125199	2025-02-26 13:33:00	/discussions/microsoft/view/125199-exam-az-104-topic-2-question-97-discussion/ Same question found !!!
Window 'Exam Topics Discussion' not found
Recent discussion post : 2024-12-11 03:11:00 ==> 2025-02-26 13:33:00
Exam PL-400 topic 7	12	68162	2025-02-26 13:34:00	/discussions/microsoft/view/68162-exam-pl-400-topic-7-question-12-discussion/ Same question found !!!
Recent discussion post : 2024-11-05 05:19:00 ==> 2025-02-26 13:34:00
Exam PL-400 topic 7	13	82480	2025-02-26 13:40:00	/discussions/microsoft/view/82480-exam-pl-400-topic-7-question-13-discussion/ Same question found !!!
Recent discussion post : 2024-12-04 00:01:00 ==> 2025-02-26 13:40:00
Exam PL-200 topic 6	11	96044	2025-02-26 13:40:00	/discussions/microsoft/view/96044-exam-pl-200-topic-6-question-11-discussion/ Same question found !!!
Recent discussion post : 2025-01-20 16:00:00 ==> 2025-02-26 13:40:00
Exam DP-203 topic 2	137	154523	2025-02-26 13:44:00	/discussions/microsoft/view/154523-exam-dp-203-topic-2-question-137-discussion/ Same question found !!!
Recent discussion post : 2025-01-15 03:38:00 ==> 2025-02-26 13:44:00
Exam AZ-104 topic 2	106	146301	2025-02-26 13:48:00	/discussions/microsoft/view/146301-exam-az-104-topic-2-question-106-discussion/ Same question found !!!
Window 'Exam Topics Discussion' not found
Recent discussion post : 2025-02-04 02:07:00 ==> 2025-02-26 13:48:00
Exam DP-700 topic 1	31	154903	2025-02-26 13:51:00	/discussions/microsoft/view/154903-exam-dp-700-topic-1-question-31-discussion/ Same question found !!!
Recent discussion post : 2025-01-30 15:11:00 ==> 2025-02-26 13:51:00
Exam PL-400 topic 7	18	89860	2025-02-26 13:53:00	/discussions/microsoft/view/89860-exam-pl-400-topic-7-question-18-discussion/ Same question found !!!
Recent discussion post : 2024-10-03 07:34:00 ==> 2025-02-26 13:53:00
Exam SC-200 topic 1	53	122228	2025-02-26 13:59:00	/discussions/microsoft/view/122228-exam-sc-200-topic-1-question-53-discussion/ Same question found !!!
Recent discussion post : 2024-10-23 03:07:00 ==> 2025-02-26 13:59:00
Exam SC-300 topic 1	31	78511	2025-02-26 14:00:00	/discussions/microsoft/view/78511-exam-sc-300-topic-1-question-31-discussion/ Same question found !!!
Recent discussion post : 2025-01-29 12:54:00 ==> 2025-02-26 14:00:00
Exam PL-400 topic 7	21	110455	2025-02-26 14:00:00	/discussions/microsoft/view/110455-exam-pl-400-topic-7-question-21-discussion/ Same question found !!!
Recent discussion post : 2024-08-31 10:46:00 ==> 2025-02-26 14:00:00
Exam SC-200 topic 1	55	122221	2025-02-26 14:01:00	/discussions/microsoft/view/122221-exam-sc-200-topic-1-question-55-discussion/ Same question found !!!
Recent discussion post : 2025-01-12 16:25:00 ==> 2025-02-26 14:01:00
Exam PL-200 topic 6	21	145182	2025-02-26 14:05:00	/discussions/microsoft/view/145182-exam-pl-200-topic-6-question-21-discussion/ Same question found !!!
Recent discussion post : 2025-01-18 17:12:00 ==> 2025-02-26 14:05:00
Exam AZ-104 topic 1	38	78362	2025-02-26 14:08:00	/discussions/microsoft/view/78362-exam-az-104-topic-1-question-38-discussion/ Same question found !!!
Window 'Exam Topics Discussion' not found
Recent discussion post : 2025-02-13 06:23:00 ==> 2025-02-26 14:08:00
Exam PL-400 topic 7	32	155814	2025-02-26 14:21:00	/discussions/microsoft/view/155814-exam-pl-400-topic-7-question-32-discussion/ Same question found !!!
Recent discussion post : 2025-02-02 11:00:00 ==> 2025-02-26 14:21:00
Exam PL-400 topic 7	34	150084	2025-02-26 14:32:00	/discussions/microsoft/view/150084-exam-pl-400-topic-7-question-34-discussion/ Same question found !!!
Recent discussion post : 2025-02-09 19:32:00 ==> 2025-02-26 14:32:00
Exam SC-200 topic 1	65	153479	2025-02-26 14:39:00	/discussions/microsoft/view/153479-exam-sc-200-topic-1-question-65-discussion/ Same question found !!!
Recent discussion post : 2025-01-06 15:06:00 ==> 2025-02-26 14:39:00
Exam PL-400 topic 7	39	150710	2025-02-26 14:46:00	/discussions/microsoft/view/150710-exam-pl-400-topic-7-question-39-discussion/ Same question found !!!
Recent discussion post : 2024-12-16 12:44:00 ==> 2025-02-26 14:46:00
Write Discuss List 340 / 500
Exam MB-330 topic 2	22	44933	2025-02-26 15:03:00	/discussions/microsoft/view/44933-exam-mb-330-topic-2-question-22-discussion/ Same question found !!!
Recent discussion post : 2024-10-03 13:01:00 ==> 2025-02-26 15:03:00
Exam MD-102 topic 1	333	153499	2025-02-26 15:07:00	/discussions/microsoft/view/153499-exam-md-102-topic-1-question-333-discussion/ Same question found !!!
Recent discussion post : 2025-02-07 11:20:00 ==> 2025-02-26 15:07:00
Exam SC-200 topic 2	1	53799	2025-02-26 15:08:00	/discussions/microsoft/view/53799-exam-sc-200-topic-2-question-1-discussion/ Same question found !!!
Recent discussion post : 2024-12-11 19:06:00 ==> 2025-02-26 15:08:00
Exam MD-102 topic 1	335	154047	2025-02-26 15:09:00	/discussions/microsoft/view/154047-exam-md-102-topic-1-question-335-discussion/ Same question found !!!
Recent discussion post : 2025-02-12 19:52:00 ==> 2025-02-26 15:09:00
Exam AZ-120 topic 1	24	121838	2025-02-26 15:14:00	/discussions/microsoft/view/121838-exam-az-120-topic-1-question-24-discussion/ Same question found !!!
Recent discussion post : 2024-07-02 08:22:00 ==> 2025-02-26 15:14:00
Exam AZ-104 topic 2	113	146304	2025-02-26 15:24:00	/discussions/microsoft/view/146304-exam-az-104-topic-2-question-113-discussion/ Same question found !!!
Window 'Exam Topics Discussion' not found
Recent discussion post : 2024-12-27 14:36:00 ==> 2025-02-26 15:24:00
Exam SC-200 topic 4	23	157067	2025-02-26 15:25:00	/discussions/microsoft/view/157067-exam-sc-200-topic-4-question-23-discussion/ New question found !!!
Exam SC-300 topic 1	71	131922	2025-02-26 15:37:00	/discussions/microsoft/view/131922-exam-sc-300-topic-1-question-71-discussion/ Same question found !!!
Recent discussion post : 2025-02-19 22:00:00 ==> 2025-02-26 15:37:00
Exam PL-400 topic 8	9	87515	2025-02-26 15:39:00	/discussions/microsoft/view/87515-exam-pl-400-topic-8-question-9-discussion/ Same question found !!!
Recent discussion post : 2024-07-20 15:51:00 ==> 2025-02-26 15:39:00
Exam SC-300 topic 1	72	131993	2025-02-26 15:40:00	/discussions/microsoft/view/131993-exam-sc-300-topic-1-question-72-discussion/ Same question found !!!
Recent discussion post : 2025-02-19 22:28:00 ==> 2025-02-26 15:40:00
Exam SC-200 topic 2	11	49078	2025-02-26 15:58:00	/discussions/microsoft/view/49078-exam-sc-200-topic-2-question-11-discussion/ Same question found !!!
Recent discussion post : 2024-10-23 03:11:00 ==> 2025-02-26 15:58:00
Exam AZ-104 topic 2	26	38126	2025-02-26 16:16:00	/discussions/microsoft/view/38126-exam-az-104-topic-2-question-26-discussion/ Same question found !!!
Recent discussion post : 2024-12-10 07:52:00 ==> 2025-02-26 16:16:00
Exam PL-400 topic 8	13	105571	2025-02-26 16:31:00	/discussions/microsoft/view/105571-exam-pl-400-topic-8-question-13-discussion/ Same question found !!!
Recent discussion post : 2024-11-17 11:30:00 ==> 2025-02-26 16:31:00
Exam PL-400 topic 8	14	83996	2025-02-26 16:39:00	/discussions/microsoft/view/83996-exam-pl-400-topic-8-question-14-discussion/ Same question found !!!
Recent discussion post : 2024-12-13 08:12:00 ==> 2025-02-26 16:39:00
Exam MB-330 topic 2	23	52076	2025-02-26 17:38:00	/discussions/microsoft/view/52076-exam-mb-330-topic-2-question-23-discussion/ Same question found !!!
Recent discussion post : 2024-11-01 19:37:00 ==> 2025-02-26 17:38:00
Exam PL-300 topic 2	55	94720	2025-02-26 17:39:00	/discussions/microsoft/view/94720-exam-pl-300-topic-2-question-55-discussion/ Same question found !!!
Recent discussion post : 2024-11-30 15:47:00 ==> 2025-02-26 17:39:00
Exam MB-330 topic 2	26	58530	2025-02-26 18:02:00	/discussions/microsoft/view/58530-exam-mb-330-topic-2-question-26-discussion/ Same question found !!!
Recent discussion post : 2024-10-14 17:37:00 ==> 2025-02-26 18:02:00
Exam PL-300 topic 2	31	82538	2025-02-26 18:13:00	/discussions/microsoft/view/82538-exam-pl-300-topic-2-question-31-discussion/ Same question found !!!
Recent discussion post : 2025-02-05 14:07:00 ==> 2025-02-26 18:13:00
Exam MD-102 topic 1	261	135558	2025-02-26 18:25:00	/discussions/microsoft/view/135558-exam-md-102-topic-1-question-261-discussion/ Same question found !!!
Recent discussion post : 2024-08-20 19:14:00 ==> 2025-02-26 18:25:00
Exam AZ-104 topic 5	1	38955	2025-02-26 18:39:00	/discussions/microsoft/view/38955-exam-az-104-topic-5-question-1-discussion/ Same question found !!!
Window 'Exam Topics Discussion' not found
Recent discussion post : 2024-09-22 16:13:00 ==> 2025-02-26 18:39:00
Write Discuss List 320 / 500
Exam MB-700 topic 1	65	156491	2025-02-26 18:42:00	/discussions/microsoft/view/156491-exam-mb-700-topic-1-question-65-discussion/ Same question found !!!
Recent discussion post : 2025-02-14 14:47:00 ==> 2025-02-26 18:42:00
Exam MB-330 topic 2	27	114938	2025-02-26 18:50:00	/discussions/microsoft/view/114938-exam-mb-330-topic-2-question-27-discussion/ Same question found !!!
Recent discussion post : 2024-11-06 01:25:00 ==> 2025-02-26 18:50:00
Exam MD-102 topic 1	344	154863	2025-02-26 18:51:00	/discussions/microsoft/view/154863-exam-md-102-topic-1-question-344-discussion/ Same question found !!!
Recent discussion post : 2025-01-18 21:23:00 ==> 2025-02-26 18:51:00
Exam MB-330 topic 2	28	71237	2025-02-26 18:57:00	/discussions/microsoft/view/71237-exam-mb-330-topic-2-question-28-discussion/ Same question found !!!
Recent discussion post : 2025-02-02 01:01:00 ==> 2025-02-26 18:57:00
Exam MD-102 topic 1	346	154864	2025-02-26 19:17:00	/discussions/microsoft/view/154864-exam-md-102-topic-1-question-346-discussion/ Same question found !!!
Recent discussion post : 2025-02-11 16:17:00 ==> 2025-02-26 19:17:00
Exam PL-900 topic 1	298	157157	2025-02-26 19:18:00	/discussions/microsoft/view/157157-exam-pl-900-topic-1-question-298-discussion/ New question found !!!
Exam MD-102 topic 1	270	143855	2025-02-26 19:18:00	/discussions/microsoft/view/143855-exam-md-102-topic-1-question-270-discussion/ Same question found !!!
Recent discussion post : 2024-11-09 23:36:00 ==> 2025-02-26 19:18:00
Exam DP-700 topic 1	12	152704	2025-02-26 19:19:00	/discussions/microsoft/view/152704-exam-dp-700-topic-1-question-12-discussion/ Same question found !!!
Recent discussion post : 2024-12-15 09:13:00 ==> 2025-02-26 19:19:00
Exam MD-102 topic 1	347	156363	2025-02-26 19:32:00	/discussions/microsoft/view/156363-exam-md-102-topic-1-question-347-discussion/ Same question found !!!
Recent discussion post : 2025-02-11 16:20:00 ==> 2025-02-26 19:32:00
Exam SC-300 topic 2	113	155076	2025-02-26 20:30:00	/discussions/microsoft/view/155076-exam-sc-300-topic-2-question-113-discussion/ Same question found !!!
Recent discussion post : 2025-02-16 09:24:00 ==> 2025-02-26 20:30:00
Exam DP-700 topic 1	13	152991	2025-02-26 20:31:00	/discussions/microsoft/view/152991-exam-dp-700-topic-1-question-13-discussion/ Same question found !!!
Recent discussion post : 2025-02-02 12:54:00 ==> 2025-02-26 20:31:00
Exam MB-240 topic 1	52	25839	2025-02-26 20:36:00	/discussions/microsoft/view/25839-exam-mb-240-topic-1-question-52-discussion/ Same question found !!!
Recent discussion post : 2024-07-04 09:15:00 ==> 2025-02-26 20:36:00
Exam AZ-800 topic 5	28	95682	2025-02-26 20:37:00	/discussions/microsoft/view/95682-exam-az-800-topic-5-question-28-discussion/ Same question found !!!
Recent discussion post : 2024-11-19 12:15:00 ==> 2025-02-26 20:37:00
Exam SC-300 topic 2	116	157165	2025-02-26 20:51:00	/discussions/microsoft/view/157165-exam-sc-300-topic-2-question-116-discussion/ New question found !!!
Exam SC-200 topic 4	30	157074	2025-02-26 20:55:00	/discussions/microsoft/view/157074-exam-sc-200-topic-4-question-30-discussion/ New question found !!!
Exam SC-300 topic 2	117	153400	2025-02-26 20:58:00	/discussions/microsoft/view/153400-exam-sc-300-topic-2-question-117-discussion/ Same question found !!!
Recent discussion post : 2025-01-14 10:57:00 ==> 2025-02-26 20:58:00
Exam DP-700 topic 3	4	154679	2025-02-26 21:08:00	/discussions/microsoft/view/154679-exam-dp-700-topic-3-question-4-discussion/ Same question found !!!
Recent discussion post : 2025-01-31 15:41:00 ==> 2025-02-26 21:08:00
Exam MB-330 topic 2	34	109047	2025-02-26 21:11:00	/discussions/microsoft/view/109047-exam-mb-330-topic-2-question-34-discussion/ Same question found !!!
Recent discussion post : 2024-10-11 14:58:00 ==> 2025-02-26 21:11:00
Exam AZ-104 topic 1	40	78364	2025-02-26 21:11:00	/discussions/microsoft/view/78364-exam-az-104-topic-1-question-40-discussion/ Same question found !!!
Window 'Exam Topics Discussion' not found
Recent discussion post : 2024-09-20 06:36:00 ==> 2025-02-26 21:11:00
Exam AZ-140 topic 5	40	120372	2025-02-26 21:22:00	/discussions/microsoft/view/120372-exam-az-140-topic-5-question-40-discussion/ Same question found !!!
Recent discussion post : 2024-11-06 19:23:00 ==> 2025-02-26 21:22:00
Write Discuss List 300 / 500
Exam PL-400 topic 5	14	72337	2025-02-26 21:28:00	/discussions/microsoft/view/72337-exam-pl-400-topic-5-question-14-discussion/ Same question found !!!
Recent discussion post : 2024-09-13 13:46:00 ==> 2025-02-26 21:28:00
Exam AZ-900 topic 1	2	56934	2025-02-26 21:31:00	/discussions/microsoft/view/56934-exam-az-900-topic-1-question-2-discussion/ Same question found !!!
Recent discussion post : 2025-02-16 09:19:00 ==> 2025-02-26 21:31:00
Exam SC-300 topic 2	119	157167	2025-02-26 21:33:00	/discussions/microsoft/view/157167-exam-sc-300-topic-2-question-119-discussion/ New question found !!!
Exam AZ-140 topic 5	41	150545	2025-02-26 21:34:00	/discussions/microsoft/view/150545-exam-az-140-topic-5-question-41-discussion/ Same question found !!!
Recent discussion post : 2025-02-09 11:59:00 ==> 2025-02-26 21:34:00
Exam AZ-500 topic 5	73	147987	2025-02-26 21:35:00	/discussions/microsoft/view/147987-exam-az-500-topic-5-question-73-discussion/ Same question found !!!
Recent discussion post : 2025-02-19 18:51:00 ==> 2025-02-26 21:35:00
Exam AZ-900 topic 1	4	56881	2025-02-26 21:36:00	/discussions/microsoft/view/56881-exam-az-900-topic-1-question-4-discussion/ Same question found !!!
Recent discussion post : 2025-02-16 09:38:00 ==> 2025-02-26 21:36:00
Exam SC-200 topic 5	6	139608	2025-02-26 21:37:00	/discussions/microsoft/view/139608-exam-sc-200-topic-5-question-6-discussion/ Same question found !!!
Recent discussion post : 2024-12-05 11:00:00 ==> 2025-02-26 21:37:00
Exam AZ-500 topic 5	75	147352	2025-02-26 21:40:00	/discussions/microsoft/view/147352-exam-az-500-topic-5-question-75-discussion/ Same question found !!!
Recent discussion post : 2025-02-19 19:12:00 ==> 2025-02-26 21:40:00
Exam SC-300 topic 2	120	156458	2025-02-26 21:47:00	/discussions/microsoft/view/156458-exam-sc-300-topic-2-question-120-discussion/ New question found !!!
Exam AZ-900 topic 1	5	56882	2025-02-26 21:47:00	/discussions/microsoft/view/56882-exam-az-900-topic-1-question-5-discussion/ Same question found !!!
Recent discussion post : 2025-02-06 18:57:00 ==> 2025-02-26 21:47:00
Exam AZ-900 topic 1	6	56559	2025-02-26 21:48:00	/discussions/microsoft/view/56559-exam-az-900-topic-1-question-6-discussion/ Same question found !!!
Recent discussion post : 2025-02-06 18:57:00 ==> 2025-02-26 21:48:00
Exam DP-600 topic 1	24	134093	2025-02-26 21:58:00	/discussions/microsoft/view/134093-exam-dp-600-topic-1-question-24-discussion/ Same question found !!!
Recent discussion post : 2024-12-25 20:28:00 ==> 2025-02-26 21:58:00
Exam SC-300 topic 3	2	132371	2025-02-26 22:00:00	/discussions/microsoft/view/132371-exam-sc-300-topic-3-question-2-discussion/ Same question found !!!
Recent discussion post : 2025-02-05 09:43:00 ==> 2025-02-26 22:00:00
Exam AZ-801 topic 2	14	104323	2025-02-26 22:09:00	/discussions/microsoft/view/104323-exam-az-801-topic-2-question-14-discussion/ Same question found !!!
Recent discussion post : 2024-09-18 15:55:00 ==> 2025-02-26 22:09:00
Exam SC-300 topic 2	57	116459	2025-02-26 22:18:00	/discussions/microsoft/view/116459-exam-sc-300-topic-2-question-57-discussion/ Same question found !!!
Recent discussion post : 2024-10-27 14:46:00 ==> 2025-02-26 22:18:00
Exam AZ-900 topic 1	7	56422	2025-02-26 22:24:00	/discussions/microsoft/view/56422-exam-az-900-topic-1-question-7-discussion/ Same question found !!!
Recent discussion post : 2025-02-16 05:56:00 ==> 2025-02-26 22:24:00
Exam SC-200 topic 5	11	140778	2025-02-26 22:25:00	/discussions/microsoft/view/140778-exam-sc-200-topic-5-question-11-discussion/ Same question found !!!
Recent discussion post : 2024-10-26 22:08:00 ==> 2025-02-26 22:25:00
Exam SC-300 topic 2	83	131994	2025-02-26 22:29:00	/discussions/microsoft/view/131994-exam-sc-300-topic-2-question-83-discussion/ Same question found !!!
Recent discussion post : 2025-01-21 19:57:00 ==> 2025-02-26 22:29:00
Exam AZ-500 topic 6	13	112357	2025-02-26 22:44:00	/discussions/microsoft/view/112357-exam-az-500-topic-6-question-13-discussion/ Same question found !!!
Recent discussion post : 2025-02-19 21:45:00 ==> 2025-02-26 22:44:00
Exam AZ-900 topic 1	9	62985	2025-02-26 22:49:00	/discussions/microsoft/view/62985-exam-az-900-topic-1-question-9-discussion/ Same question found !!!
Recent discussion post : 2025-01-23 02:36:00 ==> 2025-02-26 22:49:00
Write Discuss List 280 / 500
Exam MD-102 topic 1	348	154867	2025-02-26 22:49:00	/discussions/microsoft/view/154867-exam-md-102-topic-1-question-348-discussion/ Same question found !!!
Recent discussion post : 2025-02-15 16:15:00 ==> 2025-02-26 22:49:00
Exam AZ-900 topic 1	11	56624	2025-02-26 22:58:00	/discussions/microsoft/view/56624-exam-az-900-topic-1-question-11-discussion/ Same question found !!!
Recent discussion post : 2025-01-19 17:48:00 ==> 2025-02-26 22:58:00
Exam AZ-900 topic 1	12	56625	2025-02-26 22:58:00	/discussions/microsoft/view/56625-exam-az-900-topic-1-question-12-discussion/ Same question found !!!
Recent discussion post : 2024-12-11 16:45:00 ==> 2025-02-26 22:58:00
Exam AZ-140 topic 6	50	150915	2025-02-26 22:59:00	/discussions/microsoft/view/150915-exam-az-140-topic-6-question-50-discussion/ Same question found !!!
Recent discussion post : 2025-02-10 21:41:00 ==> 2025-02-26 22:59:00
Exam SC-300 topic 2	97	153442	2025-02-26 23:01:00	/discussions/microsoft/view/153442-exam-sc-300-topic-2-question-97-discussion/ Same question found !!!
Recent discussion post : 2025-01-17 16:24:00 ==> 2025-02-26 23:01:00
Exam MD-102 topic 1	349	154901	2025-02-26 23:05:00	/discussions/microsoft/view/154901-exam-md-102-topic-1-question-349-discussion/ Same question found !!!
Recent discussion post : 2025-02-15 16:25:00 ==> 2025-02-26 23:05:00
Exam SC-300 topic 2	98	153311	2025-02-26 23:10:00	/discussions/microsoft/view/153311-exam-sc-300-topic-2-question-98-discussion/ Same question found !!!
Recent discussion post : 2025-02-17 11:36:00 ==> 2025-02-26 23:10:00
Exam MD-102 topic 1	350	157061	2025-02-26 23:10:00	/discussions/microsoft/view/157061-exam-md-102-topic-1-question-350-discussion/ New question found !!!
Exam AZ-900 topic 1	252	46597	2025-02-26 23:13:00	/discussions/microsoft/view/46597-exam-az-900-topic-1-question-252-discussion/ Same question found !!!
Recent discussion post : 2024-10-21 03:47:00 ==> 2025-02-26 23:13:00
Exam SC-200 topic 5	24	156767	2025-02-26 23:14:00	/discussions/microsoft/view/156767-exam-sc-200-topic-5-question-24-discussion/ Same question found !!!
Recent discussion post : 2025-02-18 17:11:00 ==> 2025-02-26 23:14:00
Exam SC-200 topic 5	25	157171	2025-02-26 23:20:00	/discussions/microsoft/view/157171-exam-sc-200-topic-5-question-25-discussion/ New question found !!!
Exam AZ-900 topic 1	1	62815	2025-02-26 23:21:00	/discussions/microsoft/view/62815-exam-az-900-topic-1-question-1-discussion/ Same question found !!!
Recent discussion post : 2024-11-25 08:16:00 ==> 2025-02-26 23:21:00
Exam SC-300 topic 2	99	154516	2025-02-26 23:25:00	/discussions/microsoft/view/154516-exam-sc-300-topic-2-question-99-discussion/ Same question found !!!
Recent discussion post : 2025-02-02 02:53:00 ==> 2025-02-26 23:25:00
Exam AZ-140 topic 4	39	121724	2025-02-26 23:28:00	/discussions/microsoft/view/121724-exam-az-140-topic-4-question-39-discussion/ Same question found !!!
Recent discussion post : 2025-02-13 21:19:00 ==> 2025-02-26 23:28:00
Exam SC-300 topic 2	100	155224	2025-02-26 23:35:00	/discussions/microsoft/view/155224-exam-sc-300-topic-2-question-100-discussion/ Same question found !!!
Recent discussion post : 2025-01-29 12:29:00 ==> 2025-02-26 23:35:00
Exam SC-200 topic 6	6	140620	2025-02-27 00:00:00	/discussions/microsoft/view/140620-exam-sc-200-topic-6-question-6-discussion/ Same question found !!!
Recent discussion post : 2025-01-13 03:39:00 ==> 2025-02-27 00:00:00
Exam SC-200 topic 6	8	139779	2025-02-27 00:17:00	/discussions/microsoft/view/139779-exam-sc-200-topic-6-question-8-discussion/ Same question found !!!
Recent discussion post : 2024-11-11 14:48:00 ==> 2025-02-27 00:17:00
Exam PL-300 topic 5	4	156476	2025-02-27 00:49:00	/discussions/microsoft/view/156476-exam-pl-300-topic-5-question-4-discussion/ New question found !!!
Exam SC-300 topic 2	46	96025	2025-02-27 01:33:00	/discussions/microsoft/view/96025-exam-sc-300-topic-2-question-46-discussion/ Same question found !!!
Recent discussion post : 2025-01-29 15:09:00 ==> 2025-02-27 01:33:00
Exam SC-300 topic 2	55	116106	2025-02-27 01:57:00	/discussions/microsoft/view/116106-exam-sc-300-topic-2-question-55-discussion/ Same question found !!!
Recent discussion post : 2025-02-11 19:44:00 ==> 2025-02-27 01:57:00
Write Discuss List 260 / 500
Exam PL-600 topic 6	1	81950	2025-02-27 04:01:00	/discussions/microsoft/view/81950-exam-pl-600-topic-6-question-1-discussion/ Same question found !!!
Recent discussion post : 2024-11-26 18:54:00 ==> 2025-02-27 04:01:00
Exam SC-300 topic 2	84	137585	2025-02-27 04:24:00	/discussions/microsoft/view/137585-exam-sc-300-topic-2-question-84-discussion/ Same question found !!!
Recent discussion post : 2025-01-29 19:58:00 ==> 2025-02-27 04:24:00
Exam AZ-104 topic 4	85	146259	2025-02-27 04:32:00	/discussions/microsoft/view/146259-exam-az-104-topic-4-question-85-discussion/ Same question found !!!
Window 'Exam Topics Discussion' not found
Recent discussion post : 2024-09-16 18:20:00 ==> 2025-02-27 04:32:00
Exam SC-300 topic 2	90	155926	2025-02-27 04:36:00	/discussions/microsoft/view/155926-exam-sc-300-topic-2-question-90-discussion/ Same question found !!!
Recent discussion post : 2025-02-04 12:43:00 ==> 2025-02-27 04:36:00
Exam PL-300 topic 4	35	156045	2025-02-27 05:15:00	/discussions/microsoft/view/156045-exam-pl-300-topic-4-question-35-discussion/ Same question found !!!
Recent discussion post : 2025-02-14 00:37:00 ==> 2025-02-27 05:15:00
Exam PL-200 topic 3	51	157182	2025-02-27 05:29:00	/discussions/microsoft/view/157182-exam-pl-200-topic-3-question-51-discussion/ New question found !!!
Exam AZ-104 topic 6	27	80286	2025-02-27 06:40:00	/discussions/microsoft/view/80286-exam-az-104-topic-6-question-27-discussion/ Same question found !!!
Window 'Exam Topics Discussion' not found
Recent discussion post : 2024-11-28 16:07:00 ==> 2025-02-27 06:40:00
Exam MB-330 topic 2	35	112173	2025-02-27 06:55:00	/discussions/microsoft/view/112173-exam-mb-330-topic-2-question-35-discussion/ Same question found !!!
Recent discussion post : 2024-11-28 03:47:00 ==> 2025-02-27 06:55:00
Exam AZ-104 topic 2	57	78406	2025-02-27 06:58:00	/discussions/microsoft/view/78406-exam-az-104-topic-2-question-57-discussion/ Same question found !!!
Recent discussion post : 2025-02-01 20:48:00 ==> 2025-02-27 06:58:00
Exam SC-300 topic 2	109	153444	2025-02-27 07:18:00	/discussions/microsoft/view/153444-exam-sc-300-topic-2-question-109-discussion/ Same question found !!!
Recent discussion post : 2025-01-16 17:41:00 ==> 2025-02-27 07:18:00
Exam MB-330 topic 2	36	111498	2025-02-27 07:21:00	/discussions/microsoft/view/111498-exam-mb-330-topic-2-question-36-discussion/ Same question found !!!
Recent discussion post : 2024-09-14 02:17:00 ==> 2025-02-27 07:21:00
Exam SC-300 topic 1	83	155009	2025-02-27 07:37:00	/discussions/microsoft/view/155009-exam-sc-300-topic-1-question-83-discussion/ Same question found !!!
Recent discussion post : 2025-01-20 17:09:00 ==> 2025-02-27 07:37:00
Exam SC-300 topic 1	85	155403	2025-02-27 07:44:00	/discussions/microsoft/view/155403-exam-sc-300-topic-1-question-85-discussion/ Same question found !!!
Recent discussion post : 2025-02-20 19:41:00 ==> 2025-02-27 07:44:00
Exam SC-300 topic 3	20	96267	2025-02-27 08:04:00	/discussions/microsoft/view/96267-exam-sc-300-topic-3-question-20-discussion/ Same question found !!!
Recent discussion post : 2024-11-13 11:45:00 ==> 2025-02-27 08:04:00
Exam MB-330 topic 2	37	112296	2025-02-27 08:05:00	/discussions/microsoft/view/112296-exam-mb-330-topic-2-question-37-discussion/ Same question found !!!
Recent discussion post : 2024-06-30 16:26:00 ==> 2025-02-27 08:05:00
Exam MB-230 topic 4	12	157183	2025-02-27 08:46:00	/discussions/microsoft/view/157183-exam-mb-230-topic-4-question-12-discussion/ New question found !!!
Exam SC-900 topic 1	174	116420	2025-02-27 08:50:00	/discussions/microsoft/view/116420-exam-sc-900-topic-1-question-174-discussion/ Same question found !!!
Recent discussion post : 2024-10-14 15:33:00 ==> 2025-02-27 08:50:00
Exam MB-330 topic 2	39	103961	2025-02-27 08:52:00	/discussions/microsoft/view/103961-exam-mb-330-topic-2-question-39-discussion/ Same question found !!!
Recent discussion post : 2024-11-12 05:12:00 ==> 2025-02-27 08:52:00
Exam AZ-104 topic 1	6	57782	2025-02-27 09:07:00	/discussions/microsoft/view/57782-exam-az-104-topic-1-question-6-discussion/ Same question found !!!
Window 'Exam Topics Discussion' not found
Recent discussion post : 2024-11-08 02:45:00 ==> 2025-02-27 09:07:00
Exam MB-330 topic 2	40	122271	2025-02-27 09:15:00	/discussions/microsoft/view/122271-exam-mb-330-topic-2-question-40-discussion/ Same question found !!!
Recent discussion post : 2024-10-13 16:02:00 ==> 2025-02-27 09:15:00
Write Discuss List 240 / 500
Exam AZ-104 topic 2	5	38107	2025-02-27 09:26:00	/discussions/microsoft/view/38107-exam-az-104-topic-2-question-5-discussion/ Same question found !!!
Recent discussion post : 2025-01-15 10:08:00 ==> 2025-02-27 09:26:00
Exam PL-400 topic 6	41	150945	2025-02-27 09:43:00	/discussions/microsoft/view/150945-exam-pl-400-topic-6-question-41-discussion/ Same question found !!!
Recent discussion post : 2025-02-09 16:12:00 ==> 2025-02-27 09:43:00
Exam PL-200 topic 9	4	83396	2025-02-27 09:55:00	/discussions/microsoft/view/83396-exam-pl-200-topic-9-question-4-discussion/ Same question found !!!
Recent discussion post : 2025-01-20 16:48:00 ==> 2025-02-27 09:55:00
Exam AZ-801 topic 2	18	121654	2025-02-27 09:55:00	/discussions/microsoft/view/121654-exam-az-801-topic-2-question-18-discussion/ Same question found !!!
Recent discussion post : 2025-02-06 09:13:00 ==> 2025-02-27 09:55:00
Exam AZ-305 topic 4	56	93916	2025-02-27 09:56:00	/discussions/microsoft/view/93916-exam-az-305-topic-4-question-56-discussion/ Same question found !!!
Window 'Exam Topics Discussion' not found
Recent discussion post : 2024-11-13 16:42:00 ==> 2025-02-27 09:56:00
Exam DP-700 topic 1	15	152676	2025-02-27 10:10:00	/discussions/microsoft/view/152676-exam-dp-700-topic-1-question-15-discussion/ Same question found !!!
Recent discussion post : 2025-02-16 23:19:00 ==> 2025-02-27 10:10:00
Exam MB-330 topic 2	41	106782	2025-02-27 10:12:00	/discussions/microsoft/view/106782-exam-mb-330-topic-2-question-41-discussion/ Same question found !!!
Recent discussion post : 2024-10-03 17:54:00 ==> 2025-02-27 10:12:00
Exam DP-600 topic 1	168	157185	2025-02-27 10:54:00	/discussions/microsoft/view/157185-exam-dp-600-topic-1-question-168-discussion/ New question found !!!
Exam PL-200 topic 13	2	83463	2025-02-27 11:06:00	/discussions/microsoft/view/83463-exam-pl-200-topic-13-question-2-discussion/ Same question found !!!
Recent discussion post : 2025-02-04 16:10:00 ==> 2025-02-27 11:06:00
Exam MB-330 topic 2	44	103957	2025-02-27 11:10:00	/discussions/microsoft/view/103957-exam-mb-330-topic-2-question-44-discussion/ Same question found !!!
Recent discussion post : 2024-10-03 18:16:00 ==> 2025-02-27 11:10:00
Exam SC-300 topic 1	91	156822	2025-02-27 13:02:00	/discussions/microsoft/view/156822-exam-sc-300-topic-1-question-91-discussion/ Same question found !!!
Recent discussion post : 2025-02-20 20:23:00 ==> 2025-02-27 13:02:00
Exam AI-102 topic 1	60	135042	2025-02-27 13:09:00	/discussions/microsoft/view/135042-exam-ai-102-topic-1-question-60-discussion/ Same question found !!!
Recent discussion post : 2025-02-11 10:19:00 ==> 2025-02-27 13:09:00
Exam MD-102 topic 1	360	157195	2025-02-27 13:34:00	/discussions/microsoft/view/157195-exam-md-102-topic-1-question-360-discussion/ New question found !!!
Exam AZ-900 topic 1	16	56892	2025-02-27 13:46:00	/discussions/microsoft/view/56892-exam-az-900-topic-1-question-16-discussion/ Same question found !!!
Recent discussion post : 2024-12-28 06:35:00 ==> 2025-02-27 13:46:00
Exam MS-102 topic 1	127	119964	2025-02-27 13:51:00	/discussions/microsoft/view/119964-exam-ms-102-topic-1-question-127-discussion/ Same question found !!!
Recent discussion post : 2024-10-03 09:04:00 ==> 2025-02-27 13:51:00
Exam DP-700 topic 1	9	152633	2025-02-27 13:54:00	/discussions/microsoft/view/152633-exam-dp-700-topic-1-question-9-discussion/ Same question found !!!
Recent discussion post : 2025-02-21 09:04:00 ==> 2025-02-27 13:54:00
Exam MD-102 topic 1	308	151072	2025-02-27 14:19:00	/discussions/microsoft/view/151072-exam-md-102-topic-1-question-308-discussion/ Same question found !!!
Recent discussion post : 2025-02-20 18:38:00 ==> 2025-02-27 14:19:00
Exam DP-700 topic 1	11	153078	2025-02-27 14:23:00	/discussions/microsoft/view/153078-exam-dp-700-topic-1-question-11-discussion/ Same question found !!!
Recent discussion post : 2025-01-07 05:56:00 ==> 2025-02-27 14:23:00
Exam AZ-500 topic 6	29	147121	2025-02-27 14:34:00	/discussions/microsoft/view/147121-exam-az-500-topic-6-question-29-discussion/ Same question found !!!
Recent discussion post : 2024-10-18 17:54:00 ==> 2025-02-27 14:34:00
Exam AZ-500 topic 6	31	148510	2025-02-27 14:40:00	/discussions/microsoft/view/148510-exam-az-500-topic-6-question-31-discussion/ Same question found !!!
Recent discussion post : 2025-02-15 20:01:00 ==> 2025-02-27 14:40:00
Write Discuss List 220 / 500
Exam AZ-500 topic 1	19	56387	2025-02-27 14:54:00	/discussions/microsoft/view/56387-exam-az-500-topic-1-question-19-discussion/ Same question found !!!
Recent discussion post : 2025-02-12 23:18:00 ==> 2025-02-27 14:54:00
Exam AZ-104 topic 6	50	120224	2025-02-27 15:09:00	/discussions/microsoft/view/120224-exam-az-104-topic-6-question-50-discussion/ Same question found !!!
Window 'Exam Topics Discussion' not found
Recent discussion post : 2024-11-29 11:09:00 ==> 2025-02-27 15:09:00
Exam DP-700 topic 1	23	155287	2025-02-27 15:23:00	/discussions/microsoft/view/155287-exam-dp-700-topic-1-question-23-discussion/ Same question found !!!
Recent discussion post : 2025-02-17 00:12:00 ==> 2025-02-27 15:23:00
Exam AZ-500 topic 11	3	67600	2025-02-27 15:34:00	/discussions/microsoft/view/67600-exam-az-500-topic-11-question-3-discussion/ Same question found !!!
Recent discussion post : 2025-01-30 19:10:00 ==> 2025-02-27 15:34:00
Exam MD-102 topic 1	357	157199	2025-02-27 15:47:00	/discussions/microsoft/view/157199-exam-md-102-topic-1-question-357-discussion/ New question found !!!
Exam MD-102 topic 1	358	157193	2025-02-27 15:49:00	/discussions/microsoft/view/157193-exam-md-102-topic-1-question-358-discussion/ New question found !!!
Exam MD-102 topic 1	359	157194	2025-02-27 15:51:00	/discussions/microsoft/view/157194-exam-md-102-topic-1-question-359-discussion/ New question found !!!
Exam AZ-500 topic 15	1	63294	2025-02-27 15:54:00	/discussions/microsoft/view/63294-exam-az-500-topic-15-question-1-discussion/ Same question found !!!
Recent discussion post : 2024-07-20 04:19:00 ==> 2025-02-27 15:54:00
Exam PL-300 topic 2	108	156917	2025-02-27 15:58:00	/discussions/microsoft/view/156917-exam-pl-300-topic-2-question-108-discussion/ Same question found !!!
Recent discussion post : 2025-02-21 05:36:00 ==> 2025-02-27 15:58:00
Exam PL-200 topic 1	65	142389	2025-02-27 16:00:00	/discussions/microsoft/view/142389-exam-pl-200-topic-1-question-65-discussion/ Same question found !!!
Recent discussion post : 2024-12-07 17:08:00 ==> 2025-02-27 16:00:00
Exam MD-102 topic 1	364	157202	2025-02-27 16:13:00	/discussions/microsoft/view/157202-exam-md-102-topic-1-question-364-discussion/ New question found !!!
Exam AZ-500 topic 7	1	68065	2025-02-27 16:13:00	/discussions/microsoft/view/68065-exam-az-500-topic-7-question-1-discussion/ Same question found !!!
Recent discussion post : 2024-10-27 15:54:00 ==> 2025-02-27 16:13:00
Exam DP-700 topic 1	36	152987	2025-02-27 16:19:00	/discussions/microsoft/view/152987-exam-dp-700-topic-1-question-36-discussion/ Same question found !!!
Recent discussion post : 2025-02-20 07:42:00 ==> 2025-02-27 16:19:00
Exam AZ-500 topic 8	1	57088	2025-02-27 16:23:00	/discussions/microsoft/view/57088-exam-az-500-topic-8-question-1-discussion/ Same question found !!!
Recent discussion post : 2024-08-02 12:46:00 ==> 2025-02-27 16:23:00
Exam PL-200 topic 1	67	147251	2025-02-27 16:36:00	/discussions/microsoft/view/147251-exam-pl-200-topic-1-question-67-discussion/ Same question found !!!
Recent discussion post : 2024-12-18 12:31:00 ==> 2025-02-27 16:36:00
Exam PL-200 topic 1	71	147022	2025-02-27 16:40:00	/discussions/microsoft/view/147022-exam-pl-200-topic-1-question-71-discussion/ Same question found !!!
Recent discussion post : 2024-12-07 17:30:00 ==> 2025-02-27 16:40:00
Exam DP-700 topic 2	13	152972	2025-02-27 16:44:00	/discussions/microsoft/view/152972-exam-dp-700-topic-2-question-13-discussion/ Same question found !!!
Recent discussion post : 2025-02-17 07:00:00 ==> 2025-02-27 16:44:00
Exam AZ-900 topic 1	72	121213	2025-02-27 17:01:00	/discussions/microsoft/view/121213-exam-az-900-topic-1-question-72-discussion/ Same question found !!!
Recent discussion post : 2025-02-13 00:38:00 ==> 2025-02-27 17:01:00
Exam PL-200 topic 1	81	157219	2025-02-27 17:22:00	/discussions/microsoft/view/157219-exam-pl-200-topic-1-question-81-discussion/ New question found !!!
Exam MD-102 topic 1	318	150979	2025-02-27 17:32:00	/discussions/microsoft/view/150979-exam-md-102-topic-1-question-318-discussion/ Same question found !!!
Recent discussion post : 2025-02-02 13:21:00 ==> 2025-02-27 17:32:00
Write Discuss List 200 / 500
Exam PL-400 topic 1	39	151194	2025-02-27 17:33:00	/discussions/microsoft/view/151194-exam-pl-400-topic-1-question-39-discussion/ Same question found !!!
Recent discussion post : 2024-11-13 10:22:00 ==> 2025-02-27 17:33:00
Exam PL-400 topic 2	5	61209	2025-02-27 18:09:00	/discussions/microsoft/view/61209-exam-pl-400-topic-2-question-5-discussion/ Same question found !!!
Recent discussion post : 2025-02-04 07:58:00 ==> 2025-02-27 18:09:00
Exam MD-102 topic 1	15	117902	2025-02-27 18:16:00	/discussions/microsoft/view/117902-exam-md-102-topic-1-question-15-discussion/ Same question found !!!
Recent discussion post : 2025-02-07 14:43:00 ==> 2025-02-27 18:16:00
Exam DP-700 topic 2	3	154905	2025-02-27 18:31:00	/discussions/microsoft/view/154905-exam-dp-700-topic-2-question-3-discussion/ Same question found !!!
Recent discussion post : 2025-02-19 11:40:00 ==> 2025-02-27 18:31:00
Exam MD-102 topic 1	18	118289	2025-02-27 18:56:00	/discussions/microsoft/view/118289-exam-md-102-topic-1-question-18-discussion/ Same question found !!!
Recent discussion post : 2024-12-10 19:14:00 ==> 2025-02-27 18:56:00
Exam DP-700 topic 1	14	152690	2025-02-27 18:58:00	/discussions/microsoft/view/152690-exam-dp-700-topic-1-question-14-discussion/ Same question found !!!
Recent discussion post : 2025-02-18 01:43:00 ==> 2025-02-27 18:58:00
Exam AZ-104 topic 6	18	41752	2025-02-27 18:58:00	/discussions/microsoft/view/41752-exam-az-104-topic-6-question-18-discussion/ Same question found !!!
Window 'Exam Topics Discussion' not found
Recent discussion post : 2024-12-03 09:05:00 ==> 2025-02-27 18:58:00
Exam MD-102 topic 1	355	157189	2025-02-27 19:01:00	/discussions/microsoft/view/157189-exam-md-102-topic-1-question-355-discussion/ New question found !!!
Exam MD-102 topic 1	356	157191	2025-02-27 19:05:00	/discussions/microsoft/view/157191-exam-md-102-topic-1-question-356-discussion/ New question found !!!
Exam AZ-500 topic 2	109	130927	2025-02-27 19:08:00	/discussions/microsoft/view/130927-exam-az-500-topic-2-question-109-discussion/ Same question found !!!
Recent discussion post : 2025-02-01 09:18:00 ==> 2025-02-27 19:08:00
Exam MD-102 topic 1	363	157201	2025-02-27 19:22:00	/discussions/microsoft/view/157201-exam-md-102-topic-1-question-363-discussion/ New question found !!!
Exam AZ-104 topic 2	33	38233	2025-02-27 19:33:00	/discussions/microsoft/view/38233-exam-az-104-topic-2-question-33-discussion/ Same question found !!!
Recent discussion post : 2025-02-03 13:45:00 ==> 2025-02-27 19:33:00
Exam SC-200 topic 6	26	151119	2025-02-27 19:35:00	/discussions/microsoft/view/151119-exam-sc-200-topic-6-question-26-discussion/ Same question found !!!
Recent discussion post : 2025-01-13 10:02:00 ==> 2025-02-27 19:35:00
Exam SC-200 topic 6	27	151003	2025-02-27 19:37:00	/discussions/microsoft/view/151003-exam-sc-200-topic-6-question-27-discussion/ Same question found !!!
Recent discussion post : 2025-01-22 20:50:00 ==> 2025-02-27 19:37:00
Exam SC-900 topic 1	43	65063	2025-02-27 19:45:00	/discussions/microsoft/view/65063-exam-sc-900-topic-1-question-43-discussion/ Same question found !!!
Recent discussion post : 2024-10-07 16:24:00 ==> 2025-02-27 19:45:00
Exam SC-200 topic 6	30	156167	2025-02-27 20:00:00	/discussions/microsoft/view/156167-exam-sc-200-topic-6-question-30-discussion/ New question found !!!
Exam MD-102 topic 1	370	157208	2025-02-27 20:03:00	/discussions/microsoft/view/157208-exam-md-102-topic-1-question-370-discussion/ New question found !!!
Exam MD-102 topic 1	369	157244	2025-02-27 20:23:00	/discussions/microsoft/view/157244-exam-md-102-topic-1-question-369-discussion/ New question found !!!
Exam MD-102 topic 1	368	157245	2025-02-27 20:30:00	/discussions/microsoft/view/157245-exam-md-102-topic-1-question-368-discussion/ New question found !!!
Exam MD-102 topic 1	367	157247	2025-02-27 20:34:00	/discussions/microsoft/view/157247-exam-md-102-topic-1-question-367-discussion/ New question found !!!
Write Discuss List 180 / 500
Exam AZ-305 topic 2	11	67837	2025-02-27 20:40:00	/discussions/microsoft/view/67837-exam-az-305-topic-2-question-11-discussion/ Same question found !!!
Recent discussion post : 2025-01-09 04:27:00 ==> 2025-02-27 20:40:00
Exam DP-300 topic 2	55	151220	2025-02-27 21:36:00	/discussions/microsoft/view/151220-exam-dp-300-topic-2-question-55-discussion/ Same question found !!!
Recent discussion post : 2025-01-09 03:53:00 ==> 2025-02-27 21:36:00
Exam SC-300 topic 2	110	154145	2025-02-27 21:46:00	/discussions/microsoft/view/154145-exam-sc-300-topic-2-question-110-discussion/ Same question found !!!
Recent discussion post : 2025-02-05 07:23:00 ==> 2025-02-27 21:46:00
Exam AZ-800 topic 1	66	149296	2025-02-27 21:50:00	/discussions/microsoft/view/149296-exam-az-800-topic-1-question-66-discussion/ Same question found !!!
Recent discussion post : 2025-02-11 01:31:00 ==> 2025-02-27 21:50:00
Exam PL-400 topic 1	38	156604	2025-02-27 22:17:00	/discussions/microsoft/view/156604-exam-pl-400-topic-1-question-38-discussion/ Same question found !!!
Recent discussion post : 2025-02-16 19:09:00 ==> 2025-02-27 22:17:00
Exam AZ-140 topic 2	34	106854	2025-02-27 22:26:00	/discussions/microsoft/view/106854-exam-az-140-topic-2-question-34-discussion/ Same question found !!!
Recent discussion post : 2024-11-12 09:53:00 ==> 2025-02-27 22:26:00
Exam PL-400 topic 2	51	125677	2025-02-27 22:33:00	/discussions/microsoft/view/125677-exam-pl-400-topic-2-question-51-discussion/ Same question found !!!
Recent discussion post : 2024-07-15 13:46:00 ==> 2025-02-27 22:33:00
Exam PL-400 topic 2	54	132652	2025-02-27 22:33:00	/discussions/microsoft/view/132652-exam-pl-400-topic-2-question-54-discussion/ Same question found !!!
Recent discussion post : 2024-11-23 19:30:00 ==> 2025-02-27 22:33:00
Exam PL-400 topic 2	56	137980	2025-02-27 22:35:00	/discussions/microsoft/view/137980-exam-pl-400-topic-2-question-56-discussion/ Same question found !!!
Recent discussion post : 2025-02-18 06:16:00 ==> 2025-02-27 22:35:00
Exam PL-400 topic 3	18	42035	2025-02-27 22:42:00	/discussions/microsoft/view/42035-exam-pl-400-topic-3-question-18-discussion/ Same question found !!!
Recent discussion post : 2024-09-16 04:08:00 ==> 2025-02-27 22:42:00
Exam AZ-900 topic 1	262	7793	2025-02-27 22:43:00	/discussions/microsoft/view/7793-exam-az-900-topic-1-question-262-discussion/ Same question found !!!
Recent discussion post : 2025-02-14 19:04:00 ==> 2025-02-27 22:43:00
Exam PL-400 topic 3	40	125004	2025-02-27 22:50:00	/discussions/microsoft/view/125004-exam-pl-400-topic-3-question-40-discussion/ Same question found !!!
Recent discussion post : 2025-01-27 05:48:00 ==> 2025-02-27 22:50:00
Exam AZ-900 topic 1	458	137532	2025-02-27 22:57:00	/discussions/microsoft/view/137532-exam-az-900-topic-1-question-458-discussion/ Same question found !!!
Recent discussion post : 2025-01-28 18:41:00 ==> 2025-02-27 22:57:00
Exam DP-300 topic 3	1	28027	2025-02-27 23:49:00	/discussions/microsoft/view/28027-exam-dp-300-topic-3-question-1-discussion/ Same question found !!!
Recent discussion post : 2024-11-21 22:40:00 ==> 2025-02-27 23:49:00
Exam PL-400 topic 2	64	157255	2025-02-28 00:23:00	/discussions/microsoft/view/157255-exam-pl-400-topic-2-question-64-discussion/ New question found !!!
Exam PL-300 topic 2	113	156617	2025-02-28 01:26:00	/discussions/microsoft/view/156617-exam-pl-300-topic-2-question-113-discussion/ Same question found !!!
Recent discussion post : 2025-02-16 23:29:00 ==> 2025-02-28 01:26:00
Exam AZ-700 topic 4	28	98194	2025-02-28 01:51:00	/discussions/microsoft/view/98194-exam-az-700-topic-4-question-28-discussion/ Same question found !!!
Recent discussion post : 2025-01-05 11:32:00 ==> 2025-02-28 01:51:00
Exam AZ-104 topic 1	37	57225	2025-02-28 03:22:00	/discussions/microsoft/view/57225-exam-az-104-topic-1-question-37-discussion/ Same question found !!!
Window 'Exam Topics Discussion' not found
Recent discussion post : 2025-01-17 11:41:00 ==> 2025-02-28 03:22:00
Exam SC-300 topic 2	102	156413	2025-02-28 03:32:00	/discussions/microsoft/view/156413-exam-sc-300-topic-2-question-102-discussion/ Same question found !!!
Recent discussion post : 2025-02-13 10:29:00 ==> 2025-02-28 03:32:00
Exam PL-600 topic 1	46	112490	2025-02-28 04:11:00	/discussions/microsoft/view/112490-exam-pl-600-topic-1-question-46-discussion/ Same question found !!!
Recent discussion post : 2025-01-29 08:24:00 ==> 2025-02-28 04:11:00
Write Discuss List 160 / 500
Exam SC-300 topic 2	118	157166	2025-02-28 04:32:00	/discussions/microsoft/view/157166-exam-sc-300-topic-2-question-118-discussion/ New question found !!!
Exam SC-300 topic 3	58	156601	2025-02-28 04:33:00	/discussions/microsoft/view/156601-exam-sc-300-topic-3-question-58-discussion/ Same question found !!!
Recent discussion post : 2025-02-16 15:47:00 ==> 2025-02-28 04:33:00
Exam AI-102 topic 1	5	54748	2025-02-28 05:40:00	/discussions/microsoft/view/54748-exam-ai-102-topic-1-question-5-discussion/ Same question found !!!
Recent discussion post : 2024-09-02 15:40:00 ==> 2025-02-28 05:40:00
Exam AZ-104 topic 1	14	57078	2025-02-28 06:15:00	/discussions/microsoft/view/57078-exam-az-104-topic-1-question-14-discussion/ Same question found !!!
Window 'Exam Topics Discussion' not found
Recent discussion post : 2025-02-18 21:49:00 ==> 2025-02-28 06:15:00
Exam MS-102 topic 1	4	117766	2025-02-28 06:20:00	/discussions/microsoft/view/117766-exam-ms-102-topic-1-question-4-discussion/ Same question found !!!
Recent discussion post : 2025-02-05 18:14:00 ==> 2025-02-28 06:20:00
Exam AZ-104 topic 1	19	62874	2025-02-28 06:21:00	/discussions/microsoft/view/62874-exam-az-104-topic-1-question-19-discussion/ Same question found !!!
Recent discussion post : 2025-01-28 06:26:00 ==> 2025-02-28 06:21:00
Exam DP-600 topic 1	163	156402	2025-02-28 06:59:00	/discussions/microsoft/view/156402-exam-dp-600-topic-1-question-163-discussion/ New question found !!!
Exam AZ-900 topic 1	43	44053	2025-02-28 07:01:00	/discussions/microsoft/view/44053-exam-az-900-topic-1-question-43-discussion/ Same question found !!!
Recent discussion post : 2025-02-19 12:53:00 ==> 2025-02-28 07:01:00
Exam MS-700 topic 1	2	57826	2025-02-28 08:09:00	/discussions/microsoft/view/57826-exam-ms-700-topic-1-question-2-discussion/ Same question found !!!
Recent discussion post : 2025-02-03 08:18:00 ==> 2025-02-28 08:09:00
Exam AZ-800 topic 3	40	150157	2025-02-28 08:25:00	/discussions/microsoft/view/150157-exam-az-800-topic-3-question-40-discussion/ Same question found !!!
Recent discussion post : 2024-12-27 15:16:00 ==> 2025-02-28 08:25:00
Exam SC-300 topic 1	93	153397	2025-02-28 08:34:00	/discussions/microsoft/view/153397-exam-sc-300-topic-1-question-93-discussion/ Same question found !!!
Recent discussion post : 2025-02-15 09:50:00 ==> 2025-02-28 08:34:00
Exam SC-300 topic 1	94	156023	2025-02-28 08:36:00	/discussions/microsoft/view/156023-exam-sc-300-topic-1-question-94-discussion/ Same question found !!!
Recent discussion post : 2025-02-06 10:56:00 ==> 2025-02-28 08:36:00
Exam AZ-800 topic 4	3	76362	2025-02-28 08:38:00	/discussions/microsoft/view/76362-exam-az-800-topic-4-question-3-discussion/ Same question found !!!
Recent discussion post : 2024-10-24 16:05:00 ==> 2025-02-28 08:38:00
Exam SC-300 topic 2	1	153521	2025-02-28 08:43:00	/discussions/microsoft/view/153521-exam-sc-300-topic-2-question-1-discussion/ Same question found !!!
Recent discussion post : 2025-01-07 20:37:00 ==> 2025-02-28 08:43:00
Exam SC-300 topic 3	40	123191	2025-02-28 08:45:00	/discussions/microsoft/view/123191-exam-sc-300-topic-3-question-40-discussion/ Same question found !!!
Recent discussion post : 2025-01-29 21:43:00 ==> 2025-02-28 08:45:00
Exam SC-300 topic 2	4	154509	2025-02-28 08:50:00	/discussions/microsoft/view/154509-exam-sc-300-topic-2-question-4-discussion/ Same question found !!!
Recent discussion post : 2025-02-10 21:47:00 ==> 2025-02-28 08:50:00
Exam PL-300 topic 2	16	80001	2025-02-28 08:55:00	/discussions/microsoft/view/80001-exam-pl-300-topic-2-question-16-discussion/ Same question found !!!
Recent discussion post : 2025-02-13 01:38:00 ==> 2025-02-28 08:55:00
Exam SC-300 topic 2	13	60782	2025-02-28 09:10:00	/discussions/microsoft/view/60782-exam-sc-300-topic-2-question-13-discussion/ Same question found !!!
Recent discussion post : 2024-09-03 17:36:00 ==> 2025-02-28 09:10:00
Exam MB-820 topic 1	32	156393	2025-02-28 09:12:00	/discussions/microsoft/view/156393-exam-mb-820-topic-1-question-32-discussion/ Same question found !!!
Recent discussion post : 2025-02-12 03:16:00 ==> 2025-02-28 09:12:00
Exam AZ-400 topic 1	1	73884	2025-02-28 09:21:00	/discussions/microsoft/view/73884-exam-az-400-topic-1-question-1-discussion/ Same question found !!!
Recent discussion post : 2025-02-06 19:32:00 ==> 2025-02-28 09:21:00
Write Discuss List 140 / 500
Exam PL-300 topic 2	19	80615	2025-02-28 09:25:00	/discussions/microsoft/view/80615-exam-pl-300-topic-2-question-19-discussion/ Same question found !!!
Recent discussion post : 2025-02-04 12:50:00 ==> 2025-02-28 09:25:00
Exam SC-200 topic 7	2	135731	2025-02-28 09:31:00	/discussions/microsoft/view/135731-exam-sc-200-topic-7-question-2-discussion/ Same question found !!!
Recent discussion post : 2024-11-11 18:53:00 ==> 2025-02-28 09:31:00
Exam PL-300 topic 2	21	80707	2025-02-28 09:44:00	/discussions/microsoft/view/80707-exam-pl-300-topic-2-question-21-discussion/ Same question found !!!
Recent discussion post : 2025-01-19 01:13:00 ==> 2025-02-28 09:44:00
Exam SC-300 topic 2	24	83133	2025-02-28 09:45:00	/discussions/microsoft/view/83133-exam-sc-300-topic-2-question-24-discussion/ Same question found !!!
Recent discussion post : 2025-02-10 23:18:00 ==> 2025-02-28 09:45:00
Exam SC-200 topic 7	10	141667	2025-02-28 09:57:00	/discussions/microsoft/view/141667-exam-sc-200-topic-7-question-10-discussion/ Same question found !!!
Recent discussion post : 2024-06-17 02:43:00 ==> 2025-02-28 09:57:00
Exam AZ-900 topic 1	19	56634	2025-02-28 10:06:00	/discussions/microsoft/view/56634-exam-az-900-topic-1-question-19-discussion/ Same question found !!!
Recent discussion post : 2025-01-15 00:39:00 ==> 2025-02-28 10:06:00
Exam SC-200 topic 7	14	153923	2025-02-28 10:10:00	/discussions/microsoft/view/153923-exam-sc-200-topic-7-question-14-discussion/ Same question found !!!
Recent discussion post : 2025-01-12 15:37:00 ==> 2025-02-28 10:10:00
Exam AZ-900 topic 1	21	56635	2025-02-28 10:11:00	/discussions/microsoft/view/56635-exam-az-900-topic-1-question-21-discussion/ Same question found !!!
Recent discussion post : 2025-02-12 13:07:00 ==> 2025-02-28 10:11:00
Exam AZ-104 topic 2	29	38434	2025-02-28 10:11:00	/discussions/microsoft/view/38434-exam-az-104-topic-2-question-29-discussion/ Same question found !!!
Window 'Exam Topics Discussion' not found
Recent discussion post : 2024-12-22 18:16:00 ==> 2025-02-28 10:11:00
Exam SC-300 topic 2	33	78715	2025-02-28 10:12:00	/discussions/microsoft/view/78715-exam-sc-300-topic-2-question-33-discussion/ Same question found !!!
Recent discussion post : 2025-02-13 18:31:00 ==> 2025-02-28 10:12:00
Exam AZ-900 topic 1	20	56636	2025-02-28 10:13:00	/discussions/microsoft/view/56636-exam-az-900-topic-1-question-20-discussion/ Same question found !!!
Recent discussion post : 2024-12-25 08:14:00 ==> 2025-02-28 10:13:00
Exam AZ-900 topic 1	22	56637	2025-02-28 10:14:00	/discussions/microsoft/view/56637-exam-az-900-topic-1-question-22-discussion/ Same question found !!!
Recent discussion post : 2024-12-28 06:49:00 ==> 2025-02-28 10:14:00
Exam AZ-900 topic 1	23	56899	2025-02-28 10:15:00	/discussions/microsoft/view/56899-exam-az-900-topic-1-question-23-discussion/ Same question found !!!
Recent discussion post : 2024-12-28 06:51:00 ==> 2025-02-28 10:15:00
Exam SC-300 topic 2	37	96030	2025-02-28 10:22:00	/discussions/microsoft/view/96030-exam-sc-300-topic-2-question-37-discussion/ Same question found !!!
Recent discussion post : 2024-12-26 14:39:00 ==> 2025-02-28 10:22:00
Exam AZ-104 topic 2	86	119707	2025-02-28 10:27:00	/discussions/microsoft/view/119707-exam-az-104-topic-2-question-86-discussion/ Same question found !!!
Window 'Exam Topics Discussion' not found
Recent discussion post : 2025-01-10 06:18:00 ==> 2025-02-28 10:27:00
Exam AZ-900 topic 1	25	56641	2025-02-28 10:28:00	/discussions/microsoft/view/56641-exam-az-900-topic-1-question-25-discussion/ Same question found !!!
Recent discussion post : 2024-12-28 06:55:00 ==> 2025-02-28 10:28:00
Exam AZ-900 topic 1	26	56643	2025-02-28 10:30:00	/discussions/microsoft/view/56643-exam-az-900-topic-1-question-26-discussion/ Same question found !!!
Recent discussion post : 2025-02-01 00:46:00 ==> 2025-02-28 10:30:00
Exam AZ-801 topic 2	23	139412	2025-02-28 10:40:00	/discussions/microsoft/view/139412-exam-az-801-topic-2-question-23-discussion/ Same question found !!!
Recent discussion post : 2025-02-06 13:26:00 ==> 2025-02-28 10:40:00
Exam MB-230 topic 4	35	120826	2025-02-28 10:40:00	/discussions/microsoft/view/120826-exam-mb-230-topic-4-question-35-discussion/ Same question found !!!
Recent discussion post : 2024-08-21 08:57:00 ==> 2025-02-28 10:40:00
Exam AZ-900 topic 1	27	62797	2025-02-28 11:15:00	/discussions/microsoft/view/62797-exam-az-900-topic-1-question-27-discussion/ Same question found !!!
Recent discussion post : 2025-01-21 21:20:00 ==> 2025-02-28 11:15:00
Write Discuss List 120 / 500
Exam AZ-900 topic 1	28	62807	2025-02-28 11:18:00	/discussions/microsoft/view/62807-exam-az-900-topic-1-question-28-discussion/ Same question found !!!
Recent discussion post : 2024-07-20 05:56:00 ==> 2025-02-28 11:18:00
Exam AZ-700 topic 1	32	125278	2025-02-28 11:36:00	/discussions/microsoft/view/125278-exam-az-700-topic-1-question-32-discussion/ Same question found !!!
Recent discussion post : 2025-01-10 15:24:00 ==> 2025-02-28 11:36:00
Exam AI-102 topic 1	6	74870	2025-02-28 11:56:00	/discussions/microsoft/view/74870-exam-ai-102-topic-1-question-6-discussion/ Same question found !!!
Recent discussion post : 2024-08-10 16:48:00 ==> 2025-02-28 11:56:00
Exam PL-200 topic 2	3	41345	2025-02-28 12:01:00	/discussions/microsoft/view/41345-exam-pl-200-topic-2-question-3-discussion/ Same question found !!!
Recent discussion post : 2024-06-25 09:33:00 ==> 2025-02-28 12:01:00
Exam AI-102 topic 1	18	62494	2025-02-28 12:09:00	/discussions/microsoft/view/62494-exam-ai-102-topic-1-question-18-discussion/ Same question found !!!
Recent discussion post : 2024-10-11 06:52:00 ==> 2025-02-28 12:09:00
Exam AI-102 topic 1	20	61023	2025-02-28 12:13:00	/discussions/microsoft/view/61023-exam-ai-102-topic-1-question-20-discussion/ Same question found !!!
Recent discussion post : 2025-02-09 15:08:00 ==> 2025-02-28 12:13:00
Exam AI-102 topic 1	28	77541	2025-02-28 12:16:00	/discussions/microsoft/view/77541-exam-ai-102-topic-1-question-28-discussion/ Same question found !!!
Recent discussion post : 2024-06-21 16:33:00 ==> 2025-02-28 12:16:00
Exam SC-300 topic 2	42	155848	2025-02-28 12:21:00	/discussions/microsoft/view/155848-exam-sc-300-topic-2-question-42-discussion/ Same question found !!!
Recent discussion post : 2025-02-03 09:50:00 ==> 2025-02-28 12:21:00
Exam AI-102 topic 1	49	108848	2025-02-28 12:23:00	/discussions/microsoft/view/108848-exam-ai-102-topic-1-question-49-discussion/ Same question found !!!
Recent discussion post : 2024-10-15 00:41:00 ==> 2025-02-28 12:23:00
Exam SC-300 topic 2	43	96023	2025-02-28 12:24:00	/discussions/microsoft/view/96023-exam-sc-300-topic-2-question-43-discussion/ Same question found !!!
Recent discussion post : 2025-02-11 18:50:00 ==> 2025-02-28 12:24:00
Exam AI-102 topic 1	54	112133	2025-02-28 12:31:00	/discussions/microsoft/view/112133-exam-ai-102-topic-1-question-54-discussion/ Same question found !!!
Recent discussion post : 2024-11-04 07:33:00 ==> 2025-02-28 12:31:00
Exam MS-700 topic 1	14	56357	2025-02-28 12:35:00	/discussions/microsoft/view/56357-exam-ms-700-topic-1-question-14-discussion/ Same question found !!!
Recent discussion post : 2024-11-15 14:37:00 ==> 2025-02-28 12:35:00
Exam AZ-900 topic 1	32	56358	2025-02-28 12:35:00	/discussions/microsoft/view/56358-exam-az-900-topic-1-question-32-discussion/ Same question found !!!
Recent discussion post : 2024-12-28 10:41:00 ==> 2025-02-28 12:35:00
Exam MS-102 topic 1	376	157264	2025-02-28 12:37:00	/discussions/microsoft/view/157264-exam-ms-102-topic-1-question-376-discussion/ New question found !!!
Exam AI-102 topic 1	59	135092	2025-02-28 12:38:00	/discussions/microsoft/view/135092-exam-ai-102-topic-1-question-59-discussion/ Same question found !!!
Recent discussion post : 2024-09-16 15:13:00 ==> 2025-02-28 12:38:00
Exam AI-102 topic 1	70	150682	2025-02-28 12:43:00	/discussions/microsoft/view/150682-exam-ai-102-topic-1-question-70-discussion/ Same question found !!!
Recent discussion post : 2024-11-17 01:10:00 ==> 2025-02-28 12:43:00
Exam MS-102 topic 1	378	157266	2025-02-28 12:43:00	/discussions/microsoft/view/157266-exam-ms-102-topic-1-question-378-discussion/ New question found !!!
Exam AZ-900 topic 1	33	56317	2025-02-28 12:45:00	/discussions/microsoft/view/56317-exam-az-900-topic-1-question-33-discussion/ Same question found !!!
Recent discussion post : 2024-12-25 10:27:00 ==> 2025-02-28 12:45:00
Exam SC-300 topic 2	68	124491	2025-02-28 13:14:00	/discussions/microsoft/view/124491-exam-sc-300-topic-2-question-68-discussion/ Same question found !!!
Recent discussion post : 2024-08-17 22:05:00 ==> 2025-02-28 13:14:00
Exam DP-700 topic 1	18	152939	2025-02-28 13:27:00	/discussions/microsoft/view/152939-exam-dp-700-topic-1-question-18-discussion/ Same question found !!!
Recent discussion post : 2025-02-16 23:28:00 ==> 2025-02-28 13:27:00
Write Discuss List 100 / 500
Exam MS-700 topic 1	24	57160	2025-02-28 13:33:00	/discussions/microsoft/view/57160-exam-ms-700-topic-1-question-24-discussion/ Same question found !!!
Recent discussion post : 2025-02-17 15:18:00 ==> 2025-02-28 13:33:00
Exam MS-700 topic 1	25	57173	2025-02-28 13:34:00	/discussions/microsoft/view/57173-exam-ms-700-topic-1-question-25-discussion/ Same question found !!!
Recent discussion post : 2025-02-03 08:55:00 ==> 2025-02-28 13:34:00
Exam AI-102 topic 2	1	54796	2025-02-28 13:44:00	/discussions/microsoft/view/54796-exam-ai-102-topic-2-question-1-discussion/ Same question found !!!
Recent discussion post : 2025-02-12 08:22:00 ==> 2025-02-28 13:44:00
Exam AZ-900 topic 1	37	5731	2025-02-28 13:51:00	/discussions/microsoft/view/5731-exam-az-900-topic-1-question-37-discussion/ Same question found !!!
Recent discussion post : 2025-01-23 03:46:00 ==> 2025-02-28 13:51:00
Exam SC-300 topic 4	20	81866	2025-02-28 14:07:00	/discussions/microsoft/view/81866-exam-sc-300-topic-4-question-20-discussion/ Same question found !!!
Recent discussion post : 2025-02-17 01:09:00 ==> 2025-02-28 14:07:00
Exam AZ-204 topic 2	22	44278	2025-02-28 14:10:00	/discussions/microsoft/view/44278-exam-az-204-topic-2-question-22-discussion/ Same question found !!!
Recent discussion post : 2025-01-16 08:03:00 ==> 2025-02-28 14:10:00
Exam SC-300 topic 2	77	123989	2025-02-28 14:12:00	/discussions/microsoft/view/123989-exam-sc-300-topic-2-question-77-discussion/ Same question found !!!
Recent discussion post : 2025-02-12 00:15:00 ==> 2025-02-28 14:12:00
Exam AZ-500 topic 1	9	56305	2025-02-28 14:15:00	/discussions/microsoft/view/56305-exam-az-500-topic-1-question-9-discussion/ Same question found !!!
Recent discussion post : 2025-02-12 23:07:00 ==> 2025-02-28 14:15:00
Exam AZ-700 topic 2	96	156543	2025-02-28 14:17:00	/discussions/microsoft/view/156543-exam-az-700-topic-2-question-96-discussion/ Same question found !!!
Recent discussion post : 2025-02-17 19:31:00 ==> 2025-02-28 14:17:00
Exam AZ-900 topic 1	41	44358	2025-02-28 14:34:00	/discussions/microsoft/view/44358-exam-az-900-topic-1-question-41-discussion/ Same question found !!!
Recent discussion post : 2025-01-12 17:47:00 ==> 2025-02-28 14:34:00
Exam AZ-900 topic 1	42	44823	2025-02-28 14:35:00	/discussions/microsoft/view/44823-exam-az-900-topic-1-question-42-discussion/ Same question found !!!
Recent discussion post : 2024-09-25 05:45:00 ==> 2025-02-28 14:35:00
Exam AZ-500 topic 1	38	63515	2025-02-28 14:41:00	/discussions/microsoft/view/63515-exam-az-500-topic-1-question-38-discussion/ Same question found !!!
Recent discussion post : 2024-11-01 14:33:00 ==> 2025-02-28 14:41:00
Exam MB-330 topic 2	45	103958	2025-02-28 14:45:00	/discussions/microsoft/view/103958-exam-mb-330-topic-2-question-45-discussion/ Same question found !!!
Recent discussion post : 2024-08-06 05:29:00 ==> 2025-02-28 14:45:00
Exam AZ-900 topic 1	45	5062	2025-02-28 14:48:00	/discussions/microsoft/view/5062-exam-az-900-topic-1-question-45-discussion/ Same question found !!!
Recent discussion post : 2025-02-19 12:55:00 ==> 2025-02-28 14:48:00
Exam SC-300 topic 2	104	153251	2025-02-28 14:51:00	/discussions/microsoft/view/153251-exam-sc-300-topic-2-question-104-discussion/ Same question found !!!
Recent discussion post : 2025-02-12 22:34:00 ==> 2025-02-28 14:51:00
Exam AZ-900 topic 1	50	44018	2025-02-28 15:01:00	/discussions/microsoft/view/44018-exam-az-900-topic-1-question-50-discussion/ Same question found !!!
Recent discussion post : 2025-02-19 13:02:00 ==> 2025-02-28 15:01:00
Exam MB-330 topic 2	47	103009	2025-02-28 15:18:00	/discussions/microsoft/view/103009-exam-mb-330-topic-2-question-47-discussion/ Same question found !!!
Recent discussion post : 2024-06-26 19:21:00 ==> 2025-02-28 15:18:00
Exam AI-102 topic 4	6	78061	2025-02-28 15:23:00	/discussions/microsoft/view/78061-exam-ai-102-topic-4-question-6-discussion/ Same question found !!!
Recent discussion post : 2025-02-19 11:19:00 ==> 2025-02-28 15:23:00
Exam MB-330 topic 2	48	103926	2025-02-28 15:26:00	/discussions/microsoft/view/103926-exam-mb-330-topic-2-question-48-discussion/ Same question found !!!
Recent discussion post : 2024-09-26 04:19:00 ==> 2025-02-28 15:26:00
Exam AZ-500 topic 2	18	47843	2025-02-28 15:27:00	/discussions/microsoft/view/47843-exam-az-500-topic-2-question-18-discussion/ Same question found !!!
Recent discussion post : 2024-12-01 09:54:00 ==> 2025-02-28 15:27:00
Write Discuss List 80 / 500
Exam MB-330 topic 2	49	106871	2025-02-28 15:30:00	/discussions/microsoft/view/106871-exam-mb-330-topic-2-question-49-discussion/ Same question found !!!
Recent discussion post : 2024-10-21 01:14:00 ==> 2025-02-28 15:30:00
Exam PL-200 topic 2	36	112577	2025-02-28 15:35:00	/discussions/microsoft/view/112577-exam-pl-200-topic-2-question-36-discussion/ Same question found !!!
Recent discussion post : 2024-09-02 14:47:00 ==> 2025-02-28 15:35:00
Exam AZ-500 topic 2	28	58087	2025-02-28 15:46:00	/discussions/microsoft/view/58087-exam-az-500-topic-2-question-28-discussion/ Same question found !!!
Recent discussion post : 2024-06-25 19:12:00 ==> 2025-02-28 15:46:00
Exam AZ-900 topic 1	57	62811	2025-02-28 15:46:00	/discussions/microsoft/view/62811-exam-az-900-topic-1-question-57-discussion/ Same question found !!!
Recent discussion post : 2025-02-08 18:28:00 ==> 2025-02-28 15:46:00
Exam MD-102 topic 1	317	150849	2025-02-28 15:55:00	/discussions/microsoft/view/150849-exam-md-102-topic-1-question-317-discussion/ Same question found !!!
Recent discussion post : 2025-02-08 23:00:00 ==> 2025-02-28 15:55:00
Exam AZ-900 topic 1	61	47470	2025-02-28 15:56:00	/discussions/microsoft/view/47470-exam-az-900-topic-1-question-61-discussion/ Same question found !!!
Recent discussion post : 2025-01-25 14:00:00 ==> 2025-02-28 15:56:00
Exam AZ-900 topic 1	68	45120	2025-02-28 16:10:00	/discussions/microsoft/view/45120-exam-az-900-topic-1-question-68-discussion/ Same question found !!!
Recent discussion post : 2025-01-25 14:03:00 ==> 2025-02-28 16:10:00
Exam AZ-500 topic 2	31	46526	2025-02-28 16:21:00	/discussions/microsoft/view/46526-exam-az-500-topic-2-question-31-discussion/ Same question found !!!
Recent discussion post : 2024-07-29 15:49:00 ==> 2025-02-28 16:21:00
Exam PL-400 topic 2	42	122143	2025-02-28 16:26:00	/discussions/microsoft/view/122143-exam-pl-400-topic-2-question-42-discussion/ Same question found !!!
Recent discussion post : 2025-02-15 18:25:00 ==> 2025-02-28 16:26:00
Exam MD-102 topic 1	365	157204	2025-02-28 16:28:00	/discussions/microsoft/view/157204-exam-md-102-topic-1-question-365-discussion/ New question found !!!
Exam MB-330 topic 2	52	134108	2025-02-28 17:05:00	/discussions/microsoft/view/134108-exam-mb-330-topic-2-question-52-discussion/ Same question found !!!
Recent discussion post : 2024-08-18 04:46:00 ==> 2025-02-28 17:05:00
Exam AZ-140 topic 3	15	96570	2025-02-28 17:15:00	/discussions/microsoft/view/96570-exam-az-140-topic-3-question-15-discussion/ Same question found !!!
Recent discussion post : 2024-10-05 20:16:00 ==> 2025-02-28 17:15:00
Exam PL-200 topic 2	38	112062	2025-02-28 17:16:00	/discussions/microsoft/view/112062-exam-pl-200-topic-2-question-38-discussion/ Same question found !!!
Recent discussion post : 2024-07-05 15:14:00 ==> 2025-02-28 17:16:00
Exam AZ-140 topic 3	23	120271	2025-02-28 17:49:00	/discussions/microsoft/view/120271-exam-az-140-topic-3-question-23-discussion/ Same question found !!!
Recent discussion post : 2025-01-24 17:37:00 ==> 2025-02-28 17:49:00
Exam MB-330 topic 2	53	157284	2025-02-28 17:55:00	/discussions/microsoft/view/157284-exam-mb-330-topic-2-question-53-discussion/ New question found !!!
Exam AZ-104 topic 4	55	51379	2025-02-28 18:04:00	/discussions/microsoft/view/51379-exam-az-104-topic-4-question-55-discussion/ Same question found !!!
Window 'Exam Topics Discussion' not found
Recent discussion post : 2024-09-16 14:46:00 ==> 2025-02-28 18:04:00
Exam MS-720 topic 1	2	70571	2025-02-28 18:38:00	/discussions/microsoft/view/70571-exam-ms-720-topic-1-question-2-discussion/ Same question found !!!
Recent discussion post : 2023-01-31 20:40:00 ==> 2025-02-28 18:38:00
Exam AZ-500 topic 6	20	131107	2025-02-28 19:10:00	/discussions/microsoft/view/131107-exam-az-500-topic-6-question-20-discussion/ Same question found !!!
Recent discussion post : 2025-02-15 00:48:00 ==> 2025-02-28 19:10:00
Exam SC-300 topic 3	4	75479	2025-02-28 19:17:00	/discussions/microsoft/view/75479-exam-sc-300-topic-3-question-4-discussion/ Same question found !!!
Recent discussion post : 2024-08-15 06:27:00 ==> 2025-02-28 19:17:00
Exam SC-200 topic 3	71	116926	2025-02-28 20:38:00	/discussions/microsoft/view/116926-exam-sc-200-topic-3-question-71-discussion/ Same question found !!!
Recent discussion post : 2024-12-21 14:29:00 ==> 2025-02-28 20:38:00
Write Discuss List 60 / 500
Exam AZ-140 topic 3	27	154680	2025-02-28 20:46:00	/discussions/microsoft/view/154680-exam-az-140-topic-3-question-27-discussion/ Same question found !!!
Recent discussion post : 2025-01-16 13:50:00 ==> 2025-02-28 20:46:00
Exam AZ-800 topic 5	2	75982	2025-02-28 20:46:00	/discussions/microsoft/view/75982-exam-az-800-topic-5-question-2-discussion/ Same question found !!!
Recent discussion post : 2024-09-22 12:09:00 ==> 2025-02-28 20:46:00
Exam AZ-700 topic 1	29	120196	2025-02-28 20:55:00	/discussions/microsoft/view/120196-exam-az-700-topic-1-question-29-discussion/ Same question found !!!
Recent discussion post : 2025-02-03 15:40:00 ==> 2025-02-28 20:55:00
Exam AZ-140 topic 3	36	152009	2025-02-28 21:40:00	/discussions/microsoft/view/152009-exam-az-140-topic-3-question-36-discussion/ Same question found !!!
Recent discussion post : 2025-01-21 12:29:00 ==> 2025-02-28 21:40:00
Exam AZ-800 topic 5	40	126447	2025-02-28 21:46:00	/discussions/microsoft/view/126447-exam-az-800-topic-5-question-40-discussion/ Same question found !!!
Recent discussion post : 2024-07-08 05:48:00 ==> 2025-02-28 21:46:00
Exam AZ-140 topic 3	40	151149	2025-02-28 21:59:00	/discussions/microsoft/view/151149-exam-az-140-topic-3-question-40-discussion/ Same question found !!!
Recent discussion post : 2025-01-23 12:39:00 ==> 2025-02-28 21:59:00
Exam MD-102 topic 1	332	151034	2025-02-28 22:43:00	/discussions/microsoft/view/151034-exam-md-102-topic-1-question-332-discussion/ Same question found !!!
Recent discussion post : 2025-02-07 11:06:00 ==> 2025-02-28 22:43:00
Exam AZ-801 topic 1	32	155965	2025-02-28 22:51:00	/discussions/microsoft/view/155965-exam-az-801-topic-1-question-32-discussion/ Same question found !!!
Recent discussion post : 2025-02-06 08:14:00 ==> 2025-02-28 22:51:00
Exam AI-102 topic 1	66	135094	2025-02-28 23:42:00	/discussions/microsoft/view/135094-exam-ai-102-topic-1-question-66-discussion/ Same question found !!!
Recent discussion post : 2025-02-18 17:28:00 ==> 2025-02-28 23:42:00
Exam PL-400 topic 4	33	157294	2025-02-28 23:44:00	/discussions/microsoft/view/157294-exam-pl-400-topic-4-question-33-discussion/ New question found !!!
Exam PL-400 topic 5	1	56181	2025-02-28 23:55:00	/discussions/microsoft/view/56181-exam-pl-400-topic-5-question-1-discussion/ Same question found !!!
Recent discussion post : 2024-10-28 00:52:00 ==> 2025-02-28 23:55:00
Exam MD-102 topic 1	338	155038	2025-03-01 00:05:00	/discussions/microsoft/view/155038-exam-md-102-topic-1-question-338-discussion/ Same question found !!!
Recent discussion post : 2025-02-16 22:07:00 ==> 2025-03-01 00:05:00
Exam PL-400 topic 5	6	61694	2025-03-01 00:25:00	/discussions/microsoft/view/61694-exam-pl-400-topic-5-question-6-discussion/ Same question found !!!
Recent discussion post : 2024-09-06 12:10:00 ==> 2025-03-01 00:25:00
Exam MS-101 topic 3	112	69674	2025-03-01 00:29:00	/discussions/microsoft/view/69674-exam-ms-101-topic-3-question-112-discussion/ Same question found !!!
Recent discussion post : 2023-01-18 09:55:00 ==> 2025-03-01 00:29:00
Exam SC-400 topic 6	22	137335	2025-03-01 01:19:00	/discussions/microsoft/view/137335-exam-sc-400-topic-6-question-22-discussion/ Same question found !!!
Recent discussion post : 2024-11-17 23:43:00 ==> 2025-03-01 01:19:00
Exam AI-102 topic 2	3	60330	2025-03-01 01:33:00	/discussions/microsoft/view/60330-exam-ai-102-topic-2-question-3-discussion/ Same question found !!!
Recent discussion post : 2024-06-22 12:52:00 ==> 2025-03-01 01:33:00
Exam AI-102 topic 2	4	77130	2025-03-01 01:35:00	/discussions/microsoft/view/77130-exam-ai-102-topic-2-question-4-discussion/ Same question found !!!
Recent discussion post : 2024-06-21 16:58:00 ==> 2025-03-01 01:35:00
Exam AI-102 topic 2	7	62223	2025-03-01 01:40:00	/discussions/microsoft/view/62223-exam-ai-102-topic-2-question-7-discussion/ Same question found !!!
Recent discussion post : 2024-08-15 04:04:00 ==> 2025-03-01 01:40:00
Exam AI-102 topic 2	8	74355	2025-03-01 01:57:00	/discussions/microsoft/view/74355-exam-ai-102-topic-2-question-8-discussion/ Same question found !!!
Recent discussion post : 2024-10-14 12:23:00 ==> 2025-03-01 01:57:00
Exam AZ-801 topic 2	24	156031	2025-03-01 02:35:00	/discussions/microsoft/view/156031-exam-az-801-topic-2-question-24-discussion/ Same question found !!!
Recent discussion post : 2025-02-06 13:34:00 ==> 2025-03-01 02:35:00
Write Discuss List 40 / 500
Exam SC-300 topic 3	24	96499	2025-03-01 02:46:00	/discussions/microsoft/view/96499-exam-sc-300-topic-3-question-24-discussion/ Same question found !!!
Recent discussion post : 2024-11-21 18:15:00 ==> 2025-03-01 02:46:00
Exam MB-330 topic 2	55	156643	2025-03-01 05:18:00	/discussions/microsoft/view/156643-exam-mb-330-topic-2-question-55-discussion/ Same question found !!!
Recent discussion post : 2025-02-17 08:58:00 ==> 2025-03-01 05:18:00
Exam AI-102 topic 2	12	55440	2025-03-01 05:45:00	/discussions/microsoft/view/55440-exam-ai-102-topic-2-question-12-discussion/ Same question found !!!
Recent discussion post : 2024-09-05 15:38:00 ==> 2025-03-01 05:45:00
Exam AI-102 topic 2	13	54793	2025-03-01 05:48:00	/discussions/microsoft/view/54793-exam-ai-102-topic-2-question-13-discussion/ Same question found !!!
Recent discussion post : 2024-09-02 12:57:00 ==> 2025-03-01 05:48:00
Exam MB-330 topic 2	56	157297	2025-03-01 05:53:00	/discussions/microsoft/view/157297-exam-mb-330-topic-2-question-56-discussion/ New question found !!!
Exam AI-102 topic 2	17	81643	2025-03-01 05:56:00	/discussions/microsoft/view/81643-exam-ai-102-topic-2-question-17-discussion/ Same question found !!!
Recent discussion post : 2024-07-23 14:06:00 ==> 2025-03-01 05:56:00
Exam AI-102 topic 2	26	110625	2025-03-01 06:00:00	/discussions/microsoft/view/110625-exam-ai-102-topic-2-question-26-discussion/ Same question found !!!
Recent discussion post : 2024-07-16 11:10:00 ==> 2025-03-01 06:00:00
Exam AI-102 topic 2	32	122477	2025-03-01 06:06:00	/discussions/microsoft/view/122477-exam-ai-102-topic-2-question-32-discussion/ Same question found !!!
Recent discussion post : 2025-01-28 20:01:00 ==> 2025-03-01 06:06:00
Exam AI-102 topic 2	38	136424	2025-03-01 06:16:00	/discussions/microsoft/view/136424-exam-ai-102-topic-2-question-38-discussion/ Same question found !!!
Recent discussion post : 2024-09-10 12:29:00 ==> 2025-03-01 06:16:00
Exam MB-330 topic 2	57	157298	2025-03-01 06:21:00	/discussions/microsoft/view/157298-exam-mb-330-topic-2-question-57-discussion/ New question found !!!
Exam AI-102 topic 3	1	55511	2025-03-01 06:25:00	/discussions/microsoft/view/55511-exam-ai-102-topic-3-question-1-discussion/ Same question found !!!
Recent discussion post : 2025-01-14 02:57:00 ==> 2025-03-01 06:25:00
Exam MB-330 topic 2	58	156671	2025-03-01 06:26:00	/discussions/microsoft/view/156671-exam-mb-330-topic-2-question-58-discussion/ Same question found !!!
Recent discussion post : 2025-02-17 10:29:00 ==> 2025-03-01 06:26:00
Exam AI-102 topic 3	2	56451	2025-03-01 06:27:00	/discussions/microsoft/view/56451-exam-ai-102-topic-3-question-2-discussion/ Same question found !!!
Recent discussion post : 2025-01-25 22:36:00 ==> 2025-03-01 06:27:00
Exam AI-102 topic 3	3	56452	2025-03-01 06:28:00	/discussions/microsoft/view/56452-exam-ai-102-topic-3-question-3-discussion/ Same question found !!!
Recent discussion post : 2024-06-21 16:38:00 ==> 2025-03-01 06:28:00
Exam AI-102 topic 3	4	56454	2025-03-01 06:29:00	/discussions/microsoft/view/56454-exam-ai-102-topic-3-question-4-discussion/ Same question found !!!
Recent discussion post : 2024-12-01 18:36:00 ==> 2025-03-01 06:29:00
Exam AI-102 topic 3	7	80186	2025-03-01 06:31:00	/discussions/microsoft/view/80186-exam-ai-102-topic-3-question-7-discussion/ Same question found !!!
Recent discussion post : 2024-09-17 10:54:00 ==> 2025-03-01 06:31:00
Exam AI-102 topic 3	9	60311	2025-03-01 06:34:00	/discussions/microsoft/view/60311-exam-ai-102-topic-3-question-9-discussion/ Same question found !!!
Recent discussion post : 2024-09-20 04:17:00 ==> 2025-03-01 06:34:00
Exam AI-102 topic 3	12	54402	2025-03-01 06:36:00	/discussions/microsoft/view/54402-exam-ai-102-topic-3-question-12-discussion/ Same question found !!!
Recent discussion post : 2024-09-13 22:30:00 ==> 2025-03-01 06:36:00
Exam AI-102 topic 3	18	54520	2025-03-01 06:38:00	/discussions/microsoft/view/54520-exam-ai-102-topic-3-question-18-discussion/ Same question found !!!
Recent discussion post : 2024-09-06 16:54:00 ==> 2025-03-01 06:38:00
Exam AI-102 topic 3	19	74742	2025-03-01 06:40:00	/discussions/microsoft/view/74742-exam-ai-102-topic-3-question-19-discussion/ Same question found !!!
Recent discussion post : 2024-12-29 06:55:00 ==> 2025-03-01 06:40:00
Write Discuss List 20 / 500
Exam AI-102 topic 3	28	88194	2025-03-01 06:42:00	/discussions/microsoft/view/88194-exam-ai-102-topic-3-question-28-discussion/ Same question found !!!
Recent discussion post : 2024-08-07 00:28:00 ==> 2025-03-01 06:42:00
Exam AI-102 topic 3	29	83483	2025-03-01 06:42:00	/discussions/microsoft/view/83483-exam-ai-102-topic-3-question-29-discussion/ Same question found !!!
Recent discussion post : 2024-07-14 19:38:00 ==> 2025-03-01 06:42:00
Exam AI-102 topic 3	30	88196	2025-03-01 06:45:00	/discussions/microsoft/view/88196-exam-ai-102-topic-3-question-30-discussion/ Same question found !!!
Recent discussion post : 2024-06-12 16:18:00 ==> 2025-03-01 06:45:00
Exam AI-102 topic 3	43	108161	2025-03-01 06:53:00	/discussions/microsoft/view/108161-exam-ai-102-topic-3-question-43-discussion/ Same question found !!!
Recent discussion post : 2025-01-03 23:24:00 ==> 2025-03-01 06:53:00
Exam AI-102 topic 3	47	108116	2025-03-01 06:54:00	/discussions/microsoft/view/108116-exam-ai-102-topic-3-question-47-discussion/ Same question found !!!
Recent discussion post : 2024-09-09 20:59:00 ==> 2025-03-01 06:54:00
Exam PL-400 topic 3	41	121434	2025-03-01 06:57:00	/discussions/microsoft/view/121434-exam-pl-400-topic-3-question-41-discussion/ Same question found !!!
Recent discussion post : 2024-11-30 10:37:00 ==> 2025-03-01 06:57:00
Exam AI-102 topic 3	58	122483	2025-03-01 07:01:00	/discussions/microsoft/view/122483-exam-ai-102-topic-3-question-58-discussion/ Same question found !!!
Recent discussion post : 2024-10-10 23:22:00 ==> 2025-03-01 07:01:00
Exam AI-102 topic 3	74	135056	2025-03-01 07:21:00	/discussions/microsoft/view/135056-exam-ai-102-topic-3-question-74-discussion/ Same question found !!!
Recent discussion post : 2024-12-27 09:54:00 ==> 2025-03-01 07:21:00
Exam SC-900 topic 1	182	116431	2025-03-01 08:44:00	/discussions/microsoft/view/116431-exam-sc-900-topic-1-question-182-discussion/ Same question found !!!
Recent discussion post : 2024-10-14 15:41:00 ==> 2025-03-01 08:44:00
Exam MB-310 topic 1	124	139683	2025-03-01 08:53:00	/discussions/microsoft/view/139683-exam-mb-310-topic-1-question-124-discussion/ Same question found !!!
Recent discussion post : 2024-11-21 13:47:00 ==> 2025-03-01 08:53:00
Exam MB-330 topic 2	59	157308	2025-03-01 09:25:00	/discussions/microsoft/view/157308-exam-mb-330-topic-2-question-59-discussion/ New question found !!!
Exam MB-330 topic 2	60	156438	2025-03-01 09:28:00	/discussions/microsoft/view/156438-exam-mb-330-topic-2-question-60-discussion/ New question found !!!
Exam MB-330 topic 2	61	157310	2025-03-01 09:56:00	/discussions/microsoft/view/157310-exam-mb-330-topic-2-question-61-discussion/ New question found !!!
Exam MB-330 topic 2	62	149921	2025-03-01 10:00:00	/discussions/microsoft/view/149921-exam-mb-330-topic-2-question-62-discussion/ Same question found !!!
Recent discussion post : 2024-12-13 09:39:00 ==> 2025-03-01 10:00:00
Exam AZ-900 topic 1	71	53847	2025-03-01 11:17:00	/discussions/microsoft/view/53847-exam-az-900-topic-1-question-71-discussion/ Same question found !!!
Recent discussion post : 2024-11-26 05:38:00 ==> 2025-03-01 11:17:00
Exam AZ-900 topic 1	73	53938	2025-03-01 11:20:00	/discussions/microsoft/view/53938-exam-az-900-topic-1-question-73-discussion/ Same question found !!!
Recent discussion post : 2024-10-17 22:58:00 ==> 2025-03-01 11:20:00
Exam AZ-900 topic 1	74	61114	2025-03-01 11:21:00	/discussions/microsoft/view/61114-exam-az-900-topic-1-question-74-discussion/ Same question found !!!
Recent discussion post : 2024-06-16 17:13:00 ==> 2025-03-01 11:21:00
Exam MB-500 topic 3	34	83169	2025-03-01 11:33:00	/discussions/microsoft/view/83169-exam-mb-500-topic-3-question-34-discussion/ Same question found !!!
Recent discussion post : 2024-07-14 12:05:00 ==> 2025-03-01 11:33:00
Exam AZ-900 topic 1	83	78464	2025-03-01 11:51:00	/discussions/microsoft/view/78464-exam-az-900-topic-1-question-83-discussion/ Same question found !!!
Recent discussion post : 2024-12-29 08:34:00 ==> 2025-03-01 11:51:00
Exam MS-700 topic 2	29	50219	2025-03-01 12:32:00	/discussions/microsoft/view/50219-exam-ms-700-topic-2-question-29-discussion/ Same question found !!!
Recent discussion post : 2025-02-05 08:52:00 ==> 2025-03-01 12:32:00
Write Discuss List 0 / 500
